waktu_lokal,waktu_sistem_detik,pompa_primer_status,pompa_sekunder_status,pompa_tersier_status,suhu_core_celcius,suhu_clad_celcius,suhu_pendingin_primer_celcius,suhu_pendingin_sekunder_celcius,suhu_pendingin_tersier_celcius,daya_termal_kw,posisi_safety_rod,tekanan_pressurizer_bar,status_scram
20:30:20,0.0,0,0,0,50.0,45.0,40.09,30.96,25.21,0.0,0.0,0.04,0
20:30:20,0.1,0,0,0,50.0,45.0,40.1,30.96,25.22,0.0,0.0,0.04,0
20:30:20,0.1,0,0,0,50.0,45.0,40.1,30.96,25.22,0.0,0.0,0.04,0
20:30:20,0.2,0,0,0,50.0,45.0,40.1,30.96,25.22,0.0,0.0,0.04,0
20:30:20,0.2,0,0,0,50.0,45.0,40.1,30.97,25.22,0.0,0.0,0.04,0
20:30:20,0.3,0,0,0,50.0,45.0,40.1,30.97,25.22,0.0,0.0,0.04,0
20:30:20,0.3,0,0,0,50.0,45.0,40.1,30.97,25.22,0.0,0.0,0.05,0
20:30:20,0.4,0,0,0,50.0,45.0,40.1,30.98,25.22,0.0,0.0,0.05,0
20:30:20,0.4,0,0,0,50.0,45.0,40.1,30.98,25.22,0.0,0.0,0.05,0
20:30:20,0.5,0,0,0,50.0,45.0,40.1,30.98,25.22,0.0,0.0,0.05,0
20:30:20,0.6,0,0,0,50.0,45.0,40.1,30.98,25.22,0.0,0.0,0.05,0
20:30:20,0.6,0,0,0,50.0,45.0,40.1,30.99,25.22,0.0,0.0,0.05,0
20:30:21,0.7,0,0,0,50.0,45.0,40.1,30.99,25.22,0.0,0.0,0.05,0
20:30:21,0.7,0,0,0,50.0,45.0,40.1,30.99,25.22,0.0,0.0,0.05,0
20:30:21,0.8,0,0,0,50.0,45.0,40.1,30.99,25.22,0.0,0.0,0.05,0
20:30:21,0.8,0,0,0,50.0,45.0,40.1,31.0,25.23,0.0,0.0,0.05,0
20:30:21,0.9,0,0,0,50.0,45.0,40.1,31.0,25.23,0.0,0.0,0.05,0
20:30:21,0.9,0,0,0,50.0,45.0,40.1,31.0,25.23,0.0,0.0,0.05,0
20:30:21,1.0,0,0,0,50.0,45.0,40.1,31.0,25.23,0.0,0.0,0.05,0
20:30:21,1.0,0,0,0,50.0,45.0,40.1,31.01,25.23,0.0,0.0,0.05,0
20:30:21,1.1,0,0,0,50.0,45.0,40.11,31.01,25.23,0.0,0.0,0.05,0
20:30:21,1.1,0,0,0,50.0,45.0,40.11,31.01,25.23,0.0,0.0,0.05,0
20:30:21,1.2,0,0,0,50.0,45.0,40.11,31.01,25.23,0.0,0.0,0.05,0
20:30:21,1.3,0,0,0,50.0,45.0,40.11,31.02,25.23,0.0,0.0,0.05,0
20:30:21,1.3,0,0,0,50.0,45.0,40.11,31.02,25.23,0.0,0.0,0.05,0
20:30:21,1.4,0,0,0,50.0,45.0,40.11,31.02,25.23,0.0,0.0,0.05,0
20:30:21,1.4,0,0,0,50.0,45.0,40.11,31.03,25.23,0.0,0.0,0.05,0
20:30:21,1.5,0,0,0,50.0,45.0,40.11,31.03,25.23,0.0,0.0,0.05,0
20:30:21,1.5,0,0,0,50.0,45.0,40.11,31.03,25.23,0.0,0.0,0.05,0
20:30:21,1.6,0,0,0,50.0,45.0,40.11,31.03,25.23,0.0,0.0,0.05,0
20:30:22,1.6,0,0,0,50.0,45.0,40.11,31.04,25.24,0.0,0.0,0.05,0
20:30:22,1.7,0,0,0,50.0,45.0,40.11,31.04,25.24,0.0,0.0,0.05,0
20:30:22,1.7,0,0,0,50.0,45.0,40.11,31.04,25.24,0.0,0.0,0.05,0
20:30:22,1.8,0,0,0,50.0,45.0,40.11,31.04,25.24,0.0,0.0,0.05,0
20:30:22,1.9,0,0,0,50.0,45.0,40.11,31.05,25.24,0.0,0.0,0.05,0
20:30:22,1.9,0,0,0,50.0,45.0,40.11,31.05,25.24,0.0,0.0,0.05,0
20:30:22,2.0,0,0,0,50.0,45.0,40.11,31.05,25.24,0.0,0.0,0.05,0
20:30:22,2.0,0,0,0,50.0,45.0,40.11,31.05,25.24,0.0,0.0,0.05,0
20:30:22,2.1,0,0,0,50.0,45.0,40.11,31.06,25.24,0.0,0.0,0.05,0
20:30:22,2.1,0,0,0,50.0,45.0,40.12,31.06,25.24,0.0,0.0,0.05,0
20:30:22,2.2,0,0,0,50.0,45.0,40.12,31.06,25.24,0.0,0.0,0.05,0
20:30:22,2.2,0,0,0,50.0,45.0,40.12,31.07,25.24,0.0,0.0,0.05,0
20:30:22,2.3,0,0,0,50.0,45.0,40.12,31.07,25.24,0.0,0.0,0.05,0
20:30:22,2.3,0,0,0,50.0,45.0,40.12,31.07,25.24,0.0,0.0,0.05,0
20:30:22,2.4,0,0,0,50.0,45.0,40.12,31.07,25.25,0.0,0.0,0.05,0
20:30:22,2.4,0,0,0,50.0,45.0,40.12,31.08,25.25,0.0,0.0,0.05,0
20:30:22,2.5,0,0,0,50.0,45.0,40.12,31.08,25.25,0.0,0.0,0.06,0
20:30:22,2.5,0,0,0,50.0,45.0,40.12,31.08,25.25,0.0,0.0,0.06,0
20:30:22,2.6,0,0,0,50.0,45.0,40.12,31.08,25.25,0.0,0.0,0.06,0
20:30:23,2.6,0,0,0,50.0,45.0,40.12,31.09,25.25,0.0,0.0,0.06,0
20:30:23,2.7,0,0,0,50.0,45.0,40.12,31.09,25.25,0.0,0.0,0.06,0
20:30:23,2.7,0,0,0,50.0,45.0,40.12,31.09,25.25,0.0,0.0,0.06,0
20:30:23,2.8,0,0,0,50.0,45.0,40.12,31.09,25.25,0.0,0.0,0.06,0
20:30:23,2.9,0,0,0,50.0,45.0,40.12,31.1,25.25,0.0,0.0,0.06,0
20:30:23,2.9,0,0,0,50.0,45.0,40.12,31.1,25.25,0.0,0.0,0.06,0
20:30:23,3.0,0,0,0,50.0,45.0,40.12,31.1,25.25,0.0,0.0,0.06,0
20:30:23,3.0,0,0,0,50.0,45.0,40.12,31.1,25.25,0.0,0.0,0.06,0
20:30:23,3.1,0,0,0,50.0,45.0,40.13,31.11,25.25,0.0,0.0,0.06,0
20:30:23,3.1,0,0,0,50.0,45.0,40.13,31.11,25.26,0.0,0.0,0.06,0
20:30:23,3.2,0,0,0,50.0,45.0,40.13,31.11,25.26,0.0,0.0,0.06,0
20:30:23,3.2,0,0,0,50.0,45.0,40.13,31.11,25.26,0.0,0.0,0.06,0
20:30:23,3.3,0,0,0,50.0,45.0,40.13,31.12,25.26,0.0,0.0,0.06,0
20:30:23,3.3,0,0,0,50.0,45.0,40.13,31.12,25.26,0.0,0.0,0.06,0
20:30:23,3.4,0,0,0,50.0,45.0,40.13,31.12,25.26,0.0,0.0,0.06,0
20:30:23,3.5,0,0,0,50.0,45.0,40.13,31.12,25.26,0.0,0.0,0.06,0
20:30:23,3.5,0,0,0,50.0,45.0,40.13,31.13,25.26,0.0,0.0,0.06,0
20:30:23,3.6,0,0,0,50.0,45.0,40.13,31.13,25.26,0.0,0.0,0.06,0
20:30:23,3.6,0,0,0,50.0,45.0,40.13,31.13,25.26,0.0,0.0,0.06,0
20:30:24,3.7,0,0,0,50.0,45.0,40.13,31.13,25.26,0.0,0.0,0.06,0
20:30:24,3.7,0,0,0,50.0,45.0,40.13,31.14,25.26,0.0,0.0,0.06,0
20:30:24,3.8,0,0,0,50.0,45.0,40.13,31.14,25.26,0.0,0.0,0.06,0
20:30:24,3.8,0,0,0,50.0,45.0,40.13,31.14,25.26,0.0,0.0,0.06,0
20:30:24,3.9,0,0,0,50.0,45.0,40.13,31.14,25.26,0.0,0.0,0.06,0
20:30:24,3.9,0,0,0,50.0,45.0,40.13,31.15,25.27,0.0,0.0,0.06,0
20:30:24,4.0,0,0,0,50.0,45.0,40.13,31.15,25.27,0.0,0.0,0.06,0
20:30:24,4.0,0,0,0,50.0,45.0,40.14,31.15,25.27,0.0,0.0,0.06,0
20:30:24,4.1,0,0,0,50.0,45.0,40.14,31.15,25.27,0.0,0.0,0.06,0
20:30:24,4.1,0,0,0,50.0,45.0,40.14,31.16,25.27,0.0,0.0,0.06,0
20:30:24,4.2,0,0,0,50.0,45.0,40.14,31.16,25.27,0.0,0.0,0.06,0
20:30:24,4.2,0,0,0,50.0,45.0,40.14,31.16,25.27,0.0,0.0,0.06,0
20:30:24,4.3,0,0,0,50.0,45.0,40.14,31.16,25.27,0.0,0.0,0.06,0
20:30:24,4.4,0,0,0,50.0,45.0,40.14,31.17,25.27,0.0,0.0,0.06,0
20:30:24,4.4,0,0,0,50.0,45.0,40.14,31.17,25.27,0.0,0.0,0.06,0
20:30:24,4.5,0,0,0,50.0,45.0,40.14,31.17,25.27,0.0,0.0,0.06,0
20:30:24,4.5,0,0,0,50.0,45.0,40.14,31.17,25.27,0.0,0.0,0.07,0
20:30:24,4.6,0,0,0,50.0,45.0,40.14,31.18,25.27,0.0,0.0,0.07,0
20:30:24,4.6,0,0,0,50.0,45.0,40.14,31.18,25.27,0.0,0.0,0.07,0
20:30:25,4.7,0,0,0,50.0,45.0,40.14,31.18,25.28,0.0,0.0,0.07,0
20:30:25,4.7,0,0,0,50.0,45.0,40.14,31.18,25.28,0.0,0.0,0.07,0
20:30:25,4.8,0,0,0,50.0,45.0,40.14,31.19,25.28,0.0,0.0,0.07,0
20:30:25,4.8,0,0,0,50.0,45.0,40.14,31.19,25.28,0.0,0.0,0.07,0
20:30:25,4.9,0,0,0,50.0,45.0,40.14,31.19,25.28,0.0,0.0,0.07,0
20:30:25,4.9,0,0,0,50.0,45.0,40.15,31.19,25.28,0.0,0.0,0.07,0
20:30:25,5.0,0,0,0,50.0,45.0,40.15,31.2,25.28,0.0,0.0,0.07,0
20:30:25,5.1,0,0,0,50.0,45.0,40.15,31.2,25.28,0.0,0.0,0.07,0
20:30:25,5.1,0,0,0,50.0,45.0,40.15,31.2,25.28,0.0,0.0,0.07,0
20:30:25,5.2,0,0,0,50.0,45.0,40.15,31.2,25.28,0.0,0.0,0.07,0
20:30:25,5.2,0,0,0,50.0,45.0,40.15,31.21,25.28,0.0,0.0,0.07,0
20:30:25,5.3,0,0,0,50.0,45.0,40.15,31.21,25.28,0.0,0.0,0.07,0
20:30:25,5.3,0,0,0,50.0,45.0,40.15,31.21,25.28,0.0,0.0,0.07,0
20:30:25,5.4,0,0,0,50.0,45.0,40.15,31.21,25.28,0.0,0.0,0.07,0
20:30:25,5.4,0,0,0,50.0,45.0,40.15,31.22,25.29,0.0,0.0,0.07,0
20:30:25,5.5,0,0,0,50.0,45.0,40.15,31.22,25.29,0.0,0.0,0.07,0
20:30:25,5.5,0,0,0,50.0,45.0,40.15,31.22,25.29,0.0,0.0,0.07,0
20:30:25,5.6,0,0,0,50.0,45.0,40.15,31.22,25.29,0.0,0.0,0.07,0
20:30:26,5.6,0,0,0,50.0,45.0,40.15,31.23,25.29,0.0,0.0,0.07,0
20:30:26,5.7,0,0,0,50.0,45.0,40.15,31.23,25.29,0.0,0.0,0.07,0
20:30:26,5.8,0,0,0,50.0,45.0,40.15,31.23,25.29,0.0,0.0,0.07,0
20:30:26,5.8,0,0,0,50.0,45.0,40.15,31.23,25.29,0.0,0.0,0.07,0
20:30:26,5.9,0,0,0,50.0,45.0,40.16,31.24,25.29,0.0,0.0,0.07,0
20:30:26,5.9,0,0,0,50.0,45.0,40.16,31.24,25.29,0.0,0.0,0.07,0
20:30:26,6.0,0,0,0,50.0,45.0,40.16,31.24,25.29,0.0,0.0,0.07,0
20:30:26,6.0,0,0,0,50.0,45.0,40.16,31.24,25.29,0.0,0.0,0.07,0
20:30:26,6.1,0,0,0,50.0,45.0,40.16,31.25,25.29,0.0,0.0,0.07,0
20:30:26,6.1,0,0,0,50.0,45.0,40.16,31.25,25.29,0.0,0.0,0.07,0
20:30:26,6.2,0,0,0,50.0,45.0,40.16,31.25,25.29,0.0,0.0,0.07,0
20:30:26,6.2,0,0,0,50.0,45.0,40.16,31.25,25.3,0.0,0.0,0.07,0
20:30:26,6.3,0,0,0,50.0,45.0,40.16,31.26,25.3,0.0,0.0,0.07,0
20:30:26,6.3,0,0,0,50.0,45.0,40.16,31.26,25.3,0.0,0.0,0.07,0
20:30:26,6.4,0,0,0,50.0,45.0,40.16,31.26,25.3,0.0,0.0,0.07,0
20:30:26,6.5,0,0,0,50.0,45.0,40.16,31.26,25.3,0.0,0.0,0.07,0
20:30:26,6.5,0,0,0,50.0,45.0,40.16,31.27,25.3,0.0,0.0,0.08,0
20:30:26,6.6,0,0,0,50.0,45.0,40.16,31.27,25.3,0.0,0.0,0.08,0
20:30:26,6.6,0,0,0,50.0,45.0,40.16,31.27,25.3,0.0,0.0,0.08,0
20:30:27,6.7,0,0,0,50.0,45.0,40.16,31.27,25.3,0.0,0.0,0.08,0
20:30:27,6.7,0,0,0,50.0,45.0,40.16,31.28,25.3,0.0,0.0,0.08,0
20:30:27,6.8,0,0,0,50.0,45.0,40.17,31.28,25.3,0.0,0.0,0.08,0
20:30:27,6.8,0,0,0,50.0,45.0,40.17,31.28,25.3,0.0,0.0,0.08,0
20:30:27,6.9,0,0,0,50.0,45.0,40.17,31.28,25.3,0.0,0.0,0.08,0
20:30:27,6.9,0,0,0,50.0,45.0,40.17,31.29,25.3,0.0,0.0,0.08,0
20:30:27,7.0,0,0,0,50.0,45.0,40.17,31.29,25.31,0.0,0.0,0.08,0
20:30:27,7.0,0,0,0,50.0,45.0,40.17,31.29,25.31,0.0,0.0,0.08,0
20:30:27,7.1,0,0,0,50.0,45.0,40.17,31.29,25.31,0.0,0.0,0.08,0
20:30:27,7.1,0,0,0,50.0,45.0,40.17,31.3,25.31,0.0,0.0,0.08,0
20:30:27,7.2,0,0,0,50.0,45.0,40.17,31.3,25.31,0.0,0.0,0.08,0
20:30:27,7.3,0,0,0,50.0,45.0,40.17,31.3,25.31,0.0,0.0,0.08,0
20:30:27,7.3,0,0,0,50.0,45.0,40.17,31.3,25.31,0.0,0.0,0.08,0
20:30:27,7.4,0,0,0,50.0,45.0,40.17,31.31,25.31,0.0,0.0,0.08,0
20:30:27,7.4,0,0,0,50.0,45.0,40.17,31.31,25.31,0.0,0.0,0.08,0
20:30:27,7.5,0,0,0,50.0,45.0,40.17,31.31,25.31,0.0,0.0,0.08,0
20:30:27,7.5,0,0,0,50.0,45.0,40.17,31.31,25.31,0.0,0.0,0.08,0
20:30:27,7.6,0,0,0,50.0,45.0,40.17,31.32,25.31,0.0,0.0,0.08,0
20:30:28,7.6,0,0,0,50.0,45.0,40.17,31.32,25.31,0.0,0.0,0.08,0
20:30:28,7.7,0,0,0,50.0,45.0,40.18,31.32,25.31,0.0,0.0,0.08,0
20:30:28,7.7,0,0,0,50.0,45.0,40.18,31.32,25.32,0.0,0.0,0.08,0
20:30:28,7.8,0,0,0,50.0,45.0,40.18,31.33,25.32,0.0,0.0,0.08,0
20:30:28,7.8,0,0,0,50.0,45.0,40.18,31.33,25.32,0.0,0.0,0.08,0
20:30:28,7.9,0,0,0,50.0,45.0,40.18,31.33,25.32,0.0,0.0,0.08,0
20:30:28,7.9,0,0,0,50.0,45.0,40.18,31.33,25.32,0.0,0.0,0.08,0
20:30:28,8.0,0,0,0,50.0,45.0,40.18,31.33,25.32,0.0,0.0,0.08,0
20:30:28,8.1,0,0,0,50.0,45.0,40.18,31.34,25.32,0.0,0.0,0.08,0
20:30:28,8.1,0,0,0,50.0,45.0,40.18,31.34,25.32,0.0,0.0,0.08,0
20:30:28,8.2,0,0,0,50.0,45.0,40.18,31.34,25.32,0.0,0.0,0.08,0
20:30:28,8.2,0,0,0,50.0,45.0,40.18,31.34,25.32,0.0,0.0,0.08,0
20:30:28,8.3,0,0,0,50.0,45.0,40.18,31.35,25.32,0.0,0.0,0.08,0
20:30:28,8.3,0,0,0,50.0,45.0,40.18,31.35,25.32,0.0,0.0,0.08,0
20:30:28,8.4,0,0,0,50.0,45.0,40.18,31.35,25.32,0.0,0.0,0.09,0
20:30:28,8.4,0,0,0,50.0,45.0,40.18,31.35,25.32,0.0,0.0,0.09,0
20:30:28,8.5,0,0,0,50.0,45.0,40.18,31.36,25.33,0.0,0.0,0.09,0
20:30:28,8.5,0,0,0,50.0,45.0,40.19,31.36,25.33,0.0,0.0,0.09,0
20:30:28,8.6,0,0,0,50.0,45.0,40.19,31.36,25.33,0.0,0.0,0.09,0
20:30:29,8.6,0,0,0,50.0,45.0,40.19,31.36,25.33,0.0,0.0,0.09,0
20:30:29,8.7,0,0,0,50.0,45.0,40.19,31.37,25.33,0.0,0.0,0.09,0
20:30:29,8.8,0,0,0,50.0,45.0,40.19,31.37,25.33,0.0,0.0,0.09,0
20:30:29,8.8,0,0,0,50.0,45.0,40.19,31.37,25.33,0.0,0.0,0.09,0
20:30:29,8.9,0,0,0,50.0,45.0,40.19,31.37,25.33,0.0,0.0,0.09,0
20:30:29,8.9,0,0,0,50.0,45.0,40.19,31.38,25.33,0.0,0.0,0.09,0
20:30:29,9.0,0,0,0,50.0,45.0,40.19,31.38,25.33,0.0,0.0,0.09,0
20:30:29,9.0,0,0,0,50.0,45.0,40.19,31.38,25.33,0.0,0.0,0.09,0
20:30:29,9.1,0,0,0,50.0,45.0,40.19,31.38,25.33,0.0,0.0,0.09,0
20:30:29,9.1,0,0,0,50.0,45.0,40.19,31.38,25.33,0.0,0.0,0.09,0
20:30:29,9.2,0,0,0,50.0,45.0,40.19,31.39,25.33,0.0,0.0,0.09,0
20:30:29,9.2,0,0,0,50.0,45.0,40.19,31.39,25.34,0.0,0.0,0.09,0
20:30:29,9.3,0,0,0,50.0,45.0,40.19,31.39,25.34,0.0,0.0,0.09,0
20:30:29,9.4,0,0,0,50.0,45.0,40.19,31.39,25.34,0.0,0.0,0.09,0
20:30:29,9.4,0,0,0,50.0,45.0,40.2,31.4,25.34,0.0,0.0,0.09,0
20:30:29,9.5,0,0,0,50.0,45.0,40.2,31.4,25.34,0.0,0.0,0.09,0
20:30:29,9.5,0,0,0,50.0,45.0,40.2,31.4,25.34,0.0,0.0,0.09,0
20:30:29,9.6,0,0,0,50.0,45.0,40.2,31.4,25.34,0.0,0.0,0.09,0
20:30:30,9.6,0,0,0,50.0,45.0,40.2,31.41,25.34,0.0,0.0,0.09,0
20:30:30,9.7,0,0,0,50.0,45.0,40.2,31.41,25.34,0.0,0.0,0.09,0
20:30:30,9.8,0,0,0,50.0,45.0,40.2,31.41,25.34,0.0,0.0,0.09,0
20:30:30,9.8,0,0,0,50.0,45.0,40.2,31.41,25.34,0.0,0.0,0.09,0
20:30:30,9.9,0,0,0,50.0,45.0,40.2,31.42,25.34,0.0,0.0,0.09,0
20:30:30,9.9,0,0,0,50.0,45.0,40.2,31.42,25.34,0.0,0.0,0.09,0
20:30:30,10.0,0,0,0,50.0,45.0,40.2,31.42,25.34,0.0,0.0,0.09,0
20:30:30,10.0,0,0,0,50.0,45.0,40.2,31.42,25.35,0.0,0.0,0.09,0
20:30:30,10.1,0,0,0,50.0,45.0,40.2,31.43,25.35,0.0,0.0,0.09,0
20:30:30,10.2,0,0,0,50.0,45.0,40.2,31.43,25.35,0.0,0.0,0.09,0
20:30:30,10.2,0,0,0,50.0,45.0,40.2,31.43,25.35,0.0,0.0,0.09,0
20:30:30,10.3,0,0,0,50.0,45.0,40.21,31.43,25.35,0.0,0.0,0.09,0
20:30:30,10.3,0,0,0,50.0,45.0,40.21,31.44,25.35,0.0,0.0,0.1,0
20:30:30,10.4,0,0,0,50.0,45.0,40.21,31.44,25.35,0.0,0.0,0.1,0
20:30:30,10.4,0,0,0,50.0,45.0,40.21,31.44,25.35,0.0,0.0,0.1,0
20:30:30,10.5,0,0,0,50.0,45.0,40.21,31.44,25.35,0.0,0.0,0.1,0
20:30:30,10.5,0,0,0,50.0,45.0,40.21,31.45,25.35,0.0,0.0,0.1,0
20:30:30,10.6,0,0,0,50.0,45.0,40.21,31.45,25.35,0.0,0.0,0.1,0
20:30:31,10.6,0,0,0,50.0,45.0,40.21,31.45,25.35,0.0,0.0,0.1,0
20:30:31,10.7,0,0,0,50.0,45.0,40.21,31.45,25.35,0.0,0.0,0.1,0
20:30:31,10.8,0,0,0,50.0,45.0,40.21,31.46,25.35,0.0,0.0,0.1,0
20:30:31,10.8,0,0,0,50.0,45.0,40.21,31.46,25.36,0.0,0.0,0.1,0
20:30:31,10.9,0,0,0,50.0,45.0,40.21,31.46,25.36,0.0,0.0,0.1,0
20:30:31,10.9,0,0,0,50.0,45.0,40.21,31.46,25.36,0.0,0.0,0.1,0
20:30:31,11.0,0,0,0,50.0,45.0,40.21,31.46,25.36,0.0,0.0,0.1,0
20:30:31,11.0,0,0,0,50.0,45.0,40.21,31.47,25.36,0.0,0.0,0.1,0
20:30:31,11.1,0,0,0,50.0,45.0,40.22,31.47,25.36,0.0,0.0,0.1,0
20:30:31,11.2,0,0,0,50.0,45.0,40.22,31.47,25.36,0.0,0.0,0.1,0
20:30:31,11.2,0,0,0,50.0,45.0,40.22,31.48,25.36,0.0,0.0,0.1,0
20:30:31,11.3,0,0,0,50.0,45.0,40.22,31.48,25.36,0.0,0.0,0.1,0
20:30:31,11.3,0,0,0,50.0,45.0,40.22,31.48,25.36,0.0,0.0,0.1,0
20:30:31,11.4,0,0,0,50.0,45.0,40.22,31.48,25.36,0.0,0.0,0.1,0
20:30:31,11.4,0,0,0,50.0,45.0,40.22,31.48,25.36,0.0,0.0,0.1,0
20:30:31,11.5,0,0,0,50.0,45.0,40.22,31.49,25.36,0.0,0.0,0.1,0
20:30:31,11.5,0,0,0,50.0,45.0,40.22,31.49,25.36,0.0,0.0,0.1,0
20:30:31,11.6,0,0,0,50.0,45.0,40.22,31.49,25.37,0.0,0.0,0.1,0
20:30:32,11.7,0,0,0,50.0,45.0,40.22,31.49,25.37,0.0,0.0,0.1,0
20:30:32,11.7,0,0,0,50.0,45.0,40.22,31.5,25.37,0.0,0.0,0.1,0
20:30:32,11.8,0,0,0,50.0,45.0,40.22,31.5,25.37,0.0,0.0,0.1,0
20:30:32,11.8,0,0,0,50.0,45.0,40.22,31.5,25.37,0.0,0.0,0.1,0
20:30:32,11.9,0,0,0,50.0,45.0,40.22,31.5,25.37,0.0,0.0,0.1,0
20:30:32,11.9,0,0,0,50.0,45.0,40.22,31.51,25.37,0.0,0.0,0.1,0
20:30:32,12.0,0,0,0,50.0,45.0,40.23,31.51,25.37,0.0,0.0,0.1,0
20:30:32,12.0,0,0,0,50.0,45.0,40.23,31.51,25.37,0.0,0.0,0.1,0
20:30:32,12.1,0,0,0,50.0,45.0,40.23,31.51,25.37,0.0,0.0,0.1,0
20:30:32,12.1,0,0,0,50.0,45.0,40.23,31.52,25.37,0.0,0.0,0.1,0
20:30:32,12.2,0,0,0,50.0,45.0,40.23,31.52,25.37,0.0,0.0,0.11,0
20:30:32,12.3,0,0,0,50.0,45.0,40.23,31.52,25.37,0.0,0.0,0.11,0
20:30:32,12.3,0,0,0,50.0,45.0,40.23,31.52,25.38,0.0,0.0,0.11,0
20:30:32,12.4,0,0,0,50.0,45.0,40.23,31.52,25.38,0.0,0.0,0.11,0
20:30:32,12.4,0,0,0,50.0,45.0,40.23,31.53,25.38,0.0,0.0,0.11,0
20:30:32,12.5,0,0,0,50.0,45.0,40.23,31.53,25.38,0.0,0.0,0.11,0
20:30:32,12.6,0,0,0,50.0,45.0,40.23,31.53,25.38,0.0,0.0,0.11,0
20:30:32,12.6,0,0,0,50.0,45.0,40.23,31.53,25.38,0.0,0.0,0.11,0
20:30:33,12.7,0,0,0,50.0,45.0,40.23,31.54,25.38,0.0,0.0,0.11,0
20:30:33,12.7,0,0,0,50.0,45.0,40.23,31.54,25.38,0.0,0.0,0.11,0
20:30:33,12.8,0,0,0,50.0,45.0,40.23,31.54,25.38,0.0,0.0,0.11,0
20:30:33,12.8,0,0,0,50.0,45.0,40.24,31.54,25.38,0.0,0.0,0.11,0
20:30:33,12.9,0,0,0,50.0,45.0,40.24,31.55,25.38,0.0,0.0,0.11,0
20:30:33,13.0,0,0,0,50.0,45.0,40.24,31.55,25.38,0.0,0.0,0.11,0
20:30:33,13.0,0,0,0,50.0,45.0,40.24,31.55,25.38,0.0,0.0,0.11,0
20:30:33,13.1,0,0,0,50.0,45.0,40.24,31.55,25.38,0.0,0.0,0.11,0
20:30:33,13.1,0,0,0,50.0,45.0,40.24,31.56,25.39,0.0,0.0,0.11,0
20:30:33,13.2,0,0,0,50.0,45.0,40.24,31.56,25.39,0.0,0.0,0.11,0
20:30:33,13.2,0,0,0,50.0,45.0,40.24,31.56,25.39,0.0,0.0,0.11,0
20:30:33,13.3,0,0,0,50.0,45.0,40.24,31.56,25.39,0.0,0.0,0.11,0
20:30:33,13.3,0,0,0,50.0,45.0,40.24,31.56,25.39,0.0,0.0,0.11,0
20:30:33,13.4,0,0,0,50.0,45.0,40.24,31.57,25.39,0.0,0.0,0.11,0
20:30:33,13.5,0,0,0,50.0,45.0,40.24,31.57,25.39,0.0,0.0,0.11,0
20:30:33,13.5,0,0,0,50.0,45.0,40.24,31.57,25.39,0.0,0.0,0.11,0
20:30:33,13.6,0,0,0,50.0,45.0,40.24,31.57,25.39,0.0,0.0,0.11,0
20:30:33,13.6,0,0,0,50.0,45.0,40.25,31.58,25.39,0.0,0.0,0.11,0
20:30:34,13.7,0,0,0,50.0,45.0,40.25,31.58,25.39,0.0,0.0,0.11,0
20:30:34,13.7,0,0,0,50.0,45.0,40.25,31.58,25.39,0.0,0.0,0.11,0
20:30:34,13.8,0,0,0,50.0,45.0,40.25,31.58,25.39,0.0,0.0,0.11,0
20:30:34,13.8,0,0,0,50.0,45.0,40.25,31.59,25.39,0.0,0.0,0.11,0
20:30:34,13.9,0,0,0,50.0,45.0,40.25,31.59,25.4,0.0,0.0,0.11,0
20:30:34,13.9,0,0,0,50.0,45.0,40.25,31.59,25.4,0.0,0.0,0.11,0
20:30:34,14.0,0,0,0,50.0,45.0,40.25,31.59,25.4,0.0,0.0,0.11,0
20:30:34,14.1,0,0,0,50.0,45.0,40.25,31.59,25.4,0.0,0.0,0.12,0
20:30:34,14.1,0,0,0,50.0,45.0,40.25,31.6,25.4,0.0,0.0,0.12,0
20:30:34,14.2,0,0,0,50.0,45.0,40.25,31.6,25.4,0.0,0.0,0.12,0
20:30:34,14.2,0,0,0,50.0,45.0,40.25,31.6,25.4,0.0,0.0,0.12,0
20:30:34,14.3,0,0,0,50.0,45.0,40.25,31.6,25.4,0.0,0.0,0.12,0
20:30:34,14.3,0,0,0,50.0,45.0,40.25,31.61,25.4,0.0,0.0,0.12,0
20:30:34,14.4,0,0,0,50.0,45.0,40.25,31.61,25.4,0.0,0.0,0.12,0
20:30:34,14.5,0,0,0,50.0,45.0,40.26,31.61,25.4,0.0,0.0,0.12,0
20:30:34,14.5,0,0,0,50.0,45.0,40.26,31.61,25.4,0.0,0.0,0.12,0
20:30:34,14.6,0,0,0,50.0,45.0,40.26,31.62,25.4,0.0,0.0,0.12,0
20:30:34,14.6,0,0,0,50.0,45.0,40.26,31.62,25.4,0.0,0.0,0.12,0
20:30:35,14.7,0,0,0,50.0,45.0,40.26,31.62,25.41,0.0,0.0,0.12,0
20:30:35,14.7,0,0,0,50.0,45.0,40.26,31.62,25.41,0.0,0.0,0.12,0
20:30:35,14.8,0,0,0,50.0,45.0,40.26,31.62,25.41,0.0,0.0,0.12,0
20:30:35,14.8,0,0,0,50.0,45.0,40.26,31.63,25.41,0.0,0.0,0.12,0
20:30:35,14.9,0,0,0,50.0,45.0,40.26,31.63,25.41,0.0,0.0,0.12,0
20:30:35,14.9,0,0,0,50.0,45.0,40.26,31.63,25.41,0.0,0.0,0.12,0
20:30:35,15.0,0,0,0,50.0,45.0,40.26,31.63,25.41,0.0,0.0,0.12,0
20:30:35,15.1,0,0,0,50.0,45.0,40.26,31.64,25.41,0.0,0.0,0.12,0
20:30:35,15.1,0,0,0,50.0,45.0,40.26,31.64,25.41,0.0,0.0,0.12,0
20:30:35,15.2,0,0,0,50.0,45.0,40.26,31.64,25.41,0.0,0.0,0.12,0
20:30:35,15.2,0,0,0,50.0,45.0,40.26,31.64,25.41,0.0,0.0,0.12,0
20:30:35,15.3,0,0,0,50.0,45.0,40.27,31.64,25.41,0.0,0.0,0.12,0
20:30:35,15.3,0,0,0,50.0,45.0,40.27,31.65,25.41,0.0,0.0,0.12,0
20:30:35,15.4,0,0,0,50.0,45.0,40.27,31.65,25.41,0.0,0.0,0.12,0
20:30:35,15.4,0,0,0,50.0,45.0,40.27,31.65,25.42,0.0,0.0,0.12,0
20:30:35,15.5,0,0,0,50.0,45.0,40.27,31.65,25.42,0.0,0.0,0.12,0
20:30:35,15.6,0,0,0,50.0,45.0,40.27,31.66,25.42,0.0,0.0,0.12,0
20:30:35,15.6,0,0,0,50.0,45.0,40.27,31.66,25.42,0.0,0.0,0.12,0
20:30:36,15.7,0,0,0,50.0,45.0,40.27,31.66,25.42,0.0,0.0,0.12,0
20:30:36,15.7,0,0,0,50.0,45.0,40.27,31.66,25.42,0.0,0.0,0.12,0
20:30:36,15.8,0,0,0,50.0,45.0,40.27,31.66,25.42,0.0,0.0,0.12,0
20:30:36,15.8,0,0,0,50.0,45.0,40.27,31.67,25.42,0.0,0.0,0.12,0
20:30:36,15.9,0,0,0,50.0,45.0,40.27,31.67,25.42,0.0,0.0,0.13,0
20:30:36,15.9,0,0,0,50.0,45.0,40.27,31.67,25.42,0.0,0.0,0.13,0
20:30:36,16.0,0,0,0,50.0,45.0,40.27,31.67,25.42,0.0,0.0,0.13,0
20:30:36,16.0,0,0,0,50.0,45.0,40.27,31.68,25.42,0.0,0.0,0.13,0
20:30:36,16.1,0,0,0,50.0,45.0,40.28,31.68,25.42,0.0,0.0,0.13,0
20:30:36,16.2,0,0,0,50.0,45.0,40.28,31.68,25.42,0.0,0.0,0.13,0
20:30:36,16.2,0,0,0,50.0,45.0,40.28,31.68,25.43,0.0,0.0,0.13,0
20:30:36,16.3,0,0,0,50.0,45.0,40.28,31.68,25.43,0.0,0.0,0.13,0
20:30:36,16.3,0,0,0,50.0,45.0,40.28,31.69,25.43,0.0,0.0,0.13,0
20:30:36,16.4,0,0,0,50.0,45.0,40.28,31.69,25.43,0.0,0.0,0.13,0
20:30:36,16.4,0,0,0,50.0,45.0,40.28,31.69,25.43,0.0,0.0,0.13,0
20:30:36,16.5,0,0,0,50.0,45.0,40.28,31.69,25.43,0.0,0.0,0.13,0
20:30:36,16.5,0,0,0,50.0,45.0,40.28,31.7,25.43,0.0,0.0,0.13,0
20:30:36,16.6,0,0,0,50.0,45.0,40.28,31.7,25.43,0.0,0.0,0.13,0
20:30:37,16.6,0,0,0,50.0,45.0,40.28,31.7,25.43,0.0,0.0,0.13,0
20:30:37,16.7,0,0,0,50.0,45.0,40.28,31.7,25.43,0.0,0.0,0.13,0
20:30:37,16.8,0,0,0,50.0,45.0,40.28,31.7,25.43,0.0,0.0,0.13,0
20:30:37,16.8,0,0,0,50.0,45.0,40.28,31.71,25.43,0.0,0.0,0.13,0
20:30:37,16.9,0,0,0,50.0,45.0,40.28,31.71,25.43,0.0,0.0,0.13,0
20:30:37,16.9,0,0,0,50.0,45.0,40.29,31.71,25.43,0.0,0.0,0.13,0
20:30:37,17.0,0,0,0,50.0,45.0,40.29,31.71,25.44,0.0,0.0,0.13,0
20:30:37,17.0,0,0,0,50.0,45.0,40.29,31.71,25.44,0.0,0.0,0.13,0
20:30:37,17.1,0,0,0,50.0,45.0,40.29,31.72,25.44,0.0,0.0,0.13,0
20:30:37,17.1,0,0,0,50.0,45.0,40.29,31.72,25.44,0.0,0.0,0.13,0
20:30:37,17.2,0,0,0,50.0,45.0,40.29,31.72,25.44,0.0,0.0,0.13,0
20:30:37,17.2,0,0,0,50.0,45.0,40.29,31.72,25.44,0.0,0.0,0.13,0
20:30:37,17.3,0,0,0,50.0,45.0,40.29,31.73,25.44,0.0,0.0,0.13,0
20:30:37,17.4,0,0,0,50.0,45.0,40.29,31.73,25.44,0.0,0.0,0.13,0
20:30:37,17.4,0,0,0,50.0,45.0,40.29,31.73,25.44,0.0,0.0,0.13,0
20:30:37,17.5,0,0,0,50.0,45.0,40.29,31.73,25.44,0.0,0.0,0.13,0
20:30:37,17.5,0,0,0,50.0,45.0,40.29,31.73,25.44,0.0,0.0,0.13,0
20:30:37,17.6,0,0,0,50.0,45.0,40.29,31.74,25.44,0.0,0.0,0.13,0
20:30:38,17.6,0,0,0,50.0,45.0,40.29,31.74,25.44,0.0,0.0,0.13,0
20:30:38,17.7,0,0,0,50.0,45.0,40.29,31.74,25.44,0.0,0.0,0.14,0
20:30:38,17.7,0,0,0,50.0,45.0,40.3,31.74,25.45,0.0,0.0,0.14,0
20:30:38,17.8,0,0,0,50.0,45.0,40.3,31.74,25.45,0.0,0.0,0.14,0
20:30:38,17.8,0,0,0,50.0,45.0,40.3,31.75,25.45,0.0,0.0,0.14,0
20:30:38,17.9,0,0,0,50.0,45.0,40.3,31.75,25.45,0.0,0.0,0.14,0
20:30:38,17.9,0,0,0,50.0,45.0,40.3,31.75,25.45,0.0,0.0,0.14,0
20:30:38,18.0,0,0,0,50.0,45.0,40.3,31.75,25.45,0.0,0.0,0.14,0
20:30:38,18.1,0,0,0,50.0,45.0,40.3,31.76,25.45,0.0,0.0,0.14,0
20:30:38,18.1,0,0,0,50.0,45.0,40.3,31.76,25.45,0.0,0.0,0.14,0
20:30:38,18.2,0,0,1,50.0,45.0,40.3,31.76,25.45,0.0,0.0,0.14,0
20:30:38,18.2,0,0,1,50.0,45.0,40.3,31.76,25.45,0.0,0.0,0.14,0
20:30:38,18.3,0,0,1,50.0,45.0,40.3,31.76,25.45,0.0,0.0,0.14,0
20:30:38,18.3,0,0,1,50.0,45.0,40.3,31.77,25.45,0.0,0.0,0.14,0
20:30:38,18.4,0,0,1,50.0,45.0,40.3,31.77,25.45,0.0,0.0,0.14,0
20:30:38,18.5,0,0,1,50.0,45.0,40.3,31.77,25.45,0.0,0.0,0.14,0
20:30:38,18.5,0,0,1,50.0,45.0,40.3,31.77,25.46,0.0,0.0,0.14,0
20:30:38,18.6,0,0,1,50.0,45.0,40.31,31.77,25.46,0.0,0.0,0.14,0
20:30:39,18.6,0,0,1,50.0,45.0,40.31,31.78,25.46,0.0,0.0,0.14,0
20:30:39,18.7,0,0,1,50.0,45.0,40.31,31.78,25.46,0.0,0.0,0.14,0
20:30:39,18.7,0,0,1,50.0,45.0,40.31,31.78,25.46,0.0,0.0,0.14,0
20:30:39,18.8,0,0,1,50.0,45.0,40.31,31.78,25.46,0.0,0.0,0.14,0
20:30:39,18.8,0,0,1,50.0,45.0,40.31,31.79,25.46,0.0,0.0,0.14,0
20:30:39,18.9,0,0,1,50.0,45.0,40.31,31.79,25.46,0.0,0.0,0.14,0
20:30:39,19.0,0,0,1,50.0,45.0,40.31,31.79,25.46,0.0,0.0,0.14,0
20:30:39,19.0,0,0,1,50.0,45.0,40.31,31.79,25.46,0.0,0.0,0.14,0
20:30:39,19.1,0,0,1,50.0,45.0,40.31,31.79,25.46,0.0,0.0,0.14,0
20:30:39,19.1,0,0,1,50.0,45.0,40.31,31.8,25.46,0.0,0.0,0.14,0
20:30:39,19.2,0,0,1,50.0,45.0,40.31,31.8,25.46,0.0,0.0,0.14,0
20:30:39,19.2,0,0,1,50.0,45.0,40.31,31.8,25.46,0.0,0.0,0.14,0
20:30:39,19.3,0,0,1,50.0,45.0,40.31,31.8,25.47,0.0,0.0,0.14,0
20:30:39,19.3,0,0,1,50.0,45.0,40.31,31.8,25.47,0.0,0.0,0.14,0
20:30:39,19.4,0,0,1,50.0,45.0,40.32,31.81,25.47,0.0,0.0,0.14,0
20:30:39,19.5,0,0,1,50.0,45.0,40.32,31.81,25.47,0.0,0.0,0.14,0
20:30:39,19.5,0,0,1,50.0,45.0,40.32,31.81,25.47,0.0,0.0,0.15,0
20:30:39,19.6,0,0,1,50.0,45.0,40.32,31.81,25.47,0.0,0.0,0.15,0
20:30:39,19.6,0,0,1,50.0,45.0,40.32,31.82,25.47,0.0,0.0,0.15,0
20:30:40,19.7,0,0,1,50.0,45.0,40.32,31.82,25.47,0.0,0.0,0.15,0
20:30:40,19.7,0,0,1,50.0,45.0,40.32,31.82,25.47,0.0,0.0,0.15,0
20:30:40,19.8,0,0,1,50.0,45.0,40.32,31.82,25.47,0.0,0.0,0.15,0
20:30:40,19.8,0,0,1,50.0,45.0,40.32,31.82,25.47,0.0,0.0,0.15,0
20:30:40,19.9,0,0,1,50.0,45.0,40.32,31.83,25.47,0.0,0.0,0.15,0
20:30:40,19.9,0,0,1,50.0,45.0,40.32,31.83,25.47,0.0,0.0,0.15,0
20:30:40,20.0,0,0,1,50.0,45.0,40.32,31.83,25.47,0.0,0.0,0.15,0
20:30:40,20.1,0,0,1,50.0,45.0,40.32,31.83,25.48,0.0,0.0,0.15,0
20:30:40,20.1,0,0,1,50.0,45.0,40.32,31.83,25.48,0.0,0.0,0.15,0
20:30:40,20.2,0,0,1,50.0,45.0,40.32,31.84,25.48,0.0,0.0,0.15,0
20:30:40,20.2,0,0,1,50.0,45.0,40.33,31.84,25.48,0.0,0.0,0.15,0
20:30:40,20.3,0,0,1,50.0,45.0,40.33,31.84,25.48,0.0,0.0,0.15,0
20:30:40,20.3,0,0,1,50.0,45.0,40.33,31.84,25.48,0.0,0.0,0.15,0
20:30:40,20.4,0,0,1,50.0,45.0,40.33,31.84,25.48,0.0,0.0,0.15,0
20:30:40,20.4,0,0,1,50.0,45.0,40.33,31.85,25.48,0.0,0.0,0.15,0
20:30:40,20.5,0,0,1,50.0,45.0,40.33,31.85,25.48,0.0,0.0,0.15,0
20:30:40,20.6,0,0,1,50.0,45.0,40.33,31.85,25.48,0.0,0.0,0.15,0
20:30:40,20.6,0,0,1,50.0,45.0,40.33,31.85,25.48,0.0,0.0,0.15,0
20:30:41,20.7,0,0,1,50.0,45.0,40.33,31.86,25.48,0.0,0.0,0.15,0
20:30:41,20.7,0,0,1,50.0,45.0,40.33,31.86,25.48,0.0,0.0,0.15,0
20:30:41,20.8,0,0,1,50.0,45.0,40.33,31.86,25.48,0.0,0.0,0.15,0
20:30:41,20.8,0,0,1,50.0,45.0,40.33,31.86,25.49,0.0,0.0,0.15,0
20:30:41,20.9,0,0,1,50.0,45.0,40.33,31.86,25.49,0.0,0.0,0.15,0
20:30:41,20.9,0,0,1,50.0,45.0,40.33,31.87,25.49,0.0,0.0,0.15,0
20:30:41,21.0,0,0,1,50.0,45.0,40.34,31.87,25.49,0.0,0.0,0.15,0
20:30:41,21.0,0,0,1,50.0,45.0,40.34,31.87,25.49,0.0,0.0,0.15,0
20:30:41,21.1,0,0,1,50.0,45.0,40.34,31.87,25.49,0.0,0.0,0.15,0
20:30:41,21.2,0,0,1,50.0,45.0,40.34,31.87,25.49,0.0,0.0,0.15,0
20:30:41,21.2,0,0,1,50.0,45.0,40.34,31.88,25.49,0.0,0.0,0.15,0
20:30:41,21.3,0,0,1,50.0,45.0,40.34,31.88,25.49,0.0,0.0,0.16,0
20:30:41,21.3,0,0,1,50.0,45.0,40.34,31.88,25.49,0.0,0.0,0.16,0
20:30:41,21.4,0,0,1,50.0,45.0,40.34,31.88,25.49,0.0,0.0,0.16,0
20:30:41,21.4,0,0,1,50.0,45.0,40.34,31.88,25.49,0.0,0.0,0.16,0
20:30:41,21.5,0,0,1,50.0,45.0,40.34,31.89,25.49,0.0,0.0,0.16,0
20:30:41,21.6,0,0,1,50.0,45.0,40.34,31.89,25.49,0.0,0.0,0.16,0
20:30:41,21.6,0,0,1,50.0,45.0,40.34,31.89,25.5,0.0,0.0,0.16,0
20:30:42,21.7,0,0,1,50.0,45.0,40.34,31.89,25.5,0.0,0.0,0.16,0
20:30:42,21.7,0,0,1,50.0,45.0,40.34,31.89,25.5,0.0,0.0,0.16,0
20:30:42,21.8,0,0,1,50.0,45.0,40.34,31.9,25.5,0.0,0.0,0.16,0
20:30:42,21.8,0,0,1,50.0,45.0,40.35,31.9,25.5,0.0,0.0,0.16,0
20:30:42,21.9,0,0,1,50.0,45.0,40.35,31.9,25.5,0.0,0.0,0.16,0
20:30:42,21.9,0,0,1,50.0,45.0,40.35,31.9,25.5,0.0,0.0,0.16,0
20:30:42,22.0,0,0,1,50.0,45.0,40.35,31.91,25.5,0.0,0.0,0.16,0
20:30:42,22.1,0,0,1,50.0,45.0,40.35,31.91,25.5,0.0,0.0,0.16,0
20:30:42,22.1,0,0,1,50.0,45.0,40.35,31.91,25.5,0.0,0.0,0.16,0
20:30:42,22.2,0,0,1,50.0,45.0,40.35,31.91,25.5,0.0,0.0,0.16,0
20:30:42,22.2,0,0,1,50.0,45.0,40.35,31.91,25.5,0.0,0.0,0.16,0
20:30:42,22.3,0,0,1,50.0,45.0,40.35,31.92,25.5,0.0,0.0,0.16,0
20:30:42,22.3,0,0,1,50.0,45.0,40.35,31.92,25.5,0.0,0.0,0.16,0
20:30:42,22.4,0,0,1,50.0,45.0,40.35,31.92,25.51,0.0,0.0,0.16,0
20:30:42,22.4,0,0,1,50.0,45.0,40.35,31.92,25.51,0.0,0.0,0.16,0
20:30:42,22.5,0,0,1,50.0,45.0,40.35,31.92,25.51,0.0,0.0,0.16,0
20:30:42,22.5,0,0,1,50.0,45.0,40.35,31.93,25.51,0.0,0.0,0.16,0
20:30:42,22.6,0,0,1,50.0,45.0,40.35,31.93,25.51,0.0,0.0,0.16,0
20:30:43,22.7,0,0,1,50.0,45.0,40.36,31.93,25.51,0.0,0.0,0.16,0
20:30:43,22.7,0,0,1,50.0,45.0,40.36,31.93,25.51,0.0,0.0,0.16,0
20:30:43,22.8,0,0,1,50.0,45.0,40.36,31.93,25.51,0.0,0.0,0.16,0
20:30:43,22.8,0,0,1,50.0,45.0,40.36,31.94,25.51,0.0,0.0,0.16,0
20:30:43,22.9,0,0,1,50.0,45.0,40.36,31.94,25.51,0.0,0.0,0.16,0
20:30:43,22.9,0,0,1,50.0,45.0,40.36,31.94,25.51,0.0,0.0,0.16,0
20:30:43,23.0,0,0,1,50.0,45.0,40.36,31.94,25.51,0.0,0.0,0.16,0
20:30:43,23.0,0,0,1,50.0,45.0,40.36,31.94,25.51,0.0,0.0,0.16,0
20:30:43,23.1,0,0,1,50.0,45.0,40.36,31.95,25.51,0.0,0.0,0.17,0
20:30:43,23.1,0,0,1,50.0,45.0,40.36,31.95,25.52,0.0,0.0,0.17,0
20:30:43,23.2,0,0,1,50.0,45.0,40.36,31.95,25.52,0.0,0.0,0.17,0
20:30:43,23.3,0,0,1,50.0,45.0,40.36,31.95,25.52,0.0,0.0,0.17,0
20:30:43,23.3,0,0,1,50.0,45.0,40.36,31.95,25.52,0.0,0.0,0.17,0
20:30:43,23.4,0,0,1,50.0,45.0,40.36,31.96,25.52,0.0,0.0,0.17,0
20:30:43,23.4,0,0,1,50.0,45.0,40.36,31.96,25.52,0.0,0.0,0.17,0
20:30:43,23.5,0,0,1,50.0,45.0,40.37,31.96,25.52,0.0,0.0,0.17,0
20:30:43,23.5,0,0,1,50.0,45.0,40.37,31.96,25.52,0.0,0.0,0.17,0
20:30:43,23.6,0,0,1,50.0,45.0,40.37,31.96,25.52,0.0,0.0,0.17,0
20:30:44,23.6,0,0,1,50.0,45.0,40.37,31.97,25.52,0.0,0.0,0.17,0
20:30:44,23.7,0,0,1,50.0,45.0,40.37,31.97,25.52,0.0,0.0,0.17,0
20:30:44,23.7,0,0,1,50.0,45.0,40.37,31.97,25.52,0.0,0.0,0.17,0
20:30:44,23.8,0,0,1,50.0,45.0,40.37,31.97,25.52,0.0,0.0,0.17,0
20:30:44,23.9,0,0,1,50.0,45.0,40.37,31.97,25.52,0.0,0.0,0.17,0
20:30:44,23.9,0,0,1,50.0,45.0,40.37,31.98,25.53,0.0,0.0,0.17,0
20:30:44,24.0,0,0,1,50.0,45.0,40.37,31.98,25.53,0.0,0.0,0.17,0
20:30:44,24.0,0,0,1,50.0,45.0,40.37,31.98,25.53,0.0,0.0,0.17,0
20:30:44,24.1,0,0,1,50.0,45.0,40.37,31.98,25.53,0.0,0.0,0.17,0
20:30:44,24.1,0,0,1,50.0,45.0,40.37,31.98,25.53,0.0,0.0,0.17,0
20:30:44,24.2,0,0,1,50.0,45.0,40.37,31.99,25.53,0.0,0.0,0.17,0
20:30:44,24.2,0,0,1,50.0,45.0,40.38,31.99,25.53,0.0,0.0,0.17,0
20:30:44,24.3,0,0,1,50.0,45.0,40.38,31.99,25.53,0.0,0.0,0.17,0
20:30:44,24.4,0,0,1,50.0,45.0,40.38,31.99,25.53,0.0,0.0,0.17,0
20:30:44,24.4,0,0,1,50.0,45.0,40.38,31.99,25.53,0.0,0.0,0.17,0
20:30:44,24.5,0,0,1,50.0,45.0,40.38,32.0,25.53,0.0,0.0,0.17,0
20:30:44,24.5,0,0,1,50.0,45.0,40.38,32.0,25.53,0.0,0.0,0.17,0
20:30:44,24.6,0,0,1,50.0,45.0,40.38,32.0,25.53,0.0,0.0,0.17,0
20:30:45,24.6,0,0,1,50.0,45.0,40.38,32.0,25.53,0.0,0.0,0.17,0
20:30:45,24.7,0,0,1,50.0,45.0,40.38,32.0,25.53,0.0,0.0,0.17,0
20:30:45,24.7,0,0,1,50.0,45.0,40.38,32.01,25.54,0.0,0.0,0.17,0
20:30:45,24.8,0,0,1,50.0,45.0,40.38,32.01,25.54,0.0,0.0,0.17,0
20:30:45,24.8,0,0,1,50.0,45.0,40.38,32.01,25.54,0.0,0.0,0.18,0
20:30:45,24.9,0,0,1,50.0,45.0,40.38,32.01,25.54,0.0,0.0,0.18,0
20:30:45,24.9,0,0,1,50.0,45.0,40.38,32.01,25.54,0.0,0.0,0.18,0
20:30:45,25.0,0,0,1,50.0,45.0,40.38,32.01,25.54,0.0,0.0,0.18,0
20:30:45,25.1,0,0,1,50.0,45.0,40.39,32.02,25.54,0.0,0.0,0.18,0
20:30:45,25.1,0,0,1,50.0,45.0,40.39,32.02,25.54,0.0,0.0,0.18,0
20:30:45,25.2,0,0,1,50.0,45.0,40.39,32.02,25.54,0.0,0.0,0.18,0
20:30:45,25.2,0,0,2,50.0,45.0,40.39,32.02,25.54,0.0,0.0,0.18,0
20:30:45,25.3,0,0,2,50.0,45.0,40.39,32.03,25.54,0.0,0.0,0.18,0
20:30:45,25.3,0,0,2,50.0,45.0,40.39,32.03,25.54,0.0,0.0,0.18,0
20:30:45,25.4,0,0,2,50.0,45.0,40.39,32.03,25.54,0.0,0.0,0.18,0
20:30:45,25.4,0,0,2,50.0,45.0,40.39,32.03,25.54,0.0,0.0,0.18,0
20:30:45,25.5,0,0,2,50.0,45.0,40.39,32.04,25.54,0.0,0.0,0.18,0
20:30:45,25.6,0,0,2,50.0,45.0,40.39,32.04,25.54,0.0,0.0,0.18,0
20:30:45,25.6,0,0,2,50.0,45.0,40.39,32.04,25.54,0.0,0.0,0.18,0
20:30:46,25.7,0,0,2,50.0,45.0,40.39,32.05,25.54,0.0,0.0,0.18,0
20:30:46,25.7,0,0,2,50.0,45.0,40.39,32.05,25.54,0.0,0.0,0.18,0
20:30:46,25.8,0,0,2,50.0,45.0,40.39,32.05,25.54,0.0,0.0,0.18,0
20:30:46,25.8,0,0,2,50.0,45.0,40.39,32.05,25.54,0.0,0.0,0.18,0
20:30:46,25.9,0,0,2,50.0,45.0,40.4,32.06,25.54,0.0,0.0,0.18,0
20:30:46,25.9,0,0,2,50.0,45.0,40.4,32.06,25.54,0.0,0.0,0.18,0
20:30:46,26.0,0,0,2,50.0,45.0,40.4,32.06,25.54,0.0,0.0,0.18,0
20:30:46,26.0,0,0,2,50.0,45.0,40.4,32.06,25.54,0.0,0.0,0.18,0
20:30:46,26.1,0,0,2,50.0,45.0,40.4,32.07,25.54,0.0,0.0,0.18,0
20:30:46,26.2,0,0,2,50.0,45.0,40.4,32.07,25.54,0.0,0.0,0.18,0
20:30:46,26.2,0,0,2,50.0,45.0,40.4,32.07,25.54,0.0,0.0,0.18,0
20:30:46,26.3,0,0,2,50.0,45.0,40.4,32.08,25.54,0.0,0.0,0.18,0
20:30:46,26.3,0,0,2,50.0,45.0,40.4,32.08,25.54,0.0,0.0,0.18,0
20:30:46,26.4,0,0,2,50.0,45.0,40.4,32.08,25.54,0.0,0.0,0.18,0
20:30:46,26.4,0,0,2,50.0,45.0,40.4,32.08,25.54,0.0,0.0,0.18,0
20:30:46,26.5,0,0,2,50.0,45.0,40.4,32.09,25.54,0.0,0.0,0.18,0
20:30:46,26.5,0,0,2,50.0,45.0,40.4,32.09,25.54,0.0,0.0,0.18,0
20:30:46,26.6,0,0,2,50.0,45.0,40.4,32.09,25.54,0.0,0.0,0.19,0
20:30:47,26.7,0,0,2,50.0,45.0,40.41,32.1,25.54,0.0,0.0,0.19,0
20:30:47,26.7,0,0,2,50.0,45.0,40.41,32.1,25.54,0.0,0.0,0.19,0
20:30:47,26.8,0,0,2,50.0,45.0,40.41,32.1,25.54,0.0,0.0,0.19,0
20:30:47,26.8,0,0,2,50.0,45.0,40.41,32.1,25.54,0.0,0.0,0.19,0
20:30:47,26.9,0,0,2,50.0,45.0,40.41,32.11,25.54,0.0,0.0,0.19,0
20:30:47,26.9,0,0,2,50.0,45.0,40.41,32.11,25.54,0.0,0.0,0.19,0
20:30:47,27.0,0,0,2,50.0,45.0,40.41,32.11,25.54,0.0,0.0,0.19,0
20:30:47,27.0,0,0,2,50.0,45.0,40.41,32.11,25.54,0.0,0.0,0.19,0
20:30:47,27.1,0,0,2,50.0,45.0,40.41,32.12,25.54,0.0,0.0,0.19,0
20:30:47,27.2,0,0,2,50.0,45.0,40.41,32.12,25.54,0.0,0.0,0.19,0
20:30:47,27.2,0,0,2,50.0,45.0,40.41,32.12,25.54,0.0,0.0,0.19,0
20:30:47,27.3,0,0,2,50.0,45.0,40.41,32.13,25.54,0.0,0.0,0.19,0
20:30:47,27.3,0,0,2,50.0,45.0,40.41,32.13,25.54,0.0,0.0,0.19,0
20:30:47,27.4,0,0,2,50.0,45.0,40.41,32.13,25.54,0.0,0.0,0.19,0
20:30:47,27.4,0,0,2,50.0,45.0,40.41,32.13,25.54,0.0,0.0,0.19,0
20:30:47,27.5,0,0,2,50.0,45.0,40.42,32.14,25.54,0.0,0.0,0.19,0
20:30:47,27.5,0,0,2,50.0,45.0,40.42,32.14,25.54,0.0,0.0,0.19,0
20:30:47,27.6,0,0,2,50.0,45.0,40.42,32.14,25.54,0.0,0.0,0.19,0
20:30:48,27.6,0,0,2,50.0,45.0,40.42,32.14,25.54,0.0,0.0,0.19,0
20:30:48,27.7,0,0,2,50.0,45.0,40.42,32.15,25.54,0.0,0.0,0.19,0
20:30:48,27.8,0,0,2,50.0,45.0,40.42,32.15,25.54,0.0,0.0,0.19,0
20:30:48,27.8,0,0,2,50.0,45.0,40.42,32.15,25.54,0.0,0.0,0.19,0
20:30:48,27.9,0,0,2,50.0,45.0,40.42,32.15,25.54,0.0,0.0,0.19,0
20:30:48,27.9,0,0,2,50.0,45.0,40.42,32.16,25.54,0.0,0.0,0.19,0
20:30:48,28.0,0,0,2,50.0,45.0,40.42,32.16,25.54,0.0,0.0,0.19,0
20:30:48,28.0,0,0,2,50.0,45.0,40.42,32.16,25.54,0.0,0.0,0.19,0
20:30:48,28.1,0,0,2,50.0,45.0,40.42,32.17,25.54,0.0,0.0,0.19,0
20:30:48,28.1,0,0,2,50.0,45.0,40.42,32.17,25.54,0.0,0.0,0.19,0
20:30:48,28.2,0,0,2,50.0,45.0,40.42,32.17,25.54,0.0,0.0,0.19,0
20:30:48,28.3,0,0,2,50.0,45.0,40.43,32.17,25.54,0.0,0.0,0.19,0
20:30:48,28.3,0,0,2,50.0,45.0,40.43,32.18,25.54,0.0,0.0,0.19,0
20:30:48,28.4,0,0,2,50.0,45.0,40.43,32.18,25.54,0.0,0.0,0.2,0
20:30:48,28.4,0,0,2,50.0,45.0,40.43,32.18,25.54,0.0,0.0,0.2,0
20:30:48,28.5,0,0,2,50.0,45.0,40.43,32.18,25.54,0.0,0.0,0.2,0
20:30:48,28.5,0,1,2,50.0,45.0,40.43,32.19,25.54,0.0,0.0,0.2,0
20:30:48,28.6,0,1,2,50.0,45.0,40.43,32.19,25.54,0.0,0.0,0.2,0
20:30:49,28.6,0,1,2,50.0,45.0,40.43,32.19,25.54,0.0,0.0,0.2,0
20:30:49,28.7,0,1,2,50.0,45.0,40.43,32.2,25.54,0.0,0.0,0.2,0
20:30:49,28.7,0,1,2,50.0,45.0,40.43,32.2,25.54,0.0,0.0,0.2,0
20:30:49,28.8,0,1,2,50.0,45.0,40.43,32.2,25.54,0.0,0.0,0.2,0
20:30:49,28.9,0,1,2,50.0,45.0,40.43,32.2,25.54,0.0,0.0,0.2,0
20:30:49,28.9,0,1,2,50.0,45.0,40.43,32.21,25.54,0.0,0.0,0.2,0
20:30:49,29.0,0,1,2,50.0,45.0,40.43,32.21,25.54,0.0,0.0,0.2,0
20:30:49,29.0,0,1,2,50.0,45.0,40.44,32.21,25.54,0.0,0.0,0.2,0
20:30:49,29.1,0,1,2,50.0,45.0,40.44,32.21,25.54,0.0,0.0,0.2,0
20:30:49,29.1,0,1,2,50.0,45.0,40.44,32.22,25.54,0.0,0.0,0.2,0
20:30:49,29.2,0,1,2,50.0,45.0,40.44,32.22,25.54,0.0,0.0,0.2,0
20:30:49,29.2,0,1,2,50.0,45.0,40.44,32.22,25.54,0.0,0.0,0.2,0
20:30:49,29.3,0,1,2,50.0,45.0,40.44,32.22,25.54,0.0,0.0,0.2,0
20:30:49,29.4,0,1,2,50.0,45.0,40.44,32.23,25.54,0.0,0.0,0.2,0
20:30:49,29.4,0,1,2,50.0,45.0,40.44,32.23,25.54,0.0,0.0,0.2,0
20:30:49,29.5,0,1,2,50.0,45.0,40.44,32.23,25.54,0.0,0.0,0.2,0
20:30:49,29.5,0,1,2,50.0,45.0,40.44,32.24,25.54,0.0,0.0,0.2,0
20:30:49,29.6,0,1,2,50.0,45.0,40.44,32.24,25.54,0.0,0.0,0.2,0
20:30:50,29.6,0,1,2,50.0,45.0,40.44,32.24,25.54,0.0,0.0,0.2,0
20:30:50,29.7,0,1,2,50.0,45.0,40.44,32.24,25.54,0.0,0.0,0.2,0
20:30:50,29.7,0,1,2,50.0,45.0,40.44,32.25,25.54,0.0,0.0,0.2,0
20:30:50,29.8,0,1,2,50.0,45.0,40.45,32.25,25.54,0.0,0.0,0.2,0
20:30:50,29.8,0,1,2,50.0,45.0,40.45,32.25,25.54,0.0,0.0,0.2,0
20:30:50,29.9,0,1,2,50.0,45.0,40.45,32.25,25.54,0.0,0.0,0.2,0
20:30:50,30.0,0,1,2,50.0,45.0,40.45,32.26,25.54,0.0,0.0,0.2,0
20:30:50,30.0,0,1,2,50.0,45.0,40.45,32.26,25.54,0.0,0.0,0.2,0
20:30:50,30.1,0,1,2,50.0,45.0,40.45,32.26,25.54,0.0,0.0,0.21,0
20:30:50,30.1,0,1,2,50.0,45.0,40.45,32.26,25.54,0.0,0.0,0.21,0
20:30:50,30.2,0,1,2,50.0,45.0,40.45,32.27,25.54,0.0,0.0,0.21,0
20:30:50,30.2,0,1,2,50.0,45.0,40.45,32.27,25.54,0.0,0.0,0.21,0
20:30:50,30.3,0,1,2,50.0,45.0,40.45,32.27,25.54,0.0,0.0,0.21,0
20:30:50,30.3,0,1,2,50.0,45.0,40.45,32.27,25.54,0.0,0.0,0.21,0
20:30:50,30.4,0,1,2,50.0,45.0,40.45,32.28,25.54,0.0,0.0,0.21,0
20:30:50,30.4,0,1,2,50.0,45.0,40.45,32.28,25.54,0.0,0.0,0.21,0
20:30:50,30.5,0,1,2,50.0,45.0,40.45,32.28,25.54,0.0,0.0,0.21,0
20:30:50,30.6,0,1,2,50.0,45.0,40.46,32.28,25.54,0.0,0.0,0.21,0
20:30:50,30.6,0,1,2,50.0,45.0,40.46,32.29,25.54,0.0,0.0,0.21,0
20:30:51,30.7,0,1,2,50.0,45.0,40.46,32.29,25.54,0.0,0.0,0.21,0
20:30:51,30.7,0,1,2,50.0,45.0,40.46,32.29,25.54,0.0,0.0,0.21,0
20:30:51,30.8,0,1,2,50.0,45.0,40.46,32.3,25.54,0.0,0.0,0.21,0
20:30:51,30.8,0,1,2,50.0,45.0,40.46,32.3,25.54,0.0,0.0,0.21,0
20:30:51,30.9,0,1,2,50.0,45.0,40.46,32.3,25.54,0.0,0.0,0.21,0
20:30:51,30.9,0,1,2,50.0,45.0,40.46,32.3,25.54,0.0,0.0,0.21,0
20:30:51,31.0,0,1,2,50.0,45.0,40.46,32.31,25.54,0.0,0.0,0.21,0
20:30:51,31.1,0,1,2,50.0,45.0,40.46,32.31,25.54,0.0,0.0,0.21,0
20:30:51,31.1,0,1,2,50.0,45.0,40.46,32.31,25.54,0.0,0.0,0.21,0
20:30:51,31.2,0,1,2,50.0,45.0,40.46,32.31,25.54,0.0,0.0,0.21,0
20:30:51,31.2,0,1,2,50.0,45.0,40.46,32.32,25.54,0.0,0.0,0.21,0
20:30:51,31.3,0,1,2,50.0,45.0,40.46,32.32,25.54,0.0,0.0,0.21,0
20:30:51,31.3,0,1,2,50.0,45.0,40.47,32.32,25.54,0.0,0.0,0.21,0
20:30:51,31.4,0,1,2,50.0,45.0,40.47,32.32,25.54,0.0,0.0,0.21,0
20:30:51,31.4,0,1,2,50.0,45.0,40.47,32.33,25.54,0.0,0.0,0.21,0
20:30:51,31.5,0,1,2,50.0,45.0,40.47,32.33,25.54,0.0,0.0,0.21,0
20:30:51,31.5,0,1,2,50.0,45.0,40.47,32.33,25.54,0.0,0.0,0.21,0
20:30:51,31.6,0,1,2,50.0,45.0,40.47,32.33,25.54,0.0,0.0,0.21,0
20:30:52,31.7,0,1,2,50.0,45.0,40.47,32.34,25.54,0.0,0.0,0.21,0
20:30:52,31.7,0,1,2,50.0,45.0,40.47,32.34,25.54,0.0,0.0,0.22,0
20:30:52,31.8,0,1,2,50.0,45.0,40.47,32.34,25.54,0.0,0.0,0.22,0
20:30:52,31.8,0,1,2,50.0,45.0,40.47,32.34,25.54,0.0,0.0,0.22,0
20:30:52,31.9,0,1,2,50.0,45.0,40.47,32.35,25.54,0.0,0.0,0.22,0
20:30:52,31.9,0,1,2,50.0,45.0,40.47,32.35,25.54,0.0,0.0,0.22,0
20:30:52,32.0,0,1,2,50.0,45.0,40.47,32.35,25.54,0.0,0.0,0.22,0
20:30:52,32.0,0,1,2,50.0,45.0,40.47,32.35,25.54,0.0,0.0,0.22,0
20:30:52,32.1,0,1,2,50.0,45.0,40.48,32.36,25.54,0.0,0.0,0.22,0
20:30:52,32.2,0,1,2,50.0,45.0,40.48,32.36,25.54,0.0,0.0,0.22,0
20:30:52,32.2,0,1,2,50.0,45.0,40.48,32.36,25.54,0.0,0.0,0.22,0
20:30:52,32.3,0,1,2,50.0,45.0,40.48,32.36,25.54,0.0,0.0,0.22,0
20:30:52,32.3,0,1,2,50.0,45.0,40.48,32.37,25.54,0.0,0.0,0.22,0
20:30:52,32.4,0,1,2,50.0,45.0,40.48,32.37,25.54,0.0,0.0,0.22,0
20:30:52,32.4,0,1,2,50.0,45.0,40.48,32.37,25.54,0.0,0.0,0.22,0
20:30:52,32.5,0,1,2,50.0,45.0,40.48,32.38,25.54,0.0,0.0,0.22,0
20:30:52,32.6,0,1,2,50.0,45.0,40.48,32.38,25.54,0.0,0.0,0.22,0
20:30:52,32.6,0,1,2,50.0,45.0,40.48,32.38,25.54,0.0,0.0,0.22,0
20:30:53,32.7,0,1,2,50.0,45.0,40.48,32.38,25.54,0.0,0.0,0.22,0
20:30:53,32.7,0,1,2,50.0,45.0,40.48,32.39,25.54,0.0,0.0,0.22,0
20:30:53,32.8,0,1,2,50.0,45.0,40.48,32.39,25.54,0.0,0.0,0.22,0
20:30:53,32.8,0,1,2,50.0,45.0,40.49,32.39,25.54,0.0,0.0,0.22,0
20:30:53,32.9,0,1,2,50.0,45.0,40.49,32.39,25.54,0.0,0.0,0.22,0
20:30:53,32.9,0,1,2,50.0,45.0,40.49,32.4,25.54,0.0,0.0,0.22,0
20:30:53,33.0,0,1,2,50.0,45.0,40.49,32.4,25.54,0.0,0.0,0.22,0
20:30:53,33.1,0,1,2,50.0,45.0,40.49,32.4,25.54,0.0,0.0,0.22,0
20:30:53,33.1,0,1,2,50.0,45.0,40.49,32.4,25.54,0.0,0.0,0.22,0
20:30:53,33.2,0,1,2,50.0,45.0,40.49,32.41,25.54,0.0,0.0,0.22,0
20:30:53,33.2,0,1,2,50.0,45.0,40.49,32.41,25.54,0.0,0.0,0.22,0
20:30:53,33.3,0,1,2,50.0,45.0,40.49,32.41,25.54,0.0,0.0,0.22,0
20:30:53,33.4,0,1,2,50.0,45.0,40.49,32.41,25.54,0.0,0.0,0.22,0
20:30:53,33.4,0,1,2,50.0,45.0,40.49,32.42,25.54,0.0,0.0,0.23,0
20:30:53,33.5,0,1,2,50.0,45.0,40.49,32.42,25.54,0.0,0.0,0.23,0
20:30:53,33.5,0,1,2,50.0,45.0,40.49,32.42,25.54,0.0,0.0,0.23,0
20:30:53,33.6,0,1,2,50.0,45.0,40.5,32.43,25.54,0.0,0.0,0.23,0
20:30:53,33.6,0,1,2,50.0,45.0,40.5,32.43,25.54,0.0,0.0,0.23,0
20:30:54,33.7,0,1,2,50.0,45.0,40.5,32.43,25.54,0.0,0.0,0.23,0
20:30:54,33.7,0,1,2,50.0,45.0,40.5,32.43,25.54,0.0,0.0,0.23,0
20:30:54,33.8,0,1,2,50.0,45.0,40.5,32.44,25.54,0.0,0.0,0.23,0
20:30:54,33.8,0,1,2,50.0,45.0,40.5,32.44,25.54,0.0,0.0,0.23,0
20:30:54,33.9,0,1,2,50.0,45.0,40.5,32.44,25.54,0.0,0.0,0.23,0
20:30:54,33.9,0,1,2,50.0,45.0,40.5,32.44,25.54,0.0,0.0,0.23,0
20:30:54,34.0,0,1,2,50.0,45.0,40.5,32.44,25.54,0.0,0.0,0.23,0
20:30:54,34.1,0,1,2,50.0,45.0,40.5,32.45,25.54,0.0,0.0,0.23,0
20:30:54,34.1,0,1,2,50.0,45.0,40.5,32.45,25.54,0.0,0.0,0.23,0
20:30:54,34.2,0,1,2,50.0,45.0,40.5,32.45,25.54,0.0,0.0,0.23,0
20:30:54,34.2,0,1,2,50.0,45.0,40.5,32.45,25.54,0.0,0.0,0.23,0
20:30:54,34.3,0,1,2,50.0,45.0,40.5,32.46,25.54,0.0,0.0,0.23,0
20:30:54,34.3,0,1,2,50.0,45.0,40.51,32.46,25.54,0.0,0.0,0.23,0
20:30:54,34.4,0,1,2,50.0,45.0,40.51,32.46,25.54,0.0,0.0,0.23,0
20:30:54,34.4,0,1,2,50.0,45.0,40.51,32.46,25.54,0.0,0.0,0.23,0
20:30:54,34.5,0,1,2,50.0,45.0,40.51,32.47,25.54,0.0,0.0,0.23,0
20:30:54,34.6,0,1,2,50.0,45.0,40.51,32.47,25.54,0.0,0.0,0.23,0
20:30:54,34.6,0,1,2,50.0,45.0,40.51,32.47,25.54,0.0,0.0,0.23,0
20:30:55,34.7,0,1,2,50.0,45.0,40.51,32.48,25.54,0.0,0.0,0.23,0
20:30:55,34.7,0,1,2,50.0,45.0,40.51,32.48,25.54,0.0,0.0,0.23,0
20:30:55,34.8,0,1,2,50.0,45.0,40.51,32.48,25.54,0.0,0.0,0.23,0
20:30:55,34.8,0,1,2,50.0,45.0,40.51,32.48,25.54,0.0,0.0,0.23,0
20:30:55,34.9,0,1,2,50.0,45.0,40.51,32.48,25.54,0.0,0.0,0.23,0
20:30:55,34.9,0,1,2,50.0,45.0,40.51,32.49,25.54,0.0,0.0,0.23,0
20:30:55,35.0,0,1,2,50.0,45.0,40.51,32.49,25.54,0.0,0.0,0.23,0
20:30:55,35.0,0,1,2,50.0,45.0,40.52,32.49,25.54,0.0,0.0,0.24,0
20:30:55,35.1,0,1,2,50.0,45.0,40.52,32.49,25.54,0.0,0.0,0.24,0
20:30:55,35.2,0,1,2,50.0,45.0,40.52,32.5,25.54,0.0,0.0,0.24,0
20:30:55,35.2,0,1,2,50.0,45.0,40.52,32.5,25.54,0.0,0.0,0.24,0
20:30:55,35.3,0,1,2,50.0,45.0,40.52,32.5,25.54,0.0,0.0,0.24,0
20:30:55,35.3,0,1,2,50.0,45.0,40.52,32.51,25.54,0.0,0.0,0.24,0
20:30:55,35.4,0,1,2,50.0,45.0,40.52,32.51,25.54,0.0,0.0,0.24,0
20:30:55,35.5,0,1,2,50.0,45.0,40.52,32.51,25.54,0.0,0.0,0.24,0
20:30:55,35.5,0,1,2,50.0,45.0,40.52,32.51,25.54,0.0,0.0,0.24,0
20:30:55,35.6,0,2,2,50.0,45.0,40.52,32.5,25.55,0.0,0.0,0.24,0
20:30:55,35.6,0,2,2,50.0,45.0,40.52,32.49,25.57,0.0,0.0,0.24,0
20:30:56,35.7,0,2,2,50.0,45.0,40.52,32.48,25.58,0.0,0.0,0.24,0
20:30:56,35.7,0,2,2,50.0,45.0,40.52,32.47,25.59,0.0,0.0,0.24,0
20:30:56,35.8,0,2,2,50.0,45.0,40.52,32.46,25.6,0.0,0.0,0.24,0
20:30:56,35.8,0,2,2,50.0,45.0,40.53,32.45,25.62,0.0,0.0,0.24,0
20:30:56,35.9,0,2,2,50.0,45.0,40.53,32.44,25.63,0.0,0.0,0.24,0
20:30:56,35.9,0,2,2,50.0,45.0,40.53,32.43,25.64,0.0,0.0,0.24,0
20:30:56,36.0,0,2,2,50.0,45.0,40.53,32.42,25.65,0.0,0.0,0.24,0
20:30:56,36.1,0,2,2,50.0,45.0,40.53,32.41,25.67,0.0,0.0,0.24,0
20:30:56,36.1,0,2,2,50.0,45.0,40.53,32.4,25.68,0.0,0.0,0.24,0
20:30:56,36.2,0,2,2,50.0,45.0,40.53,32.38,25.69,0.0,0.0,0.24,0
20:30:56,36.2,0,2,2,50.0,45.0,40.53,32.37,25.71,0.0,0.0,0.24,0
20:30:56,36.3,0,2,2,50.0,45.0,40.53,32.36,25.72,0.0,0.0,0.24,0
20:30:56,36.3,0,2,2,50.0,45.0,40.53,32.35,25.73,0.0,0.0,0.24,0
20:30:56,36.4,0,2,2,50.0,45.0,40.53,32.34,25.74,0.0,0.0,0.24,0
20:30:56,36.4,0,2,2,50.0,45.0,40.53,32.33,25.75,0.0,0.0,0.24,0
20:30:56,36.5,0,2,2,50.0,45.0,40.53,32.32,25.76,0.0,0.0,0.24,0
20:30:56,36.5,0,2,2,50.0,45.0,40.53,32.32,25.78,0.0,0.0,0.24,0
20:30:56,36.6,0,2,2,50.0,45.0,40.53,32.31,25.79,0.0,0.0,0.24,0
20:30:57,36.7,0,2,2,50.0,45.0,40.53,32.3,25.8,0.0,0.0,0.24,0
20:30:57,36.7,0,2,2,50.0,45.0,40.54,32.29,25.81,0.0,0.0,0.24,0
20:30:57,36.8,0,2,2,50.0,45.0,40.54,32.28,25.82,0.0,0.0,0.24,0
20:30:57,36.8,0,2,2,50.0,45.0,40.54,32.27,25.83,0.0,0.0,0.24,0
20:30:57,36.9,0,2,2,50.0,45.0,40.54,32.26,25.84,0.0,0.0,0.25,0
20:30:57,36.9,0,2,2,50.0,45.0,40.54,32.25,25.85,0.0,0.0,0.25,0
20:30:57,37.0,0,2,2,50.0,45.0,40.54,32.24,25.86,0.0,0.0,0.25,0
20:30:57,37.0,0,2,2,50.0,45.0,40.54,32.23,25.87,0.0,0.0,0.25,0
20:30:57,37.1,0,2,2,50.0,45.0,40.54,32.22,25.88,0.0,0.0,0.25,0
20:30:57,37.2,0,2,2,50.0,45.0,40.54,32.21,25.9,0.0,0.0,0.25,0
20:30:57,37.2,0,2,2,50.0,45.0,40.54,32.2,25.91,0.0,0.0,0.25,0
20:30:57,37.3,0,2,2,50.0,45.0,40.54,32.19,25.92,0.0,0.0,0.25,0
20:30:57,37.3,0,2,2,50.0,45.0,40.54,32.18,25.93,0.0,0.0,0.25,0
20:30:57,37.4,0,2,2,50.0,45.0,40.54,32.17,25.94,0.0,0.0,0.25,0
20:30:57,37.4,0,2,2,50.0,45.0,40.54,32.16,25.95,0.0,0.0,0.25,0
20:30:57,37.5,0,2,2,50.0,45.0,40.54,32.15,25.96,0.0,0.0,0.25,0
20:30:57,37.5,0,2,2,50.0,45.0,40.54,32.14,25.97,0.0,0.0,0.25,0
20:30:57,37.6,0,2,2,50.0,45.0,40.54,32.13,25.98,0.0,0.0,0.25,0
20:30:58,37.6,0,2,2,50.0,45.0,40.54,32.13,25.99,0.0,0.0,0.25,0
20:30:58,37.7,0,2,2,50.0,45.0,40.54,32.12,26.0,0.0,0.0,0.25,0
20:30:58,37.8,0,2,2,50.0,45.0,40.54,32.11,26.01,0.0,0.0,0.25,0
20:30:58,37.8,0,2,2,50.0,45.0,40.54,32.1,26.02,0.0,0.0,0.25,0
20:30:58,37.9,0,2,2,50.0,45.0,40.54,32.09,26.03,0.0,0.0,0.25,0
20:30:58,37.9,0,2,2,50.0,45.0,40.55,32.08,26.04,0.0,0.0,0.25,0
20:30:58,38.0,0,2,2,50.0,45.0,40.55,32.07,26.05,0.0,0.0,0.25,0
20:30:58,38.0,0,2,2,50.0,45.0,40.55,32.06,26.06,0.0,0.0,0.25,0
20:30:58,38.1,0,2,2,50.0,45.0,40.55,32.05,26.07,0.0,0.0,0.25,0
20:30:58,38.1,0,2,2,50.0,45.0,40.55,32.04,26.08,0.0,0.0,0.25,0
20:30:58,38.2,0,2,2,50.0,45.0,40.55,32.04,26.08,0.0,0.0,0.25,0
20:30:58,38.3,0,2,2,50.0,45.0,40.55,32.03,26.09,0.0,0.0,0.25,0
20:30:58,38.3,0,2,2,50.0,45.0,40.55,32.02,26.1,0.0,0.0,0.25,0
20:30:58,38.4,0,2,2,50.0,45.0,40.55,32.01,26.11,0.0,0.0,0.25,0
20:30:58,38.4,0,2,2,50.0,45.0,40.55,32.0,26.12,0.0,0.0,0.25,0
20:30:58,38.5,0,2,2,50.0,45.0,40.55,31.99,26.13,0.0,0.0,0.25,0
20:30:58,38.5,0,2,2,50.0,45.0,40.55,31.99,26.14,0.0,0.0,0.25,0
20:30:58,38.6,0,2,2,50.0,45.0,40.55,31.98,26.15,0.0,0.0,0.25,0
20:30:59,38.6,0,2,2,50.0,45.0,40.55,31.97,26.16,0.0,0.0,0.25,0
20:30:59,38.7,0,2,2,50.0,45.0,40.55,31.96,26.16,0.0,0.0,0.25,0
20:30:59,38.8,0,2,2,50.0,45.0,40.55,31.95,26.17,0.0,0.0,0.25,0
20:30:59,38.8,0,2,2,50.0,45.0,40.55,31.94,26.18,0.0,0.0,0.25,0
20:30:59,38.9,0,2,2,50.0,45.0,40.55,31.94,26.19,0.0,0.0,0.25,0
20:30:59,38.9,0,2,2,50.0,45.0,40.55,31.93,26.2,0.0,0.0,1.25,0
20:30:59,39.0,0,2,2,50.0,45.0,40.55,31.92,26.21,0.0,0.0,1.25,0
20:30:59,39.1,0,2,2,50.0,45.0,40.55,31.91,26.22,0.0,0.0,2.25,0
20:30:59,39.1,0,2,2,50.0,45.0,40.55,31.9,26.22,0.0,0.0,3.25,0
20:30:59,39.2,0,2,2,50.0,45.0,40.55,31.89,26.23,0.0,0.0,4.25,0
20:30:59,39.2,0,2,2,50.0,45.0,40.55,31.88,26.24,0.0,0.0,5.25,0
20:30:59,39.3,0,2,2,50.0,45.0,40.55,31.88,26.25,0.0,0.0,5.25,0
20:30:59,39.3,0,2,2,50.0,45.0,40.55,31.87,26.26,0.0,0.0,6.25,0
20:30:59,39.4,0,2,2,50.0,45.0,40.55,31.86,26.26,0.0,0.0,7.25,0
20:30:59,39.4,0,2,2,50.0,45.0,40.55,31.85,26.27,0.0,0.0,7.25,0
20:30:59,39.5,0,2,2,50.0,45.0,40.55,31.85,26.28,0.0,0.0,7.25,0
20:30:59,39.5,0,2,2,50.0,45.0,40.55,31.84,26.29,0.0,0.0,8.25,0
20:30:59,39.6,0,2,2,50.0,45.0,40.55,31.83,26.29,0.0,0.0,9.25,0
20:31:00,39.7,0,2,2,50.0,45.0,40.55,31.82,26.3,0.0,0.0,9.25,0
20:31:00,39.7,0,2,2,50.0,45.0,40.55,31.81,26.31,0.0,0.0,10.25,0
20:31:00,39.8,0,2,2,50.0,45.0,40.55,31.81,26.32,0.0,0.0,11.25,0
20:31:00,39.8,0,2,2,50.0,45.0,40.55,31.8,26.33,0.0,0.0,11.25,0
20:31:00,39.9,0,2,2,50.0,45.0,40.55,31.79,26.33,0.0,0.0,12.25,0
20:31:00,39.9,0,2,2,50.0,45.0,40.55,31.78,26.34,0.0,0.0,13.25,0
20:31:00,40.0,0,2,2,50.0,45.0,40.55,31.77,26.35,0.0,0.0,13.25,0
20:31:00,40.1,0,2,2,50.0,45.0,40.55,31.77,26.36,0.0,0.0,14.25,0
20:31:00,40.1,0,2,2,50.0,45.0,40.55,31.76,26.36,0.0,0.0,15.25,0
20:31:00,40.2,0,2,2,50.0,45.0,40.55,31.75,26.37,0.0,0.0,15.25,0
20:31:00,40.2,0,2,2,50.0,45.0,40.55,31.74,26.38,0.0,0.0,16.25,0
20:31:00,40.3,0,2,2,50.0,45.0,40.55,31.74,26.38,0.0,0.0,17.25,0
20:31:00,40.3,0,2,2,50.0,45.0,40.55,31.73,26.39,0.0,0.0,18.25,0
20:31:00,40.4,0,2,2,50.0,45.0,40.55,31.72,26.4,0.0,0.0,18.25,0
20:31:00,40.4,0,2,2,50.0,45.0,40.55,31.72,26.4,0.0,0.0,19.25,0
20:31:00,40.5,0,2,2,50.0,45.0,40.55,31.71,26.41,0.0,0.0,20.25,0
20:31:00,40.6,0,2,2,50.0,45.0,40.55,31.7,26.42,0.0,0.0,21.25,0
20:31:00,40.6,0,2,2,50.0,45.0,40.55,31.69,26.42,0.0,0.0,22.25,0
20:31:01,40.7,0,2,2,50.0,45.0,40.55,31.69,26.43,0.0,0.0,23.25,0
20:31:01,40.7,0,2,2,50.0,45.0,40.55,31.68,26.44,0.0,0.0,23.25,0
20:31:01,40.8,0,2,2,50.0,45.0,40.55,31.67,26.44,0.0,0.0,23.25,0
20:31:01,40.8,0,2,2,50.0,45.0,40.55,31.66,26.45,0.0,0.0,24.25,0
20:31:01,40.9,0,2,2,50.0,45.0,40.55,31.66,26.46,0.0,0.0,25.25,0
20:31:01,41.0,0,2,2,50.0,45.0,40.55,31.65,26.46,0.0,0.0,25.25,0
20:31:01,41.0,0,2,2,50.0,45.0,40.55,31.64,26.47,0.0,0.0,26.25,0
20:31:01,41.1,0,2,2,50.0,45.0,40.55,31.64,26.47,0.0,0.0,27.25,0
20:31:01,41.1,0,2,2,50.0,45.0,40.55,31.63,26.48,0.0,0.0,28.25,0
20:31:01,41.2,0,2,2,50.0,45.0,40.55,31.62,26.49,0.0,0.0,28.25,0
20:31:01,41.2,0,2,2,50.0,45.0,40.55,31.61,26.49,0.0,0.0,29.25,0
20:31:01,41.3,0,2,2,50.0,45.0,40.55,31.61,26.5,0.0,0.0,30.25,0
20:31:01,41.4,0,2,2,50.0,45.0,40.55,31.6,26.51,0.0,0.0,30.25,0
20:31:01,41.4,0,2,2,50.0,45.0,40.55,31.59,26.51,0.0,0.0,31.25,0
20:31:01,41.5,0,2,2,50.0,45.0,40.55,31.58,26.52,0.0,0.0,32.25,0
20:31:01,41.5,0,2,2,50.0,45.0,40.55,31.58,26.52,0.0,0.0,33.25,0
20:31:01,41.6,0,2,2,50.0,45.0,40.55,31.57,26.53,0.0,0.0,34.25,0
20:31:02,41.6,0,2,2,50.0,45.0,40.55,31.56,26.54,0.0,0.0,35.25,0
20:31:02,41.7,0,2,2,50.0,45.0,40.55,31.56,26.54,0.0,0.0,35.25,0
20:31:02,41.8,0,2,2,50.0,45.0,40.55,31.55,26.55,0.0,0.0,36.25,0
20:31:02,41.8,0,2,2,50.0,45.0,40.55,31.54,26.55,0.0,0.0,36.25,0
20:31:02,41.9,0,2,2,50.0,45.0,40.55,31.54,26.56,0.0,0.0,37.25,0
20:31:02,41.9,0,2,2,50.0,45.0,40.55,31.53,26.57,0.0,0.0,38.25,0
20:31:02,42.0,0,2,2,50.0,45.0,40.55,31.52,26.57,0.0,0.0,38.25,0
20:31:02,42.0,0,2,2,50.0,45.0,40.55,31.52,26.58,0.0,0.0,39.25,0
20:31:02,42.1,0,2,2,50.0,45.0,40.55,31.51,26.58,0.0,0.0,40.25,0
20:31:02,42.2,0,2,2,50.0,45.0,40.55,31.5,26.59,0.0,0.0,40.25,0
20:31:02,42.2,0,2,2,50.0,45.0,40.55,31.5,26.59,0.0,0.0,41.25,0
20:31:02,42.3,0,2,2,50.0,45.0,40.55,31.49,26.6,0.0,0.0,42.25,0
20:31:02,42.3,0,2,2,50.0,45.0,40.55,31.49,26.6,0.0,0.0,42.25,0
20:31:02,42.4,0,2,2,50.0,45.0,40.55,31.48,26.61,0.0,0.0,42.25,0
20:31:02,42.4,0,2,2,50.0,45.0,40.55,31.47,26.61,0.0,0.0,42.25,0
20:31:02,42.5,0,2,2,50.0,45.0,40.55,31.47,26.62,0.0,0.0,42.25,0
20:31:02,42.6,0,2,2,50.0,45.0,40.55,31.46,26.62,0.0,0.0,42.25,0
20:31:02,42.6,0,2,2,50.0,45.0,40.55,31.45,26.63,0.0,0.0,42.25,0
20:31:03,42.7,0,2,2,50.0,45.0,40.55,31.45,26.63,0.0,0.0,42.25,0
20:31:03,42.7,0,2,2,50.0,45.0,40.55,31.44,26.64,0.0,0.0,42.25,0
20:31:03,42.8,0,2,2,50.0,45.0,40.55,31.44,26.64,0.0,0.0,42.25,0
20:31:03,42.8,0,2,2,50.0,45.0,40.55,31.43,26.65,0.0,0.0,42.25,0
20:31:03,42.9,0,2,2,50.0,45.0,40.55,31.42,26.65,0.0,0.0,42.25,0
20:31:03,42.9,0,2,2,50.0,45.0,40.55,31.42,26.66,0.0,0.0,42.25,0
20:31:03,43.0,0,2,2,50.0,45.0,40.55,31.41,26.66,0.0,0.0,42.25,0
20:31:03,43.0,0,2,2,50.0,45.0,40.55,31.41,26.66,0.0,0.0,42.25,0
20:31:03,43.1,0,2,2,50.0,45.0,40.55,31.4,26.67,0.0,0.0,42.25,0
20:31:03,43.2,0,2,2,50.0,45.0,40.55,31.39,26.67,0.0,0.0,42.25,0
20:31:03,43.2,0,2,2,50.0,45.0,40.55,31.39,26.68,0.0,0.0,42.25,0
20:31:03,43.3,0,2,2,50.0,45.0,40.55,31.38,26.68,0.0,0.0,42.25,0
20:31:03,43.3,0,2,2,50.0,45.0,40.55,31.38,26.69,0.0,0.0,42.25,0
20:31:03,43.4,0,2,2,50.0,45.0,40.55,31.37,26.69,0.0,0.0,42.25,0
20:31:03,43.4,0,2,2,50.0,45.0,40.55,31.36,26.7,0.0,0.0,42.25,0
20:31:03,43.5,0,2,2,50.0,45.0,40.55,31.36,26.7,0.0,0.0,42.25,0
20:31:03,43.5,0,2,2,50.0,45.0,40.55,31.35,26.7,0.0,0.0,42.25,0
20:31:03,43.6,0,2,2,50.0,45.0,40.55,31.35,26.71,0.0,0.0,42.25,0
20:31:04,43.6,0,2,2,50.0,45.0,40.55,31.34,26.71,0.0,0.0,42.25,0
20:31:04,43.7,0,2,2,50.0,45.0,40.55,31.34,26.72,0.0,0.0,42.25,0
20:31:04,43.8,0,2,2,50.0,45.0,40.55,31.33,26.72,0.0,0.0,42.25,0
20:31:04,43.8,0,2,2,50.0,45.0,40.55,31.33,26.72,0.0,0.0,42.25,0
20:31:04,43.9,0,2,2,50.0,45.0,40.55,31.32,26.73,0.0,0.0,42.25,0
20:31:04,43.9,0,2,2,50.0,45.0,40.55,31.31,26.73,0.0,0.0,42.25,0
20:31:04,44.0,0,2,2,50.0,45.0,40.55,31.31,26.74,0.0,0.0,42.25,0
20:31:04,44.0,0,2,2,50.0,45.0,40.55,31.3,26.74,0.0,0.0,42.25,0
20:31:04,44.1,0,2,2,50.0,45.0,40.55,31.3,26.74,0.0,0.0,42.25,0
20:31:04,44.1,0,2,2,50.0,45.0,40.55,31.29,26.75,0.0,0.0,42.25,0
20:31:04,44.2,0,2,2,50.0,45.0,40.55,31.29,26.75,0.0,0.0,42.24,0
20:31:04,44.3,1,2,2,50.0,45.0,40.55,31.28,26.76,0.0,0.0,42.24,0
20:31:04,44.3,1,2,2,50.0,45.0,40.54,31.27,26.76,0.0,0.0,42.24,0
20:31:04,44.4,1,2,2,50.0,45.0,40.54,31.27,26.76,0.0,0.0,42.24,0
20:31:04,44.4,1,2,2,50.0,45.0,40.54,31.26,26.77,0.0,0.0,42.24,0
20:31:04,44.5,1,2,2,50.0,45.0,40.54,31.26,26.77,0.0,0.0,42.24,0
20:31:04,44.5,1,2,2,50.0,45.0,40.54,31.25,26.77,0.0,0.0,42.24,0
20:31:04,44.6,1,2,2,50.0,45.0,40.54,31.25,26.78,0.0,0.0,42.24,0
20:31:05,44.7,1,2,2,50.0,45.0,40.54,31.24,26.78,0.0,0.0,42.24,0
20:31:05,44.7,1,2,2,50.0,45.0,40.54,31.24,26.79,0.0,0.0,42.24,0
20:31:05,44.8,1,2,2,50.0,45.0,40.54,31.23,26.79,0.0,0.0,42.24,0
20:31:05,44.8,1,2,2,50.0,45.0,40.54,31.23,26.79,0.0,0.0,42.24,0
20:31:05,44.9,1,2,2,50.0,45.0,40.54,31.22,26.8,0.0,0.0,42.24,0
20:31:05,44.9,1,2,2,50.0,45.0,40.54,31.22,26.8,0.0,0.0,42.24,0
20:31:05,45.0,1,2,2,50.0,45.0,40.54,31.21,26.8,0.0,0.0,42.24,0
20:31:05,45.0,1,2,2,50.0,45.0,40.54,31.21,26.81,0.0,0.0,42.24,0
20:31:05,45.1,1,2,2,50.0,45.0,40.54,31.2,26.81,0.0,0.0,42.24,0
20:31:05,45.2,1,2,2,50.0,45.0,40.54,31.19,26.81,0.0,0.0,42.24,0
20:31:05,45.2,1,2,2,50.0,45.0,40.54,31.19,26.82,0.0,0.0,42.24,0
20:31:05,45.3,1,2,2,50.0,45.0,40.54,31.18,26.82,0.0,0.0,42.24,0
20:31:05,45.3,1,2,2,50.0,45.0,40.54,31.18,26.82,0.0,0.0,42.24,0
20:31:05,45.4,1,2,2,50.0,45.0,40.54,31.17,26.83,0.0,0.0,42.24,0
20:31:05,45.4,1,2,2,50.0,45.0,40.54,31.17,26.83,0.0,0.0,42.24,0
20:31:05,45.5,1,2,2,50.0,45.0,40.54,31.16,26.83,0.0,0.0,42.24,0
20:31:05,45.5,1,2,2,50.0,45.0,40.54,31.16,26.83,0.0,0.0,42.24,0
20:31:05,45.6,1,2,2,50.0,45.0,40.54,31.15,26.84,0.0,0.0,42.24,0
20:31:06,45.6,1,2,2,50.0,45.0,40.54,31.15,26.84,0.0,0.0,42.24,0
20:31:06,45.7,1,2,2,50.0,45.0,40.54,31.14,26.84,0.0,0.0,42.24,0
20:31:06,45.8,1,2,2,50.0,45.0,40.54,31.14,26.85,0.0,0.0,42.24,0
20:31:06,45.8,1,2,2,50.0,45.0,40.54,31.14,26.85,0.0,0.0,42.24,0
20:31:06,45.9,1,2,2,50.0,45.0,40.54,31.13,26.85,0.0,0.0,42.24,0
20:31:06,45.9,1,2,2,50.0,45.0,40.54,31.13,26.85,0.0,0.0,42.24,0
20:31:06,46.0,1,2,2,50.0,45.0,40.53,31.12,26.86,0.0,0.0,42.24,0
20:31:06,46.0,1,2,2,50.0,45.0,40.53,31.12,26.86,0.0,0.0,42.23,0
20:31:06,46.1,1,2,2,50.0,45.0,40.53,31.11,26.86,0.0,0.0,42.23,0
20:31:06,46.1,1,2,2,50.0,45.0,40.53,31.11,26.87,0.0,0.0,42.23,0
20:31:06,46.2,1,2,2,50.0,45.0,40.53,31.1,26.87,0.0,0.0,42.23,0
20:31:06,46.3,1,2,2,50.0,45.0,40.53,31.1,26.87,0.0,0.0,42.23,0
20:31:06,46.3,1,2,2,50.0,45.0,40.53,31.09,26.87,0.0,0.0,42.23,0
20:31:06,46.4,1,2,2,50.0,45.0,40.53,31.09,26.88,0.0,0.0,42.23,0
20:31:06,46.4,1,2,2,50.0,45.0,40.53,31.08,26.88,0.0,0.0,42.23,0
20:31:06,46.5,1,2,2,50.0,45.0,40.53,31.08,26.88,0.0,0.0,42.23,0
20:31:06,46.5,1,2,2,50.0,45.0,40.53,31.07,26.88,0.0,0.0,42.23,0
20:31:06,46.6,1,2,2,50.0,45.0,40.53,31.07,26.89,0.0,0.0,42.23,0
20:31:07,46.7,1,2,2,50.0,45.0,40.53,31.06,26.89,0.0,0.0,42.23,0
20:31:07,46.7,1,2,2,50.0,45.0,40.53,31.06,26.89,0.0,0.0,42.23,0
20:31:07,46.8,1,2,2,50.0,45.0,40.53,31.05,26.9,0.0,0.0,42.23,0
20:31:07,46.8,1,2,2,50.0,45.0,40.53,31.05,26.9,0.0,0.0,42.23,0
20:31:07,46.9,1,2,2,50.0,45.0,40.53,31.04,26.9,0.0,0.0,42.23,0
20:31:07,46.9,1,2,2,50.0,45.0,40.53,31.04,26.9,0.0,0.0,42.23,0
20:31:07,47.0,1,2,2,50.0,45.0,40.53,31.04,26.9,0.0,0.0,42.23,0
20:31:07,47.0,1,2,2,50.0,45.0,40.53,31.03,26.91,0.0,0.0,42.23,0
20:31:07,47.1,1,2,2,50.0,45.0,40.53,31.03,26.91,0.0,0.0,42.23,0
20:31:07,47.1,1,2,2,50.0,45.0,40.53,31.02,26.91,0.0,0.0,42.23,0
20:31:07,47.2,1,2,2,50.0,45.0,40.53,31.02,26.91,0.0,0.0,42.23,0
20:31:07,47.3,1,2,2,50.0,45.0,40.53,31.01,26.92,0.0,0.0,42.23,0
20:31:07,47.3,1,2,2,50.0,45.0,40.52,31.01,26.92,0.0,0.0,42.23,0
20:31:07,47.4,1,2,2,50.0,45.0,40.52,31.0,26.92,0.0,0.0,42.23,0
20:31:07,47.4,1,2,2,50.0,45.0,40.52,31.0,26.92,0.0,0.0,42.23,0
20:31:07,47.5,1,2,2,50.0,45.0,40.52,30.99,26.93,0.0,0.0,42.23,0
20:31:07,47.5,1,2,2,50.0,45.0,40.52,30.99,26.93,0.0,0.0,42.22,0
20:31:07,47.6,1,2,2,50.0,45.0,40.52,30.99,26.93,0.0,0.0,43.22,0
20:31:08,47.6,1,2,2,50.0,45.0,40.52,30.98,26.93,0.0,0.0,44.22,0
20:31:08,47.7,1,2,2,50.0,45.0,40.52,30.98,26.93,0.0,0.0,44.22,0
20:31:08,47.8,1,2,2,50.0,45.0,40.52,30.97,26.94,0.0,0.0,45.22,0
20:31:08,47.8,1,2,2,50.0,45.0,40.52,30.97,26.94,0.0,0.0,45.22,0
20:31:08,47.9,1,2,2,50.0,45.0,40.52,30.96,26.94,0.0,0.0,47.22,0
20:31:08,47.9,1,2,2,50.0,45.0,40.52,30.96,26.94,0.0,0.0,47.22,0
20:31:08,48.0,1,2,2,50.0,45.0,40.52,30.96,26.94,0.0,0.0,47.22,0
20:31:08,48.0,1,2,2,50.0,45.0,40.52,30.95,26.95,0.0,0.0,47.22,0
20:31:08,48.1,1,2,2,50.0,45.0,40.52,30.95,26.95,0.0,0.0,47.22,0
20:31:08,48.1,1,2,2,50.0,45.0,40.52,30.94,26.95,0.0,0.0,47.22,0
20:31:08,48.2,1,2,2,50.0,45.0,40.52,30.94,26.95,0.0,0.0,47.22,0
20:31:08,48.3,1,2,2,50.0,45.0,40.52,30.93,26.95,0.0,0.0,47.22,0
20:31:08,48.3,1,2,2,50.0,45.0,40.52,30.93,26.96,0.0,0.0,47.22,0
20:31:08,48.4,1,2,2,50.0,45.0,40.52,30.93,26.96,0.0,0.0,47.22,0
20:31:08,48.4,1,2,2,50.0,45.0,40.52,30.92,26.96,0.0,0.0,47.22,0
20:31:08,48.5,1,2,2,50.0,45.0,40.51,30.92,26.96,0.0,0.0,47.22,0
20:31:08,48.5,1,2,2,50.0,45.0,40.51,30.91,26.96,0.0,0.0,47.22,0
20:31:08,48.6,1,2,2,50.0,45.0,40.51,30.91,26.96,0.0,0.0,47.22,0
20:31:09,48.6,1,2,2,50.0,45.0,40.51,30.91,26.97,0.0,0.0,47.22,0
20:31:09,48.7,1,2,2,50.0,45.0,40.51,30.9,26.97,0.0,0.0,47.22,0
20:31:09,48.8,1,2,2,50.0,45.0,40.51,30.9,26.97,0.0,0.0,47.22,0
20:31:09,48.8,1,2,2,50.0,45.0,40.51,30.89,26.97,0.0,0.0,47.21,0
20:31:09,48.9,1,2,2,50.0,45.0,40.51,30.89,26.97,0.0,0.0,47.21,0
20:31:09,48.9,1,2,2,50.0,45.0,40.51,30.89,26.98,0.0,0.0,47.21,0
20:31:09,49.0,1,2,2,50.0,45.0,40.51,30.88,26.98,0.0,0.0,47.21,0
20:31:09,49.0,1,2,2,50.0,45.0,40.51,30.88,26.98,0.0,0.0,47.21,0
20:31:09,49.1,1,2,2,50.0,45.0,40.51,30.87,26.98,0.0,0.0,47.21,0
20:31:09,49.1,1,2,2,50.0,45.0,40.51,30.87,26.98,0.0,0.0,47.21,0
20:31:09,49.2,1,2,2,50.0,45.0,40.51,30.87,26.98,0.0,0.0,47.21,0
20:31:09,49.3,1,2,2,50.0,45.0,40.51,30.86,26.98,0.0,0.0,47.21,0
20:31:09,49.3,1,2,2,50.0,45.0,40.51,30.86,26.99,0.0,0.0,47.21,0
20:31:09,49.4,1,2,2,50.0,45.0,40.51,30.85,26.99,0.0,0.0,47.21,0
20:31:09,49.4,1,2,2,50.0,45.0,40.51,30.85,26.99,0.0,0.0,47.21,0
20:31:09,49.5,1,2,2,50.0,45.0,40.51,30.85,26.99,0.0,0.0,47.21,0
20:31:09,49.5,1,2,2,50.0,45.0,40.51,30.84,26.99,0.0,0.0,47.21,0
20:31:09,49.6,1,2,2,50.0,45.0,40.5,30.84,26.99,0.0,0.0,47.21,0
20:31:10,49.6,1,2,2,50.0,45.0,40.5,30.83,27.0,0.0,0.0,47.21,0
20:31:10,49.7,1,2,2,50.0,45.0,40.5,30.83,27.0,0.0,0.0,47.21,0
20:31:10,49.8,1,2,2,50.0,45.0,40.5,30.83,27.0,0.0,0.0,47.21,0
20:31:10,49.8,1,2,2,50.0,45.0,40.5,30.82,27.0,0.0,0.0,47.21,0
20:31:10,49.9,1,2,2,50.0,45.0,40.5,30.82,27.0,0.0,0.0,47.21,0
20:31:10,49.9,1,2,2,50.0,45.0,40.5,30.81,27.0,0.0,0.0,47.21,0
20:31:10,50.0,1,2,2,50.0,45.0,40.5,30.81,27.0,0.0,0.0,47.2,0
20:31:10,50.0,1,2,2,50.0,45.0,40.5,30.81,27.0,0.0,0.0,47.2,0
20:31:10,50.1,1,2,2,50.0,45.0,40.5,30.8,27.01,0.0,0.0,47.2,0
20:31:10,50.1,1,2,2,50.0,45.0,40.5,30.8,27.01,0.0,0.0,47.2,0
20:31:10,50.2,1,2,2,50.0,45.0,40.5,30.8,27.01,0.0,0.0,47.2,0
20:31:10,50.3,1,2,2,50.0,45.0,40.5,30.79,27.01,0.0,0.0,47.2,0
20:31:10,50.3,1,2,2,50.0,45.0,40.5,30.79,27.01,0.0,0.0,47.2,0
20:31:10,50.4,1,2,2,50.0,45.0,40.5,30.79,27.01,0.0,0.0,47.2,0
20:31:10,50.4,1,2,2,50.0,45.0,40.5,30.78,27.01,0.0,0.0,47.2,0
20:31:10,50.5,1,2,2,50.0,45.0,40.5,30.78,27.02,0.0,0.0,47.2,0
20:31:10,50.5,1,2,2,50.0,45.0,40.5,30.77,27.02,0.0,0.0,47.2,0
20:31:10,50.6,1,2,2,50.0,45.0,40.49,30.77,27.02,0.0,0.0,47.2,0
20:31:11,50.6,1,2,2,50.0,45.0,40.49,30.77,27.02,0.0,0.0,47.2,0
20:31:11,50.7,1,2,2,50.0,45.0,40.49,30.76,27.02,0.0,0.0,47.2,0
20:31:11,50.8,1,2,2,50.0,45.0,40.49,30.76,27.02,0.0,0.0,47.2,0
20:31:11,50.8,1,2,2,50.0,45.0,40.49,30.76,27.02,0.0,0.0,47.2,0
20:31:11,50.9,1,2,2,50.0,45.0,40.49,30.75,27.02,0.0,0.0,47.2,0
20:31:11,50.9,1,2,2,50.0,45.0,40.49,30.75,27.02,0.0,0.0,47.2,0
20:31:11,51.0,1,2,2,50.0,45.0,40.49,30.75,27.03,0.0,0.0,47.2,0
20:31:11,51.0,1,2,2,50.0,45.0,40.49,30.74,27.03,0.0,0.0,47.2,0
20:31:11,51.1,1,2,2,50.0,45.0,40.49,30.74,27.03,0.0,0.0,47.19,0
20:31:11,51.1,1,2,2,50.0,45.0,40.49,30.73,27.03,0.0,0.0,47.19,0
20:31:11,51.2,1,2,2,50.0,45.0,40.49,30.73,27.03,0.0,0.0,47.19,0
20:31:11,51.3,1,2,2,50.0,45.0,40.49,30.73,27.03,0.0,0.0,47.19,0
20:31:11,51.3,2,2,2,50.0,45.0,40.41,30.87,27.03,0.0,0.0,47.12,0
20:31:11,51.4,2,2,2,50.0,45.0,40.34,31.01,27.03,0.0,0.0,47.06,0
20:31:11,51.4,2,2,2,50.0,45.0,40.27,31.17,27.03,0.0,0.0,47.0,0
20:31:11,51.5,2,2,2,50.0,45.0,40.21,31.32,27.04,0.0,0.0,46.95,0
20:31:11,51.5,2,2,2,50.0,45.0,40.16,31.44,27.04,0.0,0.0,46.91,0
20:31:11,51.6,2,2,2,50.0,45.0,40.11,31.57,27.04,0.0,0.0,46.87,0
20:31:12,51.6,2,2,2,50.0,45.0,40.08,31.69,27.04,0.0,0.0,46.83,0
20:31:12,51.7,2,2,2,50.0,45.0,40.05,31.81,27.05,0.0,0.0,46.8,0
20:31:12,51.8,2,2,2,50.0,45.0,40.01,31.94,27.05,0.0,0.0,46.78,0
20:31:12,51.8,2,2,2,50.0,45.0,40.0,32.05,27.05,0.0,0.0,46.75,0
20:31:12,51.9,2,2,2,50.0,45.0,40.0,32.16,27.06,0.0,0.0,46.73,0
20:31:12,51.9,2,2,2,50.0,45.0,40.0,32.28,27.06,0.0,0.0,46.72,0
20:31:12,52.0,2,2,2,50.0,45.0,40.0,32.39,27.07,0.0,0.0,46.7,0
20:31:12,52.0,2,2,2,50.0,45.0,40.0,32.5,27.07,0.0,0.0,46.69,0
20:31:12,52.1,2,2,2,50.0,45.0,40.0,32.61,27.08,0.0,0.0,46.68,0
20:31:12,52.1,2,2,2,50.0,45.0,40.0,32.7,27.08,0.0,0.0,46.67,0
20:31:12,52.2,2,2,2,50.0,45.0,40.0,32.8,27.08,0.0,0.0,46.66,0
20:31:12,52.3,2,2,2,50.0,45.0,40.0,32.93,27.09,0.0,0.0,46.66,0
20:31:12,52.3,2,2,2,50.0,45.0,40.0,33.03,27.1,0.0,0.0,46.66,0
20:31:12,52.4,2,2,2,50.0,45.0,40.0,33.12,27.1,0.0,0.0,46.66,0
20:31:12,52.4,2,2,2,50.0,45.0,40.0,33.22,27.11,0.0,0.0,46.66,0
20:31:12,52.5,2,2,2,50.0,45.0,40.01,33.32,27.11,0.0,0.0,46.66,0
20:31:12,52.6,2,2,2,50.0,45.0,40.01,33.4,27.12,0.0,0.0,46.67,0
20:31:12,52.6,2,2,2,50.0,45.0,40.02,33.5,27.13,0.0,0.0,46.67,0
20:31:13,52.7,2,2,2,50.0,45.0,40.03,33.59,27.13,0.0,0.0,46.67,0
20:31:13,52.7,2,2,2,50.0,45.0,40.04,33.67,27.14,0.0,0.0,46.68,0
20:31:13,52.8,2,2,2,50.0,45.0,40.06,33.75,27.15,0.0,0.0,47.69,0
20:31:13,52.8,2,2,2,50.0,45.0,40.07,33.84,27.15,0.0,0.0,48.69,0
20:31:13,52.9,2,2,2,50.0,45.0,40.09,33.92,27.16,0.0,0.0,48.7,0
20:31:13,52.9,2,2,2,50.0,45.0,40.1,34.0,27.17,0.0,0.0,49.71,0
20:31:13,53.0,2,2,2,50.0,45.0,40.12,34.1,27.18,0.0,0.0,49.71,0
20:31:13,53.1,2,2,2,50.0,45.0,40.14,34.18,27.18,0.0,0.0,50.72,0
20:31:13,53.1,2,2,2,50.0,45.0,40.16,34.26,27.19,0.0,0.0,51.73,0
20:31:13,53.2,2,2,2,50.0,45.0,40.18,34.34,27.2,0.0,0.0,52.74,0
20:31:13,53.2,2,2,2,50.0,45.0,40.2,34.43,27.21,0.0,0.0,52.75,0
20:31:13,53.3,2,2,2,50.0,45.0,40.22,34.5,27.22,0.0,0.0,53.76,0
20:31:13,53.3,2,2,2,50.0,45.0,40.25,34.57,27.22,0.0,0.0,54.77,0
20:31:13,53.4,2,2,2,50.0,45.0,40.27,34.65,27.23,0.0,0.0,54.78,0
20:31:13,53.5,2,2,2,50.0,45.0,40.29,34.72,27.24,0.0,0.0,55.79,0
20:31:13,53.5,2,2,2,50.0,45.0,40.31,34.79,27.25,0.0,0.0,56.8,0
20:31:13,53.6,2,2,2,50.0,45.0,40.34,34.86,27.26,0.0,0.0,57.81,0
20:31:13,53.6,2,2,2,50.0,45.0,40.36,34.93,27.27,0.0,0.0,57.82,0
20:31:14,53.7,2,2,2,50.0,45.0,40.39,35.0,27.28,0.0,0.0,58.83,0
20:31:14,53.7,2,2,2,50.0,45.0,40.41,35.06,27.28,0.0,0.0,59.84,0
20:31:14,53.8,2,2,2,50.0,45.0,40.44,35.13,27.29,0.0,0.0,59.85,0
20:31:14,53.8,2,2,2,50.0,45.0,40.46,35.2,27.3,0.0,0.0,60.86,0
20:31:14,53.9,2,2,2,50.0,45.0,40.48,35.26,27.31,0.0,0.0,61.87,0
20:31:14,54.0,2,2,2,50.0,45.0,40.51,35.32,27.32,0.0,0.0,62.89,0
20:31:14,54.0,2,2,2,50.0,45.0,40.54,35.4,27.33,0.0,0.0,62.9,0
20:31:14,54.1,2,2,2,50.0,45.0,40.56,35.46,27.34,0.0,0.0,63.91,0
20:31:14,54.1,2,2,2,50.0,45.0,40.58,35.52,27.35,0.0,0.0,64.92,0
20:31:14,54.2,2,2,2,50.0,45.0,40.62,35.6,27.36,0.0,0.0,64.93,0
20:31:14,54.2,2,2,2,50.0,45.0,40.64,35.66,27.37,0.0,0.0,65.94,0
20:31:14,54.3,2,2,2,50.0,45.0,40.67,35.71,27.38,0.0,0.0,66.95,0
20:31:14,54.4,2,2,2,50.0,45.0,40.69,35.77,27.39,0.0,0.0,66.97,0
20:31:14,54.4,2,2,2,50.0,45.0,40.72,35.84,27.4,0.0,0.0,67.98,0
20:31:14,54.5,2,2,2,50.0,45.0,40.75,35.91,27.41,0.0,0.0,68.99,0
20:31:14,54.5,2,2,2,50.0,45.0,40.77,35.96,27.42,0.0,0.0,70.0,0
20:31:14,54.6,2,2,2,50.0,45.0,40.8,36.03,27.43,0.0,0.0,70.01,0
20:31:15,54.6,2,2,2,50.0,45.0,40.83,36.08,27.44,0.0,0.0,71.02,0
20:31:15,54.7,2,2,2,50.0,45.0,40.85,36.13,27.45,0.0,0.0,72.03,0
20:31:15,54.8,2,2,2,50.0,45.0,40.88,36.19,27.47,0.0,0.0,72.04,0
20:31:15,54.8,2,2,2,50.0,45.0,40.9,36.24,27.48,0.0,0.0,73.06,0
20:31:15,54.9,2,2,2,50.0,45.0,40.92,36.3,27.49,0.0,0.0,74.07,0
20:31:15,54.9,2,2,2,50.0,45.0,40.95,36.35,27.5,0.0,0.0,75.08,0
20:31:15,55.0,2,2,2,50.0,45.0,40.97,36.41,27.51,0.0,0.0,75.09,0
20:31:15,55.0,2,2,2,50.0,45.0,41.0,36.46,27.52,0.0,0.0,76.1,0
20:31:15,55.1,2,2,2,50.0,45.0,41.02,36.51,27.53,0.0,0.0,77.11,0
20:31:15,55.2,2,2,2,50.0,45.0,41.04,36.56,27.54,0.0,0.0,78.12,0
20:31:15,55.2,2,2,2,50.0,45.0,41.07,36.61,27.55,0.0,0.0,78.13,0
20:31:15,55.3,2,2,2,50.0,45.0,41.09,36.66,27.56,0.0,0.0,79.14,0
20:31:15,55.3,2,2,2,50.0,45.0,41.12,36.71,27.57,0.0,0.0,80.15,0
20:31:15,55.4,2,2,2,50.0,45.0,41.14,36.76,27.58,0.0,0.0,80.16,0
20:31:15,55.4,2,2,2,50.0,45.0,41.17,36.81,27.6,0.0,0.0,81.17,0
20:31:15,55.5,2,2,2,50.0,45.0,41.19,36.86,27.61,0.0,0.0,82.18,0
20:31:15,55.6,2,2,2,50.0,45.0,41.21,36.91,27.62,0.0,0.0,83.19,0
20:31:15,55.6,2,2,2,50.0,45.0,41.24,36.96,27.63,0.0,0.0,83.2,0
20:31:16,55.7,2,2,2,50.0,45.0,41.26,37.0,27.64,0.0,0.0,84.21,0
20:31:16,55.7,2,2,2,50.0,45.0,41.28,37.05,27.65,0.0,0.0,85.22,0
20:31:16,55.8,2,2,2,50.0,45.0,41.31,37.1,27.66,0.0,0.0,85.23,0
20:31:16,55.8,2,2,2,50.0,45.0,41.33,37.15,27.68,0.0,0.0,86.24,0
20:31:16,55.9,2,2,2,50.0,45.0,41.35,37.19,27.69,0.0,0.0,87.25,0
20:31:16,56.0,2,2,2,50.0,45.0,41.37,37.24,27.7,0.0,0.0,87.26,0
20:31:16,56.0,2,2,2,50.0,45.0,41.4,37.29,27.71,0.0,0.0,88.27,0
20:31:16,56.1,2,2,2,50.0,45.0,41.42,37.33,27.72,0.0,0.0,89.28,0
20:31:16,56.1,2,2,2,50.0,45.0,41.44,37.37,27.73,0.0,0.0,90.29,0
20:31:16,56.2,2,2,2,50.0,45.0,41.46,37.42,27.75,0.0,0.0,90.3,0
20:31:16,56.2,2,2,2,50.0,45.0,41.48,37.46,27.76,0.0,0.0,91.31,0
20:31:16,56.3,2,2,2,50.0,45.0,41.5,37.5,27.77,0.0,0.0,92.32,0
20:31:16,56.4,2,2,2,50.0,45.0,41.53,37.55,27.78,0.0,0.0,92.33,0
20:31:16,56.4,2,2,2,50.0,45.0,41.54,37.59,27.79,0.0,0.0,93.34,0
20:31:16,56.5,2,2,2,50.0,45.0,41.57,37.63,27.81,0.0,0.0,94.35,0
20:31:16,56.5,2,2,2,50.0,45.0,41.58,37.67,27.82,0.0,0.0,95.36,0
20:31:16,56.6,2,2,2,50.0,45.0,41.61,37.71,27.83,0.0,0.0,95.37,0
20:31:17,56.6,2,2,2,50.0,45.0,41.63,37.75,27.84,0.0,0.0,96.37,0
20:31:17,56.7,2,2,2,50.0,45.0,41.64,37.79,27.85,0.0,0.0,97.38,0
20:31:17,56.7,2,2,2,50.0,45.0,41.66,37.83,27.87,0.0,0.0,97.39,0
20:31:17,56.8,2,2,2,50.0,45.0,41.68,37.86,27.88,0.0,0.0,98.4,0
20:31:17,56.9,2,2,2,50.0,45.0,41.7,37.9,27.89,0.0,0.0,99.41,0
20:31:17,56.9,2,2,2,50.0,45.0,41.72,37.94,27.9,0.0,0.0,99.42,0
20:31:17,57.0,2,2,2,50.0,45.0,41.74,37.98,27.91,0.0,0.0,100.43,0
20:31:17,57.0,2,2,2,50.0,45.0,41.76,38.02,27.93,0.0,0.0,101.43,0
20:31:17,57.1,2,2,2,50.0,45.0,41.78,38.05,27.94,0.0,0.0,101.44,0
20:31:17,57.1,2,2,2,50.0,45.0,41.79,38.08,27.95,0.0,0.0,102.45,0
20:31:17,57.2,2,2,2,50.0,45.0,41.81,38.12,27.96,0.0,0.0,103.46,0
20:31:17,57.2,2,2,2,50.0,45.0,41.83,38.16,27.97,0.0,0.0,104.47,0
20:31:17,57.3,2,2,2,50.0,45.0,41.84,38.19,27.98,0.0,0.0,104.47,0
20:31:17,57.4,2,2,2,50.0,45.0,41.86,38.23,28.0,0.0,0.0,104.48,0
20:31:17,57.4,2,2,2,50.0,45.0,41.88,38.26,28.01,0.0,0.0,105.49,0
20:31:17,57.5,2,2,2,50.0,45.0,41.9,38.29,28.02,0.0,0.0,106.5,0
20:31:17,57.5,2,2,2,50.0,45.0,41.91,38.32,28.03,0.0,0.0,106.5,0
20:31:17,57.6,2,2,2,50.0,45.0,41.93,38.36,28.04,0.0,0.0,107.51,0
20:31:18,57.6,2,2,2,50.0,45.0,41.95,38.39,28.05,0.0,0.0,108.52,0
20:31:18,57.7,2,2,2,50.0,45.0,41.96,38.42,28.07,0.0,0.0,108.53,0
20:31:18,57.7,2,2,2,50.0,45.0,41.98,38.45,28.08,0.0,0.0,108.53,0
20:31:18,57.8,2,2,2,50.0,45.0,41.99,38.48,28.09,0.0,0.0,109.54,0
20:31:18,57.9,2,2,2,50.0,45.0,42.01,38.51,28.1,0.0,0.0,110.55,0
20:31:18,57.9,2,2,2,50.0,45.0,42.03,38.55,28.11,0.0,0.0,110.55,0
20:31:18,58.0,2,2,2,50.0,45.0,42.05,38.59,28.13,0.0,0.0,110.56,0
20:31:18,58.0,2,2,2,50.0,45.0,42.06,38.62,28.14,0.0,0.0,110.57,0
20:31:18,58.1,2,2,2,50.0,45.0,42.08,38.65,28.15,0.0,0.0,110.58,0
20:31:18,58.1,2,2,2,50.0,45.0,42.09,38.68,28.16,0.0,0.0,110.58,0
20:31:18,58.2,2,2,2,50.0,45.0,42.11,38.71,28.18,0.0,0.0,110.59,0
20:31:18,58.3,2,2,2,50.0,45.0,42.12,38.74,28.19,0.0,0.0,110.6,0
20:31:18,58.3,2,2,2,50.0,45.0,42.14,38.77,28.2,0.0,0.0,110.6,0
20:31:18,58.4,2,2,2,50.0,45.0,42.15,38.8,28.21,0.0,0.0,110.61,0
20:31:18,58.5,2,2,2,50.0,45.0,42.17,38.83,28.23,0.0,0.0,110.62,0
20:31:18,58.5,2,2,2,50.0,45.0,42.19,38.87,28.24,0.0,0.0,110.62,0
20:31:18,58.6,2,2,2,50.0,45.0,42.2,38.89,28.25,0.0,0.0,110.63,0
20:31:19,58.6,2,2,2,50.0,45.0,42.21,38.92,28.26,0.0,0.0,110.63,0
20:31:19,58.7,2,2,2,50.0,45.0,42.23,38.95,28.28,0.0,0.0,110.64,0
20:31:19,58.7,2,2,2,50.0,45.0,42.24,38.98,28.29,0.0,0.0,110.65,0
20:31:19,58.8,2,2,2,50.0,45.0,42.25,39.01,28.3,0.0,0.0,110.65,0
20:31:19,58.8,2,2,2,50.0,45.0,42.27,39.04,28.31,0.0,0.0,110.66,0
20:31:19,58.9,2,2,2,50.0,45.0,42.28,39.06,28.33,0.0,0.0,110.67,0
20:31:19,59.0,2,2,2,50.0,45.0,42.3,39.09,28.34,0.0,0.0,110.67,0
20:31:19,59.0,2,2,2,50.0,45.0,42.31,39.12,28.35,0.0,0.0,110.68,0
20:31:19,59.1,2,2,2,50.0,45.0,42.32,39.14,28.36,0.0,0.0,110.68,0
20:31:19,59.1,2,2,2,50.0,45.0,42.34,39.17,28.37,0.0,0.0,110.69,0
20:31:19,59.2,2,2,2,50.0,45.0,42.35,39.2,28.39,0.0,0.0,110.69,0
20:31:19,59.2,2,2,2,50.0,45.0,42.36,39.22,28.4,0.0,0.0,110.7,0
20:31:19,59.3,2,2,2,50.0,45.0,42.37,39.24,28.41,0.0,0.0,110.71,0
20:31:19,59.4,2,2,2,50.0,45.0,42.39,39.27,28.42,0.0,0.0,110.71,0
20:31:19,59.4,2,2,2,50.0,45.0,42.4,39.29,28.43,0.0,0.0,111.72,0
20:31:19,59.5,2,2,2,50.0,45.0,42.41,39.32,28.44,0.0,0.0,112.72,0
20:31:19,59.5,2,2,2,50.0,45.0,42.42,39.34,28.46,0.0,0.0,112.73,0
20:31:19,59.6,2,2,2,50.0,45.0,42.43,39.36,28.47,0.0,0.0,113.73,0
20:31:19,59.6,2,2,2,50.0,45.0,42.45,39.39,28.48,0.0,0.0,114.74,0
20:31:20,59.7,2,2,2,50.0,45.0,42.46,39.41,28.49,0.0,0.0,114.74,0
20:31:20,59.7,2,2,2,50.0,45.0,42.47,39.43,28.5,0.0,0.0,115.75,0
20:31:20,59.8,2,2,2,50.0,45.0,42.48,39.46,28.51,0.0,0.0,116.75,0
20:31:20,59.9,2,2,2,50.0,45.0,42.49,39.48,28.53,0.0,0.0,117.76,0
20:31:20,59.9,2,2,2,50.0,45.0,42.51,39.51,28.54,0.0,0.0,117.76,0
20:31:20,60.0,2,2,2,50.0,45.0,42.52,39.53,28.55,0.0,0.0,118.77,0
20:31:20,60.0,2,2,2,50.0,45.0,42.53,39.55,28.56,0.0,0.0,119.77,0
20:31:20,60.1,2,2,2,50.0,45.0,42.54,39.57,28.57,0.0,0.0,120.78,0
20:31:20,60.1,2,2,2,50.0,45.0,42.55,39.59,28.59,0.0,0.0,120.78,0
20:31:20,60.2,2,2,2,50.0,45.0,42.56,39.61,28.6,0.0,0.0,121.79,0
20:31:20,60.3,2,2,2,50.0,45.0,42.57,39.63,28.61,0.0,0.0,122.79,0
20:31:20,60.3,2,2,2,50.0,45.0,42.58,39.66,28.62,0.0,0.0,122.8,0
20:31:20,60.4,2,2,2,50.0,45.0,42.59,39.68,28.63,0.0,0.0,123.8,0
20:31:20,60.4,2,2,2,50.0,45.0,42.6,39.7,28.65,0.0,0.0,124.81,0
20:31:20,60.5,2,2,2,50.0,45.0,42.61,39.72,28.66,0.0,0.0,124.81,0
20:31:20,60.6,2,2,2,50.0,45.0,42.63,39.75,28.67,0.0,0.0,125.82,0
20:31:20,60.6,2,2,2,50.0,45.0,42.64,39.77,28.68,0.0,0.0,126.82,0
20:31:21,60.7,2,2,2,50.0,45.0,42.65,39.79,28.69,0.0,0.0,126.83,0
20:31:21,60.7,2,2,2,50.0,45.0,42.66,39.81,28.71,0.0,0.0,126.83,0
20:31:21,60.8,2,2,2,50.0,45.0,42.67,39.83,28.72,0.0,0.0,126.83,0
20:31:21,60.8,2,2,2,50.0,45.0,42.68,39.85,28.73,0.0,0.0,126.84,0
20:31:21,60.9,2,2,2,50.0,45.0,42.69,39.87,28.74,0.0,0.0,126.84,0
20:31:21,60.9,2,2,2,50.0,45.0,42.7,39.89,28.75,0.0,0.0,126.85,0
20:31:21,61.0,2,2,2,50.0,45.0,42.71,39.9,28.76,0.0,0.0,126.85,0
20:31:21,61.1,2,2,2,50.0,45.0,42.71,39.92,28.77,0.0,0.0,126.86,0
20:31:21,61.1,2,2,2,50.0,45.0,42.72,39.94,28.79,0.0,0.0,126.86,0
20:31:21,61.2,2,2,2,50.0,45.0,42.73,39.96,28.8,0.0,0.0,126.86,0
20:31:21,61.2,2,2,2,50.0,45.0,42.74,39.98,28.81,0.0,0.0,126.87,0
20:31:21,61.3,2,2,2,50.0,45.0,42.75,40.0,28.82,0.0,0.0,126.87,0
20:31:21,61.3,2,2,2,50.0,45.0,42.76,40.01,28.83,0.0,0.0,126.88,0
20:31:21,61.4,2,2,2,50.0,45.0,42.77,40.03,28.84,0.0,0.0,126.88,0
20:31:21,61.4,2,2,2,50.0,45.0,42.78,40.05,28.85,0.0,0.0,126.88,0
20:31:21,61.5,2,2,2,50.0,45.0,42.79,40.06,28.86,0.0,0.0,126.89,0
20:31:21,61.6,2,2,2,50.0,45.0,42.79,40.08,28.87,0.0,0.0,126.89,0
20:31:21,61.6,2,2,2,50.0,45.0,42.8,40.1,28.88,0.0,0.0,126.9,0
20:31:22,61.7,2,2,2,50.0,45.0,42.81,40.11,28.89,0.0,0.0,126.9,0
20:31:22,61.7,2,2,2,50.0,45.0,42.82,40.13,28.9,0.0,0.0,126.9,0
20:31:22,61.8,2,2,2,50.0,45.0,42.83,40.15,28.92,0.0,0.0,126.91,0
20:31:22,61.8,2,2,2,50.0,45.0,42.84,40.16,28.93,0.0,0.0,126.91,0
20:31:22,61.9,2,2,2,50.0,45.0,42.84,40.18,28.94,0.0,0.0,126.91,0
20:31:22,61.9,2,2,2,50.0,45.0,42.85,40.2,28.95,0.0,0.0,126.92,0
20:31:22,62.0,2,2,2,50.0,45.0,42.86,40.21,28.96,0.0,0.0,126.92,0
20:31:22,62.1,2,2,2,50.0,45.0,42.87,40.23,28.97,0.0,0.0,126.93,0
20:31:22,62.1,2,2,2,50.0,45.0,42.88,40.24,28.98,0.0,0.0,126.93,0
20:31:22,62.2,2,2,2,50.0,45.0,42.89,40.27,29.0,0.0,0.0,126.93,0
20:31:22,62.2,2,2,2,50.0,45.0,42.89,40.28,29.01,0.0,0.0,126.94,0
20:31:22,62.3,2,2,2,50.0,45.0,42.9,40.3,29.02,0.0,0.0,127.94,0
20:31:22,62.3,2,2,2,50.0,45.0,42.91,40.31,29.03,0.0,0.0,127.94,0
20:31:22,62.4,2,2,2,50.0,45.0,42.92,40.33,29.04,0.0,0.0,127.95,0
20:31:22,62.5,2,2,2,50.0,45.0,42.92,40.34,29.05,0.0,0.0,128.95,0
20:31:22,62.5,2,2,2,50.0,45.0,42.93,40.35,29.06,0.0,0.0,128.95,0
20:31:22,62.6,2,2,2,50.0,45.0,42.94,40.37,29.07,0.0,0.0,128.96,0
20:31:23,62.6,2,2,2,50.0,45.0,42.95,40.38,29.08,0.0,0.0,129.96,0
20:31:23,62.7,2,2,2,50.0,45.0,42.95,40.4,29.09,0.0,0.0,129.96,0
20:31:23,62.8,2,2,2,50.0,45.0,42.96,40.42,29.11,0.0,0.0,129.97,0
20:31:23,62.8,2,2,2,50.0,45.0,42.97,40.43,29.12,0.0,0.0,130.97,0
20:31:23,62.9,2,2,2,50.0,45.0,42.98,40.45,29.13,0.0,0.0,130.97,0
20:31:23,62.9,2,2,2,50.0,45.0,42.98,40.46,29.14,0.0,0.0,130.97,0
20:31:23,63.0,2,2,2,50.0,45.0,42.99,40.48,29.15,0.0,0.0,131.98,0
20:31:23,63.0,2,2,2,50.0,45.0,43.0,40.49,29.16,0.0,0.0,131.98,0
20:31:23,63.1,2,2,2,50.0,45.0,43.0,40.5,29.17,0.0,0.0,131.98,0
20:31:23,63.2,2,2,2,50.0,45.0,43.01,40.52,29.18,0.0,0.0,132.99,0
20:31:23,63.2,2,2,2,50.0,45.0,43.02,40.53,29.19,0.0,0.0,132.99,0
20:31:23,63.3,2,2,2,50.0,45.0,43.02,40.54,29.2,0.0,0.0,133.99,0
20:31:23,63.3,2,2,2,50.0,45.0,43.03,40.56,29.21,0.0,0.0,134.0,0
20:31:23,63.4,2,2,2,50.0,45.0,43.04,40.57,29.22,0.0,0.0,135.0,0
20:31:23,63.4,2,2,2,50.0,45.0,43.04,40.58,29.23,0.0,0.0,135.0,0
20:31:23,63.5,2,2,2,50.0,45.0,43.05,40.59,29.24,0.0,0.0,135.0,0
20:31:23,63.6,2,2,2,50.0,45.0,43.06,40.61,29.25,0.0,0.0,136.01,0
20:31:24,63.6,2,2,2,50.0,45.0,43.06,40.62,29.26,0.0,0.0,136.01,0
20:31:24,63.7,2,2,2,50.0,45.0,43.07,40.63,29.27,0.0,0.0,136.01,0
20:31:24,63.7,2,2,2,50.0,45.0,43.08,40.65,29.28,0.0,0.0,136.01,0
20:31:24,63.8,2,2,2,50.0,45.0,43.08,40.66,29.29,0.0,0.0,136.02,0
20:31:24,63.8,2,2,2,50.0,45.0,43.09,40.67,29.3,0.0,0.0,136.02,0
20:31:24,63.9,2,2,2,50.0,45.0,43.09,40.68,29.31,0.0,0.0,136.02,0
20:31:24,64.0,2,2,2,50.0,45.0,43.1,40.69,29.32,0.0,0.0,136.03,0
20:31:24,64.0,2,2,2,50.0,45.0,43.11,40.7,29.33,0.0,0.0,136.03,0
20:31:24,64.1,2,2,2,50.0,45.0,43.11,40.72,29.34,0.0,0.0,136.03,0
20:31:24,64.1,2,2,2,50.0,45.0,43.12,40.73,29.35,0.0,0.0,136.03,0
20:31:24,64.2,2,2,2,50.0,45.0,43.12,40.74,29.36,0.0,0.0,136.04,0
20:31:24,64.2,2,2,2,50.0,45.0,43.13,40.75,29.37,0.0,0.0,136.04,0
20:31:24,64.3,2,2,2,50.0,45.0,43.13,40.76,29.38,0.0,0.0,136.04,0
20:31:24,64.4,2,2,2,50.0,45.0,43.14,40.77,29.39,0.0,0.0,136.04,0
20:31:24,64.4,2,2,2,50.0,45.0,43.15,40.78,29.4,0.0,0.0,136.05,0
20:31:24,64.5,2,2,2,50.0,45.0,43.15,40.79,29.41,0.0,0.0,136.05,0
20:31:24,64.5,2,2,2,50.0,45.0,43.16,40.81,29.42,0.0,0.0,136.05,0
20:31:24,64.6,2,2,2,50.0,45.0,43.16,40.82,29.43,0.0,0.0,136.05,0
20:31:25,64.6,2,2,2,50.0,45.0,43.17,40.83,29.44,0.0,0.0,136.06,0
20:31:25,64.7,2,2,2,50.0,45.0,43.17,40.84,29.45,0.0,0.0,136.06,0
20:31:25,64.7,2,2,2,50.0,45.0,43.18,40.85,29.46,0.0,0.0,136.06,0
20:31:25,64.8,2,2,2,50.0,45.0,43.18,40.86,29.47,0.0,0.0,136.06,0
20:31:25,64.9,2,2,2,50.0,45.0,43.19,40.87,29.48,0.0,0.0,136.06,0
20:31:25,64.9,2,2,2,50.0,45.0,43.19,40.88,29.49,0.0,0.0,136.07,0
20:31:25,65.0,2,2,2,50.0,45.0,43.2,40.89,29.49,0.0,0.0,136.07,0
20:31:25,65.0,2,2,2,50.0,45.0,43.2,40.9,29.5,0.0,0.0,136.07,0
20:31:25,65.1,2,2,2,50.0,45.0,43.21,40.91,29.51,0.0,0.0,136.07,0
20:31:25,65.1,2,2,2,50.0,45.0,43.21,40.92,29.52,0.0,0.0,136.08,0
20:31:25,65.2,2,2,2,50.0,45.0,43.22,40.93,29.53,0.0,0.0,136.08,0
20:31:25,65.2,2,2,2,50.0,45.0,43.22,40.94,29.54,0.0,0.0,136.08,0
20:31:25,65.3,2,2,2,50.0,45.0,43.22,40.94,29.55,0.0,0.0,136.08,0
20:31:25,65.3,2,2,2,50.0,45.0,43.23,40.95,29.56,0.0,0.0,136.08,0
20:31:25,65.4,2,2,2,50.0,45.0,43.23,40.96,29.57,0.0,0.0,136.09,0
20:31:25,65.5,2,2,2,50.0,45.0,43.24,40.97,29.57,0.0,0.0,136.09,0
20:31:25,65.5,2,2,2,50.0,45.0,43.24,40.98,29.58,0.0,0.0,136.09,0
20:31:25,65.6,2,2,2,50.0,45.0,43.25,40.99,29.59,0.0,0.0,136.09,0
20:31:25,65.6,2,2,2,50.0,45.0,43.25,41.0,29.6,0.0,0.0,136.09,0
20:31:26,65.7,2,2,2,50.0,45.0,43.26,41.01,29.61,0.0,0.0,137.1,0
20:31:26,65.7,2,2,2,50.0,45.0,43.26,41.02,29.62,0.0,0.0,137.1,0
20:31:26,65.8,2,2,2,50.0,45.0,43.26,41.02,29.63,0.0,0.0,137.1,0
20:31:26,65.8,2,2,2,50.0,45.0,43.27,41.03,29.63,0.0,0.0,137.1,0
20:31:26,65.9,2,2,2,50.0,45.0,43.27,41.04,29.64,0.0,0.0,138.1,0
20:31:26,65.9,2,2,2,50.0,45.0,43.28,41.05,29.65,0.0,0.0,138.11,0
20:31:26,66.0,2,2,2,50.0,45.0,43.28,41.06,29.66,0.0,0.0,138.11,0
20:31:26,66.1,2,2,2,50.0,45.0,43.29,41.07,29.67,0.0,0.0,139.11,0
20:31:26,66.1,2,2,2,50.0,45.0,43.29,41.08,29.68,0.0,0.0,139.11,0
20:31:26,66.2,2,2,2,50.0,45.0,43.29,41.09,29.69,0.0,0.0,139.11,0
20:31:26,66.2,2,2,2,50.0,45.0,43.3,41.09,29.7,0.0,0.0,139.11,0
20:31:26,66.3,2,2,2,50.0,45.0,43.3,41.1,29.7,0.0,0.0,139.12,0
20:31:26,66.3,2,2,2,50.0,45.0,43.31,41.11,29.71,0.0,0.0,139.12,0
20:31:26,66.4,2,2,2,50.0,45.0,43.31,41.12,29.72,0.0,0.0,139.12,0
20:31:26,66.4,2,2,2,50.0,45.0,43.31,41.12,29.73,0.0,0.0,139.12,0
20:31:26,66.5,2,2,2,50.0,45.0,43.32,41.13,29.74,0.0,0.0,139.12,0
20:31:26,66.6,2,2,2,50.0,45.0,43.32,41.14,29.75,0.0,0.0,139.13,0
20:31:26,66.6,2,2,2,50.0,45.0,43.33,41.15,29.75,0.0,0.0,139.13,0
20:31:27,66.7,2,2,2,50.0,45.0,43.33,41.16,29.76,0.0,0.0,139.13,0
20:31:27,66.7,2,2,2,50.0,45.0,43.33,41.16,29.77,0.0,0.0,139.13,0
20:31:27,66.8,2,2,2,50.0,45.0,43.34,41.17,29.78,0.0,0.0,139.13,0
20:31:27,66.8,2,2,2,50.0,45.0,43.34,41.18,29.79,0.0,0.0,139.13,0
20:31:27,66.9,2,2,2,50.0,45.0,43.34,41.19,29.8,0.0,0.0,139.14,0
20:31:27,66.9,2,2,2,50.0,45.0,43.35,41.19,29.8,0.0,0.0,139.14,0
20:31:27,67.0,2,2,2,50.0,45.0,43.35,41.2,29.81,0.0,0.0,139.14,0
20:31:27,67.1,2,2,2,50.0,45.0,43.35,41.21,29.82,0.0,0.0,139.14,0
20:31:27,67.1,2,2,2,50.0,45.0,43.36,41.21,29.83,0.0,0.0,139.14,0
20:31:27,67.2,2,2,2,50.0,45.0,43.36,41.22,29.84,0.0,0.0,139.14,0
20:31:27,67.2,2,2,2,50.0,45.0,43.37,41.23,29.84,0.0,0.0,139.15,0
20:31:27,67.3,2,2,2,50.0,45.0,43.37,41.24,29.85,0.0,0.0,139.15,0
20:31:27,67.3,2,2,2,50.0,45.0,43.37,41.24,29.86,0.0,0.0,139.15,0
20:31:27,67.4,2,2,2,50.0,45.0,43.38,41.25,29.87,0.0,0.0,139.15,0
20:31:27,67.4,2,2,2,50.0,45.0,43.38,41.26,29.88,0.0,0.0,139.15,0
20:31:27,67.5,2,2,2,50.0,45.0,43.38,41.26,29.88,0.0,0.0,139.15,0
20:31:27,67.5,2,2,2,50.0,45.0,43.39,41.27,29.89,0.0,0.0,139.15,0
20:31:27,67.6,2,2,2,50.0,45.0,43.39,41.28,29.9,0.0,0.0,139.16,0
20:31:28,67.7,2,2,2,50.0,45.0,43.39,41.28,29.91,0.0,0.0,139.16,0
20:31:28,67.7,2,2,2,50.0,45.0,43.4,41.29,29.91,0.0,0.0,139.16,0
20:31:28,67.8,2,2,2,50.0,45.0,43.4,41.3,29.92,0.0,0.0,139.16,0
20:31:28,67.8,2,2,2,50.0,45.0,43.4,41.3,29.93,0.0,0.0,139.16,0
20:31:28,67.9,2,2,2,50.0,45.0,43.4,41.31,29.94,0.0,0.0,139.16,0
20:31:28,67.9,2,2,2,50.0,45.0,43.41,41.31,29.94,0.0,0.0,139.16,0
20:31:28,68.0,2,2,2,50.0,45.0,43.41,41.32,29.95,0.0,0.0,139.17,0
20:31:28,68.0,2,2,2,50.0,45.0,43.41,41.33,29.96,0.0,0.0,139.17,0
20:31:28,68.1,2,2,2,50.0,45.0,43.42,41.33,29.97,0.0,0.0,139.17,0
20:31:28,68.2,2,2,2,50.0,45.0,43.42,41.34,29.97,0.0,0.0,139.17,0
20:31:28,68.2,2,2,2,50.0,45.0,43.42,41.34,29.98,0.0,0.0,139.17,0
20:31:28,68.3,2,2,2,50.0,45.0,43.43,41.35,29.99,0.0,0.0,139.17,0
20:31:28,68.3,2,2,2,50.0,45.0,43.43,41.36,30.0,0.0,0.0,139.17,0
20:31:28,68.4,2,2,2,50.0,45.0,43.43,41.36,30.0,0.0,0.0,139.18,0
20:31:28,68.4,2,2,2,50.0,45.0,43.43,41.37,30.01,0.0,0.0,139.18,0
20:31:28,68.5,2,2,2,50.0,45.0,43.44,41.37,30.02,0.0,0.0,139.18,0
20:31:28,68.6,2,2,2,50.0,45.0,43.44,41.38,30.03,0.0,0.0,139.18,0
20:31:28,68.6,2,2,2,50.0,45.0,43.44,41.39,30.04,0.0,0.0,139.18,0
20:31:29,68.7,2,2,2,50.0,45.0,43.45,41.39,30.04,0.0,0.0,139.18,0
20:31:29,68.7,2,2,2,50.0,45.0,43.45,41.4,30.05,0.0,0.0,139.18,0
20:31:29,68.8,2,2,2,50.0,45.0,43.45,41.41,30.06,0.0,0.0,139.18,0
20:31:29,68.8,2,2,2,50.0,45.0,43.46,41.41,30.07,0.0,0.0,139.19,0
20:31:29,68.9,2,2,2,50.0,45.0,43.46,41.42,30.07,0.0,0.0,139.19,0
20:31:29,69.0,2,2,2,50.0,45.0,43.46,41.42,30.08,0.0,0.0,139.19,0
20:31:29,69.0,2,2,2,50.0,45.0,43.46,41.43,30.09,0.0,0.0,139.19,0
20:31:29,69.1,2,2,2,50.0,45.0,43.47,41.43,30.09,0.0,0.0,139.19,0
20:31:29,69.1,2,2,2,50.0,45.0,43.47,41.44,30.1,0.0,0.0,139.19,0
20:31:29,69.2,2,2,2,50.0,45.0,43.47,41.44,30.11,0.0,0.0,139.19,0
20:31:29,69.2,2,2,2,50.0,45.0,43.47,41.45,30.12,0.0,0.0,139.19,0
20:31:29,69.3,2,2,2,50.0,45.0,43.48,41.46,30.12,0.0,0.0,139.19,0
20:31:29,69.4,2,2,2,50.0,45.0,43.48,41.46,30.13,0.0,0.0,139.2,0
20:31:29,69.4,2,2,2,50.0,45.0,43.48,41.47,30.14,0.0,0.0,139.2,0
20:31:29,69.5,2,2,2,50.0,45.0,43.48,41.47,30.14,0.0,0.0,139.2,0
20:31:29,69.5,2,2,2,50.0,45.0,43.49,41.48,30.15,0.0,0.0,139.2,0
20:31:29,69.6,2,2,2,50.0,45.0,43.49,41.48,30.16,0.0,0.0,139.2,0
20:31:30,69.6,2,2,2,50.0,45.0,43.49,41.49,30.17,0.0,0.0,139.2,0
20:31:30,69.7,2,2,2,50.0,45.0,43.49,41.49,30.17,0.0,0.0,139.2,0
20:31:30,69.8,2,2,2,50.0,45.0,43.5,41.5,30.18,0.0,0.0,139.2,0
20:31:30,69.8,2,2,2,50.0,45.0,43.5,41.5,30.19,0.0,0.0,139.2,0
20:31:30,69.9,2,2,2,50.0,45.0,43.5,41.51,30.19,0.0,0.0,139.21,0
20:31:30,69.9,2,2,2,50.0,45.0,43.5,41.51,30.2,0.0,0.0,139.21,0
20:31:30,70.0,2,2,2,50.0,45.0,43.51,41.52,30.21,0.0,0.0,139.21,0
20:31:30,70.0,2,2,2,50.0,45.0,43.51,41.52,30.21,0.0,0.0,139.21,0
20:31:30,70.1,2,2,2,50.0,45.0,43.51,41.53,30.22,0.0,0.0,139.21,0
20:31:30,70.1,2,2,2,50.0,45.0,43.51,41.53,30.23,0.0,0.0,139.21,0
20:31:30,70.2,2,2,2,50.0,45.0,43.52,41.53,30.23,0.0,0.0,139.21,0
20:31:30,70.3,2,2,2,50.0,45.0,43.52,41.54,30.24,0.0,0.0,139.21,0
20:31:30,70.3,2,2,2,50.0,45.0,43.52,41.54,30.24,0.0,0.0,139.21,0
20:31:30,70.4,2,2,2,50.0,45.0,43.52,41.55,30.25,0.0,0.0,139.22,0
20:31:30,70.4,2,2,2,50.0,45.0,43.52,41.55,30.26,0.0,0.0,139.22,0
20:31:30,70.5,2,2,2,50.0,45.0,43.53,41.56,30.26,0.0,0.0,139.22,0
20:31:30,70.5,2,2,2,50.0,45.0,43.53,41.56,30.27,0.0,0.0,139.22,0
20:31:30,70.6,2,2,2,50.0,45.0,43.53,41.57,30.28,0.0,0.0,140.22,0
20:31:31,70.6,2,2,2,50.0,45.0,43.53,41.57,30.28,0.0,0.0,140.22,0
20:31:31,70.7,2,2,2,50.0,45.0,43.53,41.57,30.29,0.0,0.0,140.22,0
20:31:31,70.8,2,2,2,50.0,45.0,43.54,41.58,30.29,0.0,0.0,140.22,0
20:31:31,70.8,2,2,2,50.0,45.0,43.54,41.58,30.3,0.0,0.0,140.22,0
20:31:31,70.9,2,2,2,50.0,45.0,43.54,41.59,30.31,0.0,0.0,140.22,0
20:31:31,70.9,2,2,2,50.0,45.0,43.54,41.59,30.31,0.0,0.0,140.22,0
20:31:31,71.0,2,2,2,50.0,45.0,43.54,41.59,30.32,0.0,0.0,140.23,0
20:31:31,71.0,2,2,2,50.0,45.0,43.55,41.6,30.32,0.0,0.0,140.23,0
20:31:31,71.1,2,2,2,50.0,45.0,43.55,41.6,30.33,0.0,0.0,140.23,0
20:31:31,71.1,2,2,2,50.0,45.0,43.55,41.61,30.34,0.0,0.0,140.23,0
20:31:31,71.2,2,2,2,50.0,45.0,43.55,41.61,30.34,0.0,0.0,140.23,0
20:31:31,71.2,2,2,2,50.0,45.0,43.55,41.61,30.35,0.0,0.0,140.23,0
20:31:31,71.3,2,2,2,50.0,45.0,43.56,41.62,30.35,0.0,0.0,140.23,0
20:31:31,71.4,2,2,2,50.0,45.0,43.56,41.62,30.36,0.0,0.0,140.23,0
20:31:31,71.4,2,2,2,50.0,45.0,43.56,41.63,30.37,0.0,1.0,140.23,0
20:31:31,71.5,2,2,2,50.0,45.0,43.56,41.63,30.37,0.0,1.0,140.23,0
20:31:31,71.5,2,2,2,50.0,45.0,43.56,41.63,30.38,0.0,2.0,140.23,0
20:31:31,71.6,2,2,2,50.0,45.0,43.57,41.64,30.39,0.0,3.0,140.23,0
20:31:32,71.7,2,2,2,50.0,45.0,43.57,41.64,30.39,0.0,4.0,140.24,0
20:31:32,71.7,2,2,2,50.0,45.0,43.57,41.65,30.4,0.0,5.0,140.24,0
20:31:32,71.8,2,2,2,50.0,45.0,43.57,41.65,30.4,0.0,5.0,140.24,0
20:31:32,71.8,2,2,2,50.0,45.0,43.57,41.65,30.41,0.0,6.0,140.24,0
20:31:32,71.9,2,2,2,50.0,45.0,43.58,41.66,30.42,0.0,7.0,140.24,0
20:31:32,71.9,2,2,2,50.0,45.0,43.58,41.66,30.42,0.0,7.0,140.24,0
20:31:32,72.0,2,2,2,50.0,45.0,43.58,41.66,30.43,0.0,8.0,140.24,0
20:31:32,72.0,2,2,2,50.0,45.0,43.58,41.67,30.43,0.0,9.0,140.24,0
20:31:32,72.1,2,2,2,50.0,45.0,43.58,41.67,30.44,0.0,9.0,140.24,0
20:31:32,72.2,2,2,2,50.0,45.0,43.58,41.68,30.44,0.0,10.0,140.24,0
20:31:32,72.2,2,2,2,50.0,45.0,43.59,41.68,30.45,0.0,11.0,140.24,0
20:31:32,72.3,2,2,2,50.0,45.0,43.59,41.68,30.46,0.0,12.0,140.24,0
20:31:32,72.3,2,2,2,50.0,45.0,43.59,41.69,30.46,0.0,13.0,140.25,0
20:31:32,72.4,2,2,2,50.0,45.0,43.59,41.69,30.47,0.0,13.0,140.25,0
20:31:32,72.4,2,2,2,50.0,45.0,43.59,41.69,30.47,0.0,14.0,140.25,0
20:31:32,72.5,2,2,2,50.0,45.0,43.59,41.7,30.48,0.0,15.0,140.25,0
20:31:32,72.6,2,2,2,50.0,45.0,43.6,41.7,30.48,0.0,15.0,140.25,0
20:31:33,72.6,2,2,2,50.0,45.0,43.6,41.7,30.49,0.0,16.0,140.25,0
20:31:33,72.7,2,2,2,50.0,45.0,43.6,41.71,30.49,0.0,16.0,140.25,0
20:31:33,72.7,2,2,2,50.0,45.0,43.6,41.71,30.5,0.0,17.0,140.25,0
20:31:33,72.8,2,2,2,50.0,45.0,43.6,41.71,30.5,0.0,18.0,140.25,0
20:31:33,72.8,2,2,2,50.0,45.0,43.6,41.72,30.51,0.0,19.0,140.25,0
20:31:33,72.9,2,2,2,50.0,45.0,43.61,41.72,30.52,0.0,19.0,140.25,0
20:31:33,73.0,2,2,2,50.0,45.0,43.61,41.72,30.52,0.0,20.0,140.25,0
20:31:33,73.0,2,2,2,50.0,45.0,43.61,41.73,30.53,0.0,21.0,140.25,0
20:31:33,73.1,2,2,2,50.0,45.0,43.61,41.73,30.53,0.0,22.0,140.25,0
20:31:33,73.1,2,2,2,50.0,45.0,43.61,41.73,30.54,0.0,23.0,140.25,0
20:31:33,73.2,2,2,2,50.0,45.0,43.61,41.74,30.54,0.0,23.0,140.26,0
20:31:33,73.3,2,2,2,50.0,45.0,43.61,41.74,30.55,0.0,24.0,140.26,0
20:31:33,73.3,2,2,2,50.0,45.0,43.62,41.74,30.55,0.0,25.0,140.26,0
20:31:33,73.4,2,2,2,50.0,45.0,43.62,41.75,30.56,0.0,25.0,140.26,0
20:31:33,73.4,2,2,2,50.0,45.0,43.62,41.75,30.56,0.0,26.0,140.26,0
20:31:33,73.5,2,2,2,50.0,45.0,43.62,41.75,30.57,0.0,27.0,140.26,0
20:31:33,73.6,2,2,2,50.0,45.0,43.62,41.75,30.57,0.0,28.0,140.26,0
20:31:33,73.6,2,2,2,50.0,45.0,43.62,41.76,30.58,0.0,29.0,140.26,0
20:31:34,73.7,2,2,2,50.0,45.0,43.63,41.76,30.59,0.0,30.0,140.26,0
20:31:34,73.7,2,2,2,50.0,45.0,43.63,41.76,30.59,0.0,31.0,140.26,0
20:31:34,73.8,2,2,2,50.0,45.0,43.63,41.77,30.6,0.0,31.0,140.26,0
20:31:34,73.8,2,2,2,50.0,45.0,43.63,41.77,30.6,0.0,32.0,140.26,0
20:31:34,73.9,2,2,2,50.0,45.0,43.63,41.77,30.61,0.0,33.0,140.26,0
20:31:34,73.9,2,2,2,50.0,45.0,43.63,41.77,30.61,0.0,33.0,140.26,0
20:31:34,74.0,2,2,2,50.0,45.0,43.63,41.78,30.61,0.0,34.0,140.26,0
20:31:34,74.0,2,2,2,50.0,45.0,43.63,41.78,30.62,0.0,35.0,140.26,0
20:31:34,74.1,2,2,2,50.0,45.0,43.64,41.78,30.62,0.0,35.0,140.27,0
20:31:34,74.2,2,2,2,50.0,45.0,43.64,41.79,30.63,0.0,36.0,140.27,0
20:31:34,74.2,2,2,2,50.0,45.0,43.64,41.79,30.64,0.0,37.0,140.27,0
20:31:34,74.3,2,2,2,50.0,45.0,43.64,41.79,30.64,0.0,37.0,140.27,0
20:31:34,74.3,2,2,2,50.0,45.0,43.64,41.79,30.64,0.0,38.0,140.27,0
20:31:34,74.4,2,2,2,50.0,45.0,43.64,41.8,30.65,0.0,38.0,140.27,0
20:31:34,74.5,2,2,2,50.0,45.0,43.64,41.8,30.65,0.0,39.0,140.27,0
20:31:34,74.5,2,2,2,50.0,45.0,43.65,41.8,30.66,0.0,40.0,140.27,0
20:31:34,74.6,2,2,2,50.0,45.0,43.65,41.8,30.66,0.0,40.0,140.27,0
20:31:35,74.6,2,2,2,50.0,45.0,43.65,41.81,30.67,0.0,41.0,140.27,0
20:31:35,74.7,2,2,2,50.0,45.0,43.65,41.81,30.67,0.0,41.0,140.27,0
20:31:35,74.8,2,2,2,50.0,45.0,43.65,41.81,30.68,0.0,42.0,140.27,0
20:31:35,74.8,2,2,2,50.0,45.0,43.65,41.82,30.68,0.0,43.0,140.27,0
20:31:35,74.9,2,2,2,50.0,45.0,43.65,41.82,30.69,0.0,44.0,140.27,0
20:31:35,74.9,2,2,2,50.0,45.0,43.65,41.82,30.69,0.0,45.0,140.27,0
20:31:35,75.0,2,2,2,50.0,45.0,43.65,41.82,30.7,0.0,45.0,140.27,0
20:31:35,75.0,2,2,2,50.0,45.0,43.66,41.82,30.7,0.0,46.0,140.27,0
20:31:35,75.1,2,2,2,50.0,45.0,43.66,41.83,30.71,0.0,46.0,140.27,0
20:31:35,75.1,2,2,2,50.0,45.0,43.66,41.83,30.71,0.0,47.0,140.28,0
20:31:35,75.2,2,2,2,50.0,45.0,43.66,41.83,30.71,0.0,47.0,140.28,0
20:31:35,75.3,2,2,2,50.0,45.0,43.66,41.83,30.72,0.0,48.0,140.28,0
20:31:35,75.3,2,2,2,50.0,45.0,43.66,41.84,30.72,0.0,48.0,140.28,0
20:31:35,75.4,2,2,2,50.0,45.0,43.66,41.84,30.73,0.0,49.0,140.28,0
20:31:35,75.4,2,2,2,50.0,45.0,43.66,41.84,30.73,0.0,50.0,140.28,0
20:31:35,75.5,2,2,2,50.0,45.0,43.67,41.84,30.74,0.0,50.0,140.28,0
20:31:35,75.6,2,2,2,50.0,45.0,43.67,41.85,30.74,0.0,51.0,140.28,0
20:31:35,75.6,2,2,2,50.0,45.0,43.67,41.85,30.75,0.0,51.0,140.28,0
20:31:36,75.7,2,2,2,50.0,45.0,43.67,41.85,30.75,0.0,52.0,140.28,0
20:31:36,75.7,2,2,2,50.0,45.0,43.67,41.85,30.75,0.0,53.0,140.28,0
20:31:36,75.8,2,2,2,50.0,45.0,43.67,41.85,30.76,0.0,53.0,140.28,0
20:31:36,75.8,2,2,2,50.0,45.0,43.67,41.86,30.76,0.0,54.0,140.28,0
20:31:36,75.9,2,2,2,50.0,45.0,43.67,41.86,30.77,0.0,55.0,140.28,0
20:31:36,76.0,2,2,2,50.0,45.0,43.67,41.86,30.77,0.0,56.0,140.28,0
20:31:36,76.0,2,2,2,50.0,45.0,43.67,41.86,30.78,0.0,56.0,140.28,0
20:31:36,76.1,2,2,2,50.0,45.0,43.68,41.87,30.78,0.0,57.0,140.28,0
20:31:36,76.1,2,2,2,50.0,45.0,43.68,41.87,30.78,0.0,58.0,140.28,0
20:31:36,76.2,2,2,2,50.0,45.0,43.68,41.87,30.79,0.0,58.0,140.28,0
20:31:36,76.2,2,2,2,50.0,45.0,43.68,41.87,30.79,0.0,59.0,140.28,0
20:31:36,76.3,2,2,2,50.0,45.0,43.68,41.87,30.8,0.0,59.0,140.28,0
20:31:36,76.3,2,2,2,50.0,45.0,43.68,41.88,30.8,0.0,60.0,140.28,0
20:31:36,76.4,2,2,2,50.0,45.0,43.68,41.88,30.8,0.0,60.0,140.29,0
20:31:36,76.5,2,2,2,50.0,45.0,43.68,41.88,30.81,0.0,61.0,140.29,0
20:31:36,76.5,2,2,2,50.0,45.0,43.68,41.88,30.81,0.0,62.0,140.29,0
20:31:36,76.6,2,2,2,50.0,45.0,43.68,41.88,30.82,0.0,62.0,140.29,0
20:31:36,76.6,2,2,2,50.0,45.0,43.69,41.89,30.82,0.0,63.0,140.29,0
20:31:37,76.7,2,2,2,50.0,45.0,43.69,41.89,30.82,0.0,64.0,140.29,0
20:31:37,76.7,2,2,2,50.0,45.0,43.69,41.89,30.83,0.0,65.0,140.29,0
20:31:37,76.8,2,2,2,50.0,45.0,43.69,41.89,30.83,0.0,65.0,140.29,0
20:31:37,76.8,2,2,2,50.0,45.0,43.69,41.89,30.84,0.0,66.0,140.29,0
20:31:37,76.9,2,2,2,50.0,45.0,43.69,41.9,30.84,0.0,66.0,140.29,0
20:31:37,77.0,2,2,2,50.0,45.0,43.69,41.9,30.84,0.0,67.0,140.29,0
20:31:37,77.0,2,2,2,50.0,45.0,43.69,41.9,30.85,0.0,67.0,140.29,0
20:31:37,77.1,2,2,2,50.0,45.0,43.69,41.9,30.85,0.0,68.0,140.29,0
20:31:37,77.1,2,2,2,50.0,45.0,43.69,41.9,30.86,0.0,69.0,140.29,0
20:31:37,77.2,2,2,2,50.0,45.0,43.69,41.9,30.86,0.0,69.0,140.29,0
20:31:37,77.2,2,2,2,50.0,45.0,43.7,41.91,30.86,0.0,69.0,140.29,0
20:31:37,77.3,2,2,2,50.0,45.0,43.7,41.91,30.87,0.0,70.0,140.29,0
20:31:37,77.4,2,2,2,50.0,45.0,43.7,41.91,30.87,0.0,71.0,140.29,0
20:31:37,77.4,2,2,2,50.0,45.0,43.7,41.91,30.87,0.0,71.0,140.29,0
20:31:37,77.5,2,2,2,50.0,45.0,43.7,41.91,30.88,0.0,72.0,140.29,0
20:31:37,77.5,2,2,2,50.0,45.0,43.7,41.92,30.88,0.0,73.0,140.29,0
20:31:37,77.6,2,2,2,50.0,45.0,43.7,41.92,30.89,0.0,74.0,140.29,0
20:31:38,77.7,2,2,2,50.0,45.0,43.7,41.92,30.89,0.0,74.0,140.29,0
20:31:38,77.7,2,2,2,50.0,45.0,43.7,41.92,30.89,0.0,75.0,140.29,0
20:31:38,77.8,2,2,2,50.0,45.0,43.7,41.92,30.9,0.0,76.0,140.29,0
20:31:38,77.8,2,2,2,50.0,45.0,43.7,41.92,30.9,0.0,76.0,140.3,0
20:31:38,77.9,2,2,2,50.0,45.0,43.7,41.93,30.9,0.0,77.0,140.3,0
20:31:38,77.9,2,2,2,50.0,45.0,43.71,41.93,30.91,0.0,78.0,140.3,0
20:31:38,78.0,2,2,2,50.0,45.0,43.71,41.93,30.91,0.0,78.0,140.3,0
20:31:38,78.0,2,2,2,50.0,45.0,43.71,41.93,30.91,0.0,79.0,140.3,0
20:31:38,78.1,2,2,2,50.0,45.0,43.71,41.93,30.92,0.0,79.0,140.3,0
20:31:38,78.2,2,2,2,50.0,45.0,43.71,41.93,30.92,0.0,80.0,140.3,0
20:31:38,78.2,2,2,2,50.0,45.0,43.71,41.94,30.92,0.0,81.0,140.3,0
20:31:38,78.3,2,2,2,50.0,45.0,43.71,41.94,30.93,0.0,82.0,140.3,0
20:31:38,78.3,2,2,2,50.0,45.0,43.71,41.94,30.93,0.0,83.0,140.3,0
20:31:38,78.4,2,2,2,50.0,45.0,43.71,41.94,30.94,0.0,83.0,140.3,0
20:31:38,78.4,2,2,2,50.0,45.0,43.71,41.94,30.94,0.0,84.0,140.3,0
20:31:38,78.5,2,2,2,50.0,45.0,43.71,41.94,30.94,0.0,84.0,140.3,0
20:31:38,78.6,2,2,2,50.0,45.0,43.71,41.95,30.95,0.0,85.0,140.3,0
20:31:38,78.6,2,2,2,50.0,45.0,43.71,41.95,30.95,0.0,86.0,140.3,0
20:31:39,78.7,2,2,2,50.0,45.0,43.72,41.95,30.95,0.0,87.0,140.3,0
20:31:39,78.7,2,2,2,50.0,45.0,43.72,41.95,30.96,0.0,87.0,140.3,0
20:31:39,78.8,2,2,2,50.0,45.0,43.72,41.95,30.96,0.0,88.0,140.3,0
20:31:39,78.8,2,2,2,50.0,45.0,43.72,41.95,30.96,0.0,89.0,140.3,0
20:31:39,78.9,2,2,2,50.0,45.0,43.72,41.95,30.97,0.0,90.0,140.3,0
20:31:39,79.0,2,2,2,50.0,45.0,43.72,41.96,30.97,0.0,91.0,140.3,0
20:31:39,79.0,2,2,2,50.0,45.0,43.72,41.96,30.97,0.0,91.0,140.3,0
20:31:39,79.1,2,2,2,50.0,45.0,43.72,41.96,30.98,0.0,92.0,140.3,0
20:31:39,79.1,2,2,2,50.0,45.0,43.72,41.96,30.98,0.0,93.0,140.3,0
20:31:39,79.2,2,2,2,50.0,45.0,43.72,41.96,30.98,0.0,94.0,140.3,0
20:31:39,79.3,2,2,2,50.0,45.0,43.72,41.96,30.99,0.0,95.0,140.3,0
20:31:39,79.3,2,2,2,50.0,45.0,43.72,41.97,30.99,0.0,96.0,140.3,0
20:31:39,79.4,2,2,2,50.0,45.0,43.72,41.97,30.99,0.0,96.0,140.3,0
20:31:39,79.4,2,2,2,50.0,45.0,43.72,41.97,31.0,0.0,97.0,140.3,0
20:31:39,79.5,2,2,2,50.0,45.0,43.73,41.97,31.0,0.0,98.0,140.3,0
20:31:39,79.5,2,2,2,50.0,45.0,43.73,41.97,31.0,0.0,99.0,140.3,0
20:31:39,79.6,2,2,2,50.0,45.0,43.73,41.97,31.01,0.0,100.0,140.31,0
20:31:40,79.7,2,2,2,50.0,45.0,43.73,41.97,31.01,0.0,100.0,140.31,0
20:31:40,79.7,2,2,2,50.0,45.0,43.73,41.98,31.01,0.0,100.0,140.31,0
20:31:40,79.8,2,2,2,50.0,45.0,43.73,41.98,31.01,0.0,100.0,140.31,0
20:31:40,79.8,2,2,2,50.0,45.0,43.73,41.98,31.02,0.0,100.0,140.31,0
20:31:40,79.9,2,2,2,50.0,45.0,43.73,41.98,31.02,0.0,100.0,140.31,0
20:31:40,79.9,2,2,2,50.0,45.0,43.73,41.98,31.02,0.0,100.0,140.31,0
20:31:40,80.0,2,2,2,50.0,45.0,43.73,41.98,31.03,0.0,100.0,140.31,0
20:31:40,80.1,2,2,2,50.0,45.0,43.73,41.98,31.03,0.0,100.0,140.31,0
20:31:40,80.1,2,2,2,50.0,45.0,43.73,41.98,31.03,0.0,100.0,140.31,0
20:31:40,80.2,2,2,2,50.0,45.0,43.73,41.99,31.04,0.0,100.0,140.31,0
20:31:40,80.2,2,2,2,50.0,45.0,43.73,41.99,31.04,0.0,100.0,140.31,0
20:31:40,80.3,2,2,2,50.0,45.0,43.73,41.99,31.04,0.0,100.0,140.31,0
20:31:40,80.4,2,2,2,50.0,45.0,43.74,41.99,31.05,0.0,100.0,140.31,0
20:31:40,80.4,2,2,2,50.0,45.0,43.74,41.99,31.05,0.0,100.0,140.31,0
20:31:40,80.5,2,2,2,50.0,45.0,43.74,41.99,31.05,0.0,100.0,140.31,0
20:31:40,80.5,2,2,2,50.0,45.0,43.74,41.99,31.05,0.0,100.0,140.31,0
20:31:40,80.6,2,2,2,50.0,45.0,43.74,42.0,31.06,0.0,100.0,140.31,0
20:31:41,80.6,2,2,2,50.0,45.0,43.74,42.0,31.06,0.0,100.0,140.31,0
20:31:41,80.7,2,2,2,50.0,45.0,43.74,42.0,31.06,0.0,100.0,140.31,0
20:31:41,80.8,2,2,2,50.0,45.0,43.74,42.0,31.07,0.0,100.0,140.31,0
20:31:41,80.8,2,2,2,50.0,45.0,43.74,42.0,31.07,0.0,100.0,140.31,0
20:31:41,80.9,2,2,2,50.0,45.0,43.74,42.0,31.07,0.0,100.0,140.31,0
20:31:41,80.9,2,2,2,50.0,45.0,43.74,42.0,31.07,0.0,100.0,140.31,0
20:31:41,81.0,2,2,2,50.0,45.0,43.74,42.0,31.08,0.0,100.0,140.31,0
20:31:41,81.0,2,2,2,50.0,45.0,43.74,42.0,31.08,0.0,100.0,140.31,0
20:31:41,81.1,2,2,2,50.0,45.0,43.74,42.01,31.08,0.0,100.0,140.31,0
20:31:41,81.2,2,2,2,50.0,45.0,43.74,42.01,31.09,0.0,100.0,140.31,0
20:31:41,81.2,2,2,2,50.0,45.0,43.74,42.01,31.09,0.0,100.0,140.31,0
20:31:41,81.3,2,2,2,50.0,45.0,43.74,42.01,31.09,0.0,100.0,140.31,0
20:31:41,81.3,2,2,2,50.0,45.0,43.74,42.01,31.09,0.0,100.0,140.31,0
20:31:41,81.4,2,2,2,50.0,45.0,43.75,42.01,31.1,0.0,100.0,140.31,0
20:31:41,81.4,2,2,2,50.0,45.0,43.75,42.01,31.1,0.0,100.0,140.31,0
20:31:41,81.5,2,2,2,50.0,45.0,43.75,42.01,31.1,0.0,100.0,140.31,0
20:31:41,81.5,2,2,2,50.0,45.0,43.75,42.01,31.1,0.0,100.0,140.31,0
20:31:41,81.6,2,2,2,50.02,45.0,43.75,42.02,31.11,0.0,100.0,140.31,0
20:31:42,81.7,2,2,2,50.05,45.0,43.75,42.02,31.11,0.0,100.0,140.31,0
20:31:42,81.7,2,2,2,50.08,45.0,43.75,42.02,31.11,0.0,100.0,140.31,0
20:31:42,81.8,2,2,2,50.13,45.0,43.75,42.02,31.11,0.0,100.0,140.31,0
20:31:42,81.8,2,2,2,50.19,45.0,43.75,42.02,31.12,0.0,100.0,140.32,0
20:31:42,81.9,2,2,2,50.25,45.0,43.75,42.02,31.12,0.0,100.0,140.32,0
20:31:42,81.9,2,2,2,50.32,45.0,43.75,42.02,31.12,0.0,100.0,140.32,0
20:31:42,82.0,2,2,2,50.42,45.0,43.75,42.02,31.12,0.0,100.0,140.32,0
20:31:42,82.1,2,2,2,50.51,45.0,43.75,42.02,31.13,0.0,100.0,140.32,0
20:31:42,82.1,2,2,2,50.61,45.0,43.75,42.03,31.13,0.0,100.0,140.32,0
20:31:42,82.2,2,2,2,50.75,45.0,43.75,42.03,31.13,0.0,100.0,140.32,0
20:31:42,82.2,2,2,2,50.87,45.0,43.75,42.03,31.13,0.0,100.0,140.32,0
20:31:42,82.3,2,2,2,51.02,45.0,43.75,42.03,31.14,0.0,100.0,140.32,0
20:31:42,82.4,2,2,2,51.16,45.0,43.75,42.03,31.14,0.0,100.0,140.32,0
20:31:42,82.4,2,2,2,51.36,45.0,43.75,42.03,31.14,0.0,100.0,140.32,0
20:31:42,82.5,2,2,2,51.52,45.0,43.75,42.03,31.14,0.0,100.0,140.32,0
20:31:42,82.5,2,2,2,51.69,45.0,43.76,42.03,31.15,0.0,100.0,140.32,0
20:31:42,82.6,2,2,2,51.91,45.0,43.76,42.03,31.15,0.0,100.0,140.32,0
20:31:43,82.6,2,2,2,52.1,45.0,43.76,42.03,31.15,0.0,100.0,140.32,0
20:31:43,82.7,2,2,2,52.31,45.0,43.76,42.04,31.15,0.0,100.0,140.32,0
20:31:43,82.8,2,2,2,52.52,45.0,43.76,42.04,31.16,0.0,100.0,140.32,0
20:31:43,82.8,2,2,2,52.77,45.0,43.76,42.04,31.16,0.0,100.0,140.32,0
20:31:43,82.9,2,2,2,53.0,45.0,43.76,42.04,31.16,0.0,100.0,140.32,0
20:31:43,82.9,2,2,2,53.23,45.0,43.76,42.04,31.16,0.0,100.0,140.32,0
20:31:43,83.0,2,2,2,53.47,45.0,43.76,42.04,31.17,0.0,100.0,140.32,0
20:31:43,83.0,2,2,2,53.76,45.0,43.76,42.04,31.17,0.0,100.0,140.32,0
20:31:43,83.1,2,2,2,54.03,45.0,43.76,42.04,31.17,0.0,100.0,140.32,0
20:31:43,83.2,2,2,2,54.29,45.0,43.76,42.04,31.17,0.0,100.0,140.32,0
20:31:43,83.2,2,2,2,54.63,45.0,43.76,42.04,31.18,0.0,100.0,140.32,0
20:31:43,83.3,2,2,2,54.92,45.0,43.76,42.05,31.18,0.0,100.0,140.32,0
20:31:43,83.3,2,2,2,55.2,45.0,43.76,42.05,31.18,0.0,100.0,140.32,0
20:31:43,83.4,2,2,2,55.5,45.0,43.76,42.05,31.18,0.0,100.0,140.32,0
20:31:43,83.4,2,2,2,55.86,45.0,43.76,42.05,31.18,0.0,100.0,140.32,0
20:31:43,83.5,2,2,2,56.18,45.0,43.76,42.05,31.19,0.0,100.0,140.32,0
20:31:43,83.5,2,2,2,56.5,45.0,43.76,42.05,31.19,0.0,100.0,140.32,0
20:31:43,83.6,2,2,2,56.84,45.0,43.76,42.05,31.19,0.0,100.0,140.32,0
20:31:44,83.7,2,2,2,57.24,45.0,43.76,42.05,31.19,0.0,100.0,140.32,0
20:31:44,83.7,2,2,2,57.59,45.0,43.76,42.05,31.2,0.0,100.0,140.32,0
20:31:44,83.8,2,2,2,57.95,45.0,43.76,42.05,31.2,0.0,100.0,140.32,0
20:31:44,83.8,2,2,2,58.39,45.0,43.77,42.05,31.2,0.0,100.0,140.32,0
20:31:44,83.9,2,2,2,58.77,45.0,43.77,42.05,31.2,0.0,100.0,140.32,0
20:31:44,83.9,2,2,2,59.15,45.0,43.77,42.06,31.2,0.0,100.0,140.32,0
20:31:44,84.0,2,2,2,59.54,45.0,43.77,42.06,31.21,0.0,100.0,140.32,0
20:31:44,84.0,2,2,2,60.01,45.0,43.77,42.06,31.21,0.0,100.0,140.32,0
20:31:44,84.1,2,2,2,60.41,45.0,43.77,42.06,31.21,0.0,100.0,140.32,0
20:31:44,84.2,2,2,2,60.83,45.0,43.77,42.06,31.21,0.0,100.0,140.32,0
20:31:44,84.2,2,2,2,61.37,45.0,43.77,42.06,31.21,0.0,100.0,140.32,0
20:31:44,84.3,2,2,2,61.88,45.0,43.77,42.06,31.22,0.0,100.0,140.32,0
20:31:44,84.3,2,2,2,62.39,45.0,43.77,42.06,31.22,0.0,100.0,140.32,0
20:31:44,84.4,2,2,2,62.86,45.0,43.77,42.06,31.22,0.0,100.0,140.32,0
20:31:44,84.5,2,2,2,63.32,45.0,43.77,42.06,31.22,0.0,100.0,140.32,0
20:31:44,84.5,2,2,2,63.8,45.0,43.77,42.06,31.22,0.0,100.0,140.32,0
20:31:44,84.6,2,2,2,64.27,45.0,43.77,42.06,31.23,0.0,100.0,140.32,0
20:31:44,84.6,2,2,2,64.77,45.0,43.77,42.07,31.23,0.0,100.0,140.32,0
20:31:45,84.7,2,2,2,65.29,45.0,43.77,42.07,31.23,0.0,100.0,140.32,0
20:31:45,84.7,2,2,2,65.79,45.0,43.77,42.07,31.23,0.0,100.0,140.32,0
20:31:45,84.8,2,2,2,66.31,45.0,43.77,42.07,31.23,0.0,100.0,140.32,0
20:31:45,84.8,2,2,2,66.82,45.0,43.77,42.07,31.24,0.0,100.0,140.32,0
20:31:45,84.9,2,2,2,67.39,45.0,43.77,42.07,31.24,0.0,100.0,140.33,0
20:31:45,84.9,2,2,2,67.93,45.0,43.77,42.07,31.24,0.0,100.0,140.33,0
20:31:45,85.0,2,2,2,68.47,45.0,43.77,42.07,31.24,0.0,100.0,140.33,0
20:31:45,85.1,2,2,2,69.02,45.0,43.77,42.07,31.24,0.0,100.0,140.33,0
20:31:45,85.1,2,2,2,69.7,45.0,43.77,42.07,31.25,0.0,100.0,140.33,0
20:31:45,85.2,2,2,2,70.27,45.0,43.77,42.07,31.25,0.0,100.0,140.33,0
20:31:45,85.2,2,2,2,70.84,45.0,43.77,42.07,31.25,0.0,100.0,140.33,0
20:31:45,85.3,2,2,2,71.43,45.0,43.77,42.07,31.25,0.0,100.0,140.33,0
20:31:45,85.3,2,2,2,72.11,45.0,43.78,42.07,31.25,0.0,100.0,140.33,0
20:31:45,85.4,2,2,2,72.72,45.0,43.78,42.08,31.26,0.0,100.0,140.33,0
20:31:45,85.4,2,2,2,73.32,45.0,43.78,42.08,31.26,0.0,100.0,140.33,0
20:31:45,85.5,2,2,2,73.93,45.0,43.78,42.08,31.26,0.0,100.0,140.33,0
20:31:45,85.6,2,2,2,74.73,45.0,43.78,42.08,31.26,0.0,100.0,140.33,0
20:31:46,85.6,2,2,2,75.36,45.0,43.78,42.08,31.26,0.0,100.0,140.33,0
20:31:46,85.7,2,2,2,76.04,45.0,43.78,42.08,31.26,0.0,100.0,140.33,0
20:31:46,85.8,2,2,2,76.69,45.0,43.78,42.08,31.27,0.0,100.0,140.33,0
20:31:46,85.8,2,2,2,77.49,45.0,43.78,42.08,31.27,0.0,100.0,140.33,0
20:31:46,85.9,2,2,2,78.14,45.0,43.78,42.08,31.27,0.0,100.0,140.33,0
20:31:46,85.9,2,2,2,78.82,45.0,43.78,42.08,31.27,0.0,100.0,140.33,0
20:31:46,86.0,2,2,2,79.54,45.0,43.78,42.08,31.27,0.0,100.0,140.33,0
20:31:46,86.0,2,2,2,80.23,45.0,43.78,42.08,31.28,0.0,100.0,140.33,0
20:31:46,86.1,2,2,2,80.91,45.0,43.78,42.08,31.28,0.0,100.0,140.33,0
20:31:46,86.1,2,2,2,81.63,45.0,43.78,42.08,31.28,0.0,100.0,140.33,0
20:31:46,86.2,2,2,2,82.53,45.0,43.78,42.08,31.28,0.0,100.0,140.33,0
20:31:46,86.3,2,2,2,83.25,45.0,43.78,42.09,31.28,0.0,100.0,140.33,0
20:31:46,86.3,2,2,2,83.97,45.0,43.78,42.09,31.28,0.0,100.0,140.33,0
20:31:46,86.4,2,2,2,84.68,45.0,43.78,42.09,31.29,0.0,100.0,140.33,0
20:31:46,86.4,2,2,2,85.51,45.0,43.78,42.09,31.29,0.0,100.0,140.33,0
20:31:46,86.5,2,2,2,86.24,45.0,43.78,42.09,31.29,0.0,100.0,140.33,0
20:31:46,86.5,2,2,2,86.97,45.0,43.78,42.09,31.29,0.0,100.0,140.33,0
20:31:46,86.6,2,2,2,87.81,45.0,43.78,42.09,31.29,0.0,100.0,140.33,0
20:31:47,86.6,2,2,2,88.57,45.01,43.78,42.09,31.29,0.0,100.0,140.33,0
20:31:47,86.7,2,2,2,89.31,45.01,43.78,42.09,31.3,0.0,100.0,140.33,0
20:31:47,86.7,2,2,2,90.15,45.03,43.78,42.09,31.3,0.0,100.0,140.33,0
20:31:47,86.8,2,2,2,90.92,45.04,43.78,42.09,31.3,0.0,100.0,140.33,0
20:31:47,86.9,2,2,2,91.68,45.06,43.79,42.09,31.3,0.0,100.0,140.33,0
20:31:47,86.9,2,2,2,92.55,45.07,43.79,42.09,31.3,0.0,100.0,140.33,0
20:31:47,87.0,2,2,2,93.35,45.09,43.79,42.09,31.3,0.0,100.0,140.33,0
20:31:47,87.0,2,2,2,94.13,45.11,43.79,42.09,31.31,0.0,100.0,140.33,0
20:31:47,87.1,2,2,2,94.93,45.13,43.8,42.09,31.31,0.0,100.0,140.34,0
20:31:47,87.1,2,2,2,95.86,45.16,43.8,42.1,31.31,0.0,100.0,140.34,0
20:31:47,87.2,2,2,2,96.67,45.18,43.8,42.1,31.31,0.0,100.0,140.34,0
20:31:47,87.2,2,2,2,97.48,45.21,43.81,42.1,31.31,0.0,100.0,140.34,0
20:31:47,87.3,2,2,2,98.5,45.24,43.82,42.1,31.31,0.0,100.0,140.34,0
20:31:47,87.3,2,2,2,99.35,45.26,43.82,42.1,31.32,0.0,100.0,140.35,0
20:31:47,87.4,2,2,2,100.19,45.29,43.83,42.1,31.32,0.0,100.0,140.35,0
20:31:47,87.5,2,2,2,101.1,45.32,43.84,42.1,31.32,0.0,100.0,140.35,0
20:31:47,87.5,2,2,2,101.97,45.35,43.84,42.1,31.32,0.0,100.0,140.36,0
20:31:47,87.6,2,2,2,102.82,45.38,43.85,42.1,31.32,0.0,100.0,140.36,0
20:31:48,87.6,2,2,2,103.77,45.41,43.86,42.11,31.32,0.0,100.0,140.36,0
20:31:48,87.7,2,2,2,104.72,45.44,43.87,42.11,31.32,0.0,100.0,140.37,0
20:31:48,87.7,2,2,2,105.62,45.47,43.88,42.11,31.33,0.0,100.0,140.37,0
20:31:48,87.8,2,2,2,106.6,45.51,43.89,42.11,31.33,0.0,100.0,140.38,0
20:31:48,87.8,2,2,2,107.49,45.54,43.9,42.11,31.33,0.0,100.0,140.38,0
20:31:48,87.9,2,2,2,108.38,45.57,43.91,42.11,31.33,0.0,100.0,140.39,0
20:31:48,87.9,2,2,2,109.29,45.61,43.92,42.12,31.33,0.0,100.0,140.39,0
20:31:48,88.0,2,2,2,110.21,45.64,43.93,42.12,31.33,0.0,100.0,140.4,0
20:31:48,88.1,2,2,2,111.12,45.68,43.95,42.12,31.33,0.0,100.0,140.41,0
20:31:48,88.1,2,2,2,112.2,45.72,43.96,42.12,31.34,0.0,100.0,140.41,0
20:31:48,88.2,2,2,2,113.13,45.75,43.98,42.13,31.34,0.0,100.0,140.42,0
20:31:48,88.2,2,2,2,114.06,45.79,43.99,42.13,31.34,0.0,100.0,140.42,0
20:31:48,88.3,2,2,2,115.0,45.83,44.0,42.13,31.34,0.0,100.0,140.43,0
20:31:48,88.3,2,2,2,116.16,45.87,44.02,42.14,31.34,0.0,100.0,140.44,0
20:31:48,88.4,2,2,2,117.12,45.91,44.04,42.14,31.34,0.0,100.0,140.45,0
20:31:48,88.4,2,2,2,118.13,45.95,44.05,42.14,31.35,0.0,100.0,140.45,0
20:31:48,88.5,2,2,2,119.12,46.0,44.07,42.15,31.35,0.0,100.0,140.46,0
20:31:48,88.6,2,2,2,120.16,46.04,44.09,42.15,31.35,0.0,100.0,140.47,0
20:31:48,88.6,2,2,2,121.1,46.08,44.1,42.16,31.35,0.0,100.0,140.48,0
20:31:49,88.7,2,2,2,122.05,46.12,44.12,42.16,31.35,0.0,100.0,140.48,0
20:31:49,88.7,2,2,2,123.24,46.18,44.15,42.17,31.35,0.0,100.0,140.49,0
20:31:49,88.8,2,2,2,124.2,46.22,44.17,42.17,31.35,0.0,100.0,140.5,0
20:31:49,88.8,2,2,2,125.14,46.27,44.18,42.18,31.36,0.0,100.0,140.51,0
20:31:49,88.9,2,2,2,126.12,46.31,44.21,42.18,31.36,0.0,100.0,140.52,0
20:31:49,89.0,2,2,2,127.18,46.37,44.23,42.19,31.36,0.0,100.0,140.53,0
20:31:49,89.0,2,2,2,128.07,46.41,44.25,42.2,31.36,0.0,100.0,140.54,0
20:31:49,89.1,2,2,2,128.95,46.45,44.27,42.2,31.36,0.0,100.0,140.55,0
20:31:49,89.1,2,2,2,130.05,46.51,44.3,42.21,31.36,0.0,100.0,140.56,0
20:31:49,89.2,2,2,2,130.92,46.56,44.32,42.22,31.37,0.0,100.0,140.57,0
20:31:49,89.2,2,2,2,131.77,46.6,44.34,42.22,31.37,0.0,100.0,140.58,0
20:31:49,89.3,2,2,2,132.62,46.64,44.36,42.23,31.37,0.0,100.0,140.59,0
20:31:49,89.4,2,2,2,133.64,46.7,44.39,42.24,31.37,0.0,100.0,140.6,0
20:31:49,89.4,2,2,2,134.53,46.75,44.42,42.25,31.37,0.0,100.0,140.61,0
20:31:49,89.5,2,2,2,135.38,46.79,44.44,42.25,31.37,0.0,100.0,140.62,0
20:31:49,89.5,2,2,2,136.44,46.85,44.47,42.26,31.37,0.0,100.0,140.64,0
20:31:49,89.6,2,2,2,137.28,46.89,44.49,42.27,31.38,0.0,100.0,140.65,0
20:31:50,89.6,2,2,2,138.12,46.94,44.52,42.28,31.38,0.0,100.0,140.66,0
20:31:50,89.7,2,2,2,139.12,47.0,44.55,42.29,31.38,0.0,100.0,140.67,0
20:31:50,89.8,2,2,2,140.07,47.05,44.58,42.3,31.38,0.0,100.0,140.68,0
20:31:50,89.8,2,2,2,140.91,47.1,44.6,42.31,31.38,0.0,100.0,140.69,0
20:31:50,89.9,2,2,2,141.97,47.16,44.63,42.32,31.38,0.0,100.0,140.71,0
20:31:50,89.9,2,2,2,142.85,47.21,44.66,42.33,31.39,0.0,100.0,140.72,0
20:31:50,90.0,2,2,2,143.72,47.26,44.69,42.34,31.39,0.0,100.0,140.73,0
20:31:50,90.0,2,2,2,144.6,47.31,44.72,42.35,31.39,0.0,100.0,140.74,0
20:31:50,90.1,2,2,2,145.43,47.36,44.75,42.36,31.39,0.0,100.0,140.76,0
20:31:50,90.2,2,2,2,146.33,47.41,44.77,42.37,31.39,0.0,100.0,140.77,0
20:31:50,90.2,2,2,2,147.17,47.46,44.8,42.38,31.39,0.0,100.0,140.78,0
20:31:50,90.3,2,2,2,148.18,47.52,44.84,42.4,31.4,0.0,100.0,140.8,0
20:31:50,90.3,2,2,2,149.01,47.57,44.87,42.41,31.4,0.0,100.0,140.81,0
20:31:50,90.4,2,2,2,149.85,47.62,44.89,42.42,31.4,0.0,100.0,140.82,0
20:31:50,90.4,2,2,2,150.72,47.67,44.93,42.43,31.4,0.0,100.0,140.84,0
20:31:50,90.5,2,2,2,151.68,47.73,44.96,42.45,31.4,0.0,100.0,140.85,0
20:31:50,90.6,2,2,2,152.57,47.79,44.99,42.46,31.41,0.0,100.0,140.87,0
20:31:50,90.6,2,2,2,153.44,47.84,45.02,42.47,31.41,0.0,100.0,140.88,0
20:31:51,90.7,2,2,2,154.42,47.9,45.06,42.49,31.41,0.0,100.0,140.89,0
20:31:51,90.7,2,2,2,155.26,47.96,45.09,42.5,31.41,0.0,100.0,140.91,0
20:31:51,90.8,2,2,2,156.19,48.02,45.12,42.52,31.41,0.0,100.0,140.92,0
20:31:51,90.8,2,2,2,157.11,48.07,45.16,42.53,31.42,0.0,100.0,140.94,0
20:31:51,90.9,2,2,2,158.02,48.13,45.19,42.55,31.42,0.0,100.0,140.95,0
20:31:51,91.0,2,2,2,159.06,48.2,45.23,42.57,31.42,0.0,100.0,140.97,0
20:31:51,91.0,2,2,2,159.92,48.25,45.27,42.58,31.42,0.0,100.0,140.98,0
20:31:51,91.1,2,2,2,160.74,48.31,45.3,42.6,31.42,0.0,100.0,141.0,0
20:31:51,91.1,2,2,2,161.62,48.37,45.34,42.61,31.43,0.0,100.0,141.01,0
20:31:51,91.2,2,2,2,162.43,48.42,45.37,42.63,31.43,0.0,100.0,141.03,0
20:31:51,91.2,2,2,2,163.25,48.47,45.4,42.64,31.43,0.0,100.0,141.04,0
20:31:51,91.3,2,2,2,164.09,48.53,45.44,42.66,31.43,0.0,100.0,141.06,0
20:31:51,91.3,2,2,2,164.93,48.59,45.47,42.68,31.43,0.0,100.0,141.08,0
20:31:51,91.4,2,2,2,165.73,48.64,45.51,42.69,31.44,0.0,100.0,141.09,0
20:31:51,91.5,2,2,2,166.52,48.7,45.54,42.71,31.44,0.0,100.0,141.11,0
20:31:51,91.5,2,2,2,167.32,48.75,45.57,42.73,31.44,0.0,100.0,141.12,0
20:31:51,91.6,2,2,2,168.22,48.81,45.61,42.75,31.44,0.0,100.0,141.14,0
20:31:51,91.6,2,2,2,169.07,48.87,45.65,42.76,31.44,0.0,100.0,141.16,0
20:31:52,91.7,2,2,2,169.88,48.93,45.68,42.78,31.45,0.0,100.0,141.17,0
20:31:52,91.7,2,2,2,170.83,48.99,45.73,42.8,31.45,0.0,100.0,141.19,0
20:31:52,91.8,2,2,2,171.64,49.05,45.76,42.82,31.45,0.0,100.0,141.21,0
20:31:52,91.9,2,2,2,172.67,49.12,45.81,42.84,31.45,0.0,100.0,141.22,0
20:31:52,91.9,2,2,2,173.57,49.19,45.85,42.86,31.46,0.0,100.0,141.24,0
20:31:52,92.0,2,2,2,174.45,49.25,45.89,42.89,31.46,0.0,100.0,141.26,0
20:31:52,92.0,2,2,2,175.3,49.31,45.93,42.91,31.46,0.0,100.0,141.28,0
20:31:52,92.1,2,2,2,176.11,49.37,45.96,42.92,31.46,0.0,100.0,141.29,0
20:31:52,92.2,2,2,2,176.91,49.43,46.0,42.94,31.47,0.0,100.0,141.31,0
20:31:52,92.2,2,2,2,177.89,49.5,46.05,42.97,31.47,0.0,100.0,141.33,0
20:31:52,92.3,2,2,2,178.72,49.56,46.09,42.99,31.47,0.0,100.0,141.35,0
20:31:52,92.3,2,2,2,179.58,49.62,46.13,43.01,31.48,0.0,100.0,141.36,0
20:31:52,92.4,2,2,2,180.38,49.68,46.17,43.03,31.48,0.0,100.0,141.38,0
20:31:52,92.4,2,2,2,181.53,49.76,46.22,43.06,31.48,0.0,100.0,141.4,0
20:31:52,92.5,2,2,2,182.33,49.82,46.26,43.08,31.48,0.0,100.0,141.42,0
20:31:52,92.6,2,2,2,183.25,49.89,46.3,43.11,31.49,0.0,100.0,141.44,0
20:31:53,92.6,2,2,2,184.27,49.97,46.35,43.13,31.49,0.0,100.0,141.46,0
20:31:53,92.7,2,2,2,185.09,50.03,46.39,43.16,31.49,0.0,100.0,141.47,0
20:31:53,92.7,2,2,2,185.92,50.09,46.44,43.18,31.5,0.0,100.0,141.49,0
20:31:53,92.8,2,2,2,186.72,50.15,46.48,43.2,31.5,0.0,100.0,141.51,0
20:31:53,92.8,2,2,2,187.6,50.22,46.52,43.23,31.5,0.0,100.0,141.53,0
20:31:53,92.9,2,2,2,188.4,50.28,46.56,43.25,31.5,0.0,100.0,141.55,0
20:31:53,93.0,2,2,2,189.34,50.35,46.61,43.28,31.51,0.0,100.0,141.57,0
20:31:53,93.0,2,2,2,190.35,50.43,46.66,43.31,31.51,0.0,100.0,141.59,0
20:31:53,93.1,2,2,2,191.19,50.49,46.7,43.33,31.51,0.0,100.0,141.61,0
20:31:53,93.1,2,2,2,191.98,50.55,46.75,43.35,31.52,0.0,100.0,141.63,0
20:31:53,93.2,2,2,2,192.78,50.62,46.79,43.38,31.52,0.0,100.0,141.65,0
20:31:53,93.2,2,2,2,193.59,50.68,46.83,43.4,31.52,0.0,100.0,141.67,0
20:31:53,93.3,2,2,2,194.4,50.74,46.87,43.43,31.53,0.0,100.0,141.69,0
20:31:53,93.4,2,2,2,195.23,50.81,46.92,43.45,31.53,0.0,100.0,141.71,0
20:31:53,93.4,2,2,2,196.1,50.88,46.96,43.48,31.53,0.0,100.0,141.73,0
20:31:53,93.5,2,2,2,196.91,50.94,47.01,43.5,31.54,0.0,100.0,141.75,0
20:31:53,93.5,2,2,2,197.75,51.01,47.05,43.53,31.54,0.0,100.0,141.77,0
20:31:53,93.6,2,2,2,198.55,51.07,47.1,43.56,31.54,0.0,100.0,141.79,0
20:31:54,93.6,2,2,2,199.44,51.14,47.14,43.59,31.55,0.0,100.0,141.81,0
20:31:54,93.7,2,2,2,200.24,51.2,47.19,43.61,31.55,0.0,100.0,141.83,0
20:31:54,93.7,2,2,2,201.03,51.27,47.23,43.64,31.55,0.0,100.0,141.85,0
20:31:54,93.8,2,2,2,201.83,51.33,47.28,43.66,31.56,0.0,100.0,141.87,0
20:31:54,93.8,2,2,2,202.68,51.4,47.32,43.69,31.56,0.0,100.0,141.89,0
20:31:54,93.9,2,2,2,203.48,51.47,47.37,43.72,31.56,0.0,100.0,141.92,0
20:31:54,94.0,2,2,2,204.3,51.53,47.41,43.75,31.57,0.0,100.0,141.94,0
20:31:54,94.0,2,2,2,205.25,51.61,47.47,43.78,31.57,0.0,100.0,141.96,0
20:31:54,94.1,2,2,2,206.09,51.68,47.52,43.81,31.58,0.0,100.0,141.98,0
20:31:54,94.1,2,2,2,206.9,51.75,47.56,43.84,31.58,0.0,100.0,142.0,0
20:31:54,94.2,2,2,2,207.87,51.83,47.62,43.87,31.58,0.0,100.0,142.02,0
20:31:54,94.2,2,2,2,208.78,51.9,47.67,43.9,31.59,0.0,100.0,142.05,0
20:31:54,94.3,2,2,2,209.61,51.97,47.72,43.93,31.59,0.0,100.0,142.07,0
20:31:54,94.4,2,2,2,210.41,52.04,47.77,43.96,31.6,0.0,100.0,142.09,0
20:31:54,94.4,2,2,2,211.39,52.12,47.82,44.0,31.6,0.0,100.0,142.11,0
20:31:54,94.5,2,2,2,212.2,52.19,47.87,44.03,31.6,0.0,100.0,142.13,0
20:31:54,94.5,2,2,2,213.02,52.26,47.92,44.06,31.61,0.0,100.0,142.16,0
20:31:54,94.6,2,2,2,213.83,52.33,47.97,44.09,31.61,0.0,100.0,142.18,0
20:31:55,94.6,2,2,2,214.69,52.4,48.02,44.12,31.62,0.0,100.0,142.2,0
20:31:55,94.7,2,2,2,215.49,52.47,48.07,44.15,31.62,0.0,100.0,142.22,0
20:31:55,94.7,2,2,2,216.28,52.54,48.12,44.18,31.62,0.0,100.0,142.25,0
20:31:55,94.8,2,2,2,217.07,52.61,48.16,44.21,31.63,0.0,100.0,142.27,0
20:31:55,94.9,2,2,2,218.02,52.69,48.22,44.25,31.63,0.0,100.0,142.29,0
20:31:55,94.9,2,2,2,218.83,52.76,48.27,44.28,31.64,0.0,100.0,142.32,0
20:31:55,95.0,2,2,2,219.62,52.83,48.32,44.31,31.64,0.0,100.0,142.34,0
20:31:55,95.0,2,2,2,220.49,52.9,48.37,44.34,31.65,0.0,100.0,142.36,0
20:31:55,95.1,2,2,2,221.28,52.97,48.42,44.38,31.65,0.0,100.0,142.39,0
20:31:55,95.1,2,2,2,222.22,53.06,48.48,44.41,31.66,0.0,100.0,142.41,0
20:31:55,95.2,2,2,2,223.05,53.13,48.54,44.45,31.66,0.0,100.0,142.43,0
20:31:55,95.2,2,2,2,223.86,53.2,48.59,44.48,31.67,0.0,100.0,142.46,0
20:31:55,95.3,2,2,2,224.66,53.27,48.64,44.51,31.67,0.0,100.0,142.48,0
20:31:55,95.4,2,2,2,225.69,53.36,48.7,44.55,31.68,0.0,100.0,142.51,0
20:31:55,95.4,2,2,2,226.51,53.44,48.76,44.59,31.68,0.0,100.0,142.53,0
20:31:55,95.5,2,2,2,227.31,53.51,48.81,44.62,31.69,0.0,100.0,142.56,0
20:31:55,95.5,2,2,2,228.16,53.58,48.86,44.66,31.69,0.0,100.0,142.58,0
20:31:55,95.6,2,2,2,228.95,53.65,48.91,44.69,31.69,0.0,100.0,142.6,0
20:31:56,95.6,2,2,2,229.83,53.73,48.97,44.73,31.7,0.0,100.0,142.63,0
20:31:56,95.7,2,2,2,230.71,53.81,49.03,44.77,31.71,0.0,100.0,142.65,0
20:31:56,95.8,2,2,2,231.63,53.9,49.09,44.81,31.71,0.0,100.0,142.68,0
20:31:56,95.8,2,2,2,232.42,53.97,49.14,44.84,31.72,0.0,100.0,142.7,0
20:31:56,95.9,2,2,2,233.39,54.06,49.21,44.88,31.72,0.0,100.0,142.73,0
20:31:56,95.9,2,2,2,234.19,54.14,49.26,44.92,31.73,0.0,100.0,142.75,0
20:31:56,96.0,2,2,2,234.97,54.21,49.31,44.96,31.73,0.0,100.0,142.78,0
20:31:56,96.0,2,2,2,235.92,54.3,49.38,45.0,31.74,0.0,100.0,142.8,0
20:31:56,96.1,2,2,2,236.69,54.37,49.43,45.03,31.74,0.0,100.0,142.83,0
20:31:56,96.2,2,2,2,237.46,54.44,49.49,45.07,31.75,0.0,100.0,142.86,0
20:31:56,96.2,2,2,2,238.38,54.53,49.55,45.11,31.76,0.0,100.0,142.88,0
20:31:56,96.3,2,2,2,239.16,54.61,49.61,45.15,31.76,0.0,100.0,142.91,0
20:31:56,96.3,2,2,2,239.95,54.68,49.66,45.19,31.77,0.0,100.0,142.93,0
20:31:56,96.4,2,2,2,240.86,54.77,49.73,45.23,31.77,0.0,100.0,142.96,0
20:31:56,96.4,2,2,2,241.66,54.85,49.78,45.27,31.78,0.0,100.0,142.99,0
20:31:56,96.5,2,2,2,242.43,54.92,49.84,45.31,31.78,0.0,100.0,143.01,0
20:31:56,96.6,2,2,2,243.32,55.01,49.9,45.35,31.79,0.0,100.0,143.04,0
20:31:56,96.6,2,2,2,244.28,55.1,49.97,45.4,31.8,0.0,100.0,143.06,0
20:31:57,96.7,2,2,2,245.05,55.18,50.03,45.43,31.8,0.0,100.0,143.09,0
20:31:57,96.7,2,2,2,245.81,55.25,50.09,45.47,31.81,0.0,100.0,143.12,0
20:31:57,96.8,2,2,2,246.59,55.33,50.14,45.51,31.81,0.0,100.0,143.14,0
20:31:57,96.8,2,2,2,247.51,55.42,50.21,45.56,31.82,0.0,100.0,143.17,0
20:31:57,96.9,2,2,2,248.31,55.5,50.27,45.6,31.83,0.0,100.0,143.2,0
20:31:57,96.9,2,2,2,249.14,55.58,50.33,45.64,31.83,0.0,100.0,143.23,0
20:31:57,97.0,2,2,2,249.9,55.66,50.39,45.68,31.84,0.0,100.0,143.25,0
20:31:57,97.1,2,2,2,250.77,55.75,50.45,45.73,31.85,0.0,100.0,143.28,0
20:31:57,97.1,2,2,2,251.54,55.82,50.51,45.77,31.85,0.0,100.0,143.31,0
20:31:57,97.2,2,2,2,252.29,55.9,50.57,45.81,31.86,0.0,100.0,143.33,0
20:31:57,97.2,2,2,2,253.15,55.99,50.64,45.85,31.87,0.0,100.0,143.36,0
20:31:57,97.3,2,2,2,253.95,56.07,50.7,45.89,31.87,0.0,100.0,143.39,0
20:31:57,97.3,2,2,2,254.7,56.15,50.76,45.93,31.88,0.0,100.0,143.42,0
20:31:57,97.4,2,2,2,255.53,56.23,50.82,45.98,31.89,0.0,100.0,143.45,0
20:31:57,97.4,2,2,2,256.28,56.31,50.88,46.02,31.89,0.0,100.0,143.47,0
20:31:57,97.5,2,2,2,257.02,56.39,50.94,46.06,31.9,0.0,100.0,143.5,0
20:31:57,97.6,2,2,2,257.76,56.47,51.0,46.1,31.91,0.0,100.0,143.53,0
20:31:57,97.6,2,2,2,258.52,56.55,51.06,46.15,31.91,0.0,100.0,143.56,0
20:31:58,97.7,2,2,2,259.25,56.62,51.12,46.19,31.92,0.0,100.0,143.59,0
20:31:58,97.7,2,2,2,260.08,56.71,51.19,46.23,31.93,0.0,100.0,143.61,0
20:31:58,97.8,2,2,2,260.82,56.79,51.25,46.28,31.93,0.0,100.0,143.64,0
20:31:58,97.8,2,2,2,261.59,56.87,51.31,46.32,31.94,0.0,100.0,143.67,0
20:31:58,97.9,2,2,2,262.44,56.97,51.38,46.37,31.95,0.0,100.0,143.7,0
20:31:58,98.0,2,2,2,263.19,57.05,51.44,46.42,31.96,0.0,100.0,143.73,0
20:31:58,98.0,2,2,2,264.09,57.15,51.52,46.47,31.96,0.0,100.0,143.76,0
20:31:58,98.1,2,2,2,264.84,57.23,51.58,46.51,31.97,0.0,100.0,143.79,0
20:31:58,98.1,2,2,2,265.59,57.31,51.64,46.56,31.98,0.0,100.0,143.81,0
20:31:58,98.2,2,2,2,266.41,57.4,51.71,46.61,31.99,0.0,100.0,143.84,0
20:31:58,98.2,2,2,2,267.28,57.49,51.79,46.66,32.0,0.0,100.0,143.87,0
20:31:58,98.3,2,2,2,268.0,57.57,51.85,46.7,32.0,0.0,100.0,143.9,0
20:31:58,98.4,2,2,2,268.74,57.66,51.91,46.75,32.01,0.0,100.0,143.93,0
20:31:58,98.4,2,2,2,269.65,57.76,51.99,46.81,32.02,0.0,100.0,143.96,0
20:31:58,98.5,2,2,2,270.39,57.84,52.06,46.85,32.03,0.0,100.0,143.99,0
20:31:58,98.5,2,2,2,271.11,57.92,52.12,46.9,32.04,0.0,100.0,144.02,0
20:31:58,98.6,2,2,2,271.85,58.01,52.18,46.95,32.04,0.0,100.0,144.05,0
20:31:59,98.6,2,2,2,272.79,58.11,52.27,47.0,32.05,0.0,100.0,144.08,0
20:31:59,98.7,2,2,2,273.52,58.19,52.33,47.05,32.06,0.0,100.0,144.11,0
20:31:59,98.8,2,2,2,274.24,58.27,52.39,47.1,32.07,0.0,100.0,144.14,0
20:31:59,98.8,2,2,2,275.02,58.36,52.46,47.14,32.08,0.0,100.0,144.17,0
20:31:59,98.9,2,2,2,275.91,58.45,52.54,47.2,32.09,0.0,100.0,144.2,0
20:31:59,98.9,2,2,2,276.66,58.54,52.6,47.25,32.09,0.0,100.0,144.23,0
20:31:59,99.0,2,2,2,277.43,58.62,52.67,47.29,32.1,0.0,100.0,144.26,0
20:31:59,99.1,2,2,2,278.21,58.71,52.73,47.34,32.11,0.0,100.0,144.29,0
20:31:59,99.1,2,2,2,279.26,58.82,52.82,47.41,32.12,0.0,100.0,144.32,0
20:31:59,99.2,2,2,2,280.01,58.9,52.89,47.45,32.13,0.0,100.0,144.35,0
20:31:59,99.2,2,2,2,280.8,58.99,52.95,47.5,32.14,0.0,100.0,144.38,0
20:31:59,99.3,2,2,2,281.64,59.08,53.02,47.56,32.15,0.0,100.0,144.41,0
20:31:59,99.3,2,2,2,282.64,59.19,53.11,47.62,32.16,0.0,100.0,144.44,0
20:31:59,99.4,2,2,2,283.42,59.28,53.18,47.67,32.17,0.0,100.0,144.47,0
20:31:59,99.5,2,2,2,284.18,59.36,53.24,47.71,32.18,0.0,100.0,144.5,0
20:31:59,99.5,2,2,2,285.04,59.46,53.31,47.77,32.19,0.0,100.0,144.54,0
20:31:59,99.6,2,2,2,285.82,59.54,53.38,47.82,32.19,0.0,100.0,144.57,0
20:31:59,99.6,2,2,2,286.59,59.63,53.45,47.87,32.2,0.0,100.0,144.6,0
20:32:00,99.7,2,2,2,287.45,59.72,53.52,47.92,32.21,0.0,100.0,144.63,0
20:32:00,99.7,2,2,2,288.41,59.82,53.6,47.98,32.22,0.0,100.0,144.66,0
20:32:00,99.8,2,2,2,289.2,59.91,53.67,48.03,32.23,0.0,100.0,144.69,0
20:32:00,99.8,2,2,2,290.03,60.0,53.74,48.08,32.24,0.0,100.0,144.72,0
20:32:00,99.9,2,2,2,290.85,60.09,53.81,48.13,32.25,0.0,100.0,144.76,0
20:32:00,100.0,2,2,2,291.83,60.2,53.89,48.2,32.26,0.0,100.0,144.79,0
20:32:00,100.0,2,2,2,292.66,60.29,53.96,48.25,32.27,0.0,100.0,144.82,0
20:32:00,100.1,2,2,2,293.49,60.38,54.03,48.3,32.28,0.0,100.0,144.85,0
20:32:00,100.1,2,2,2,294.32,60.47,54.1,48.35,32.29,0.0,100.0,144.88,0
20:32:00,100.2,2,2,2,295.41,60.59,54.2,48.42,32.3,0.0,100.0,144.92,0
20:32:00,100.3,2,2,2,296.29,60.69,54.27,48.48,32.31,0.0,100.0,144.95,0
20:32:00,100.3,2,2,2,297.13,60.78,54.34,48.53,32.32,0.0,100.0,144.98,0
20:32:00,100.4,2,2,2,297.95,60.87,54.41,48.58,32.33,0.0,100.0,145.01,0
20:32:00,100.4,2,2,2,298.9,60.97,54.49,48.64,32.34,0.0,100.0,145.05,0
20:32:00,100.5,2,2,2,299.79,61.07,54.57,48.7,32.35,0.0,100.0,145.08,0
20:32:00,100.5,2,2,2,300.64,61.16,54.64,48.75,32.36,0.0,100.0,145.11,0
20:32:00,100.6,2,2,2,301.59,61.27,54.72,48.81,32.37,0.0,100.0,145.14,0
20:32:01,100.7,2,2,2,302.61,61.38,54.81,48.88,32.39,0.0,100.0,145.18,0
20:32:01,100.7,2,2,2,303.43,61.47,54.88,48.93,32.4,0.0,100.0,145.21,0
20:32:01,100.8,2,2,2,304.32,61.57,54.96,48.99,32.41,0.0,100.0,145.24,0
20:32:01,100.9,2,2,2,305.46,61.7,55.06,49.06,32.42,0.0,100.0,145.28,0
20:32:01,100.9,2,2,2,306.37,61.8,55.14,49.12,32.43,0.0,100.0,145.31,0
20:32:01,101.0,2,2,2,307.28,61.9,55.22,49.18,32.44,0.0,100.0,145.35,0
20:32:01,101.0,2,2,2,308.12,62.0,55.29,49.24,32.45,0.0,100.0,145.38,0
20:32:01,101.1,2,2,2,309.09,62.11,55.38,49.3,32.47,0.0,100.0,145.41,0
20:32:01,101.1,2,2,2,309.96,62.21,55.46,49.36,32.48,0.0,100.0,145.45,0
20:32:01,101.2,2,2,2,310.76,62.3,55.53,49.41,32.49,0.0,100.0,145.48,0
20:32:01,101.3,2,2,2,311.56,62.39,55.6,49.47,32.5,0.0,100.0,145.52,0
20:32:01,101.3,2,2,2,312.64,62.52,55.7,49.54,32.51,0.0,100.0,145.55,0
20:32:01,101.4,2,2,2,313.44,62.61,55.78,49.6,32.52,0.0,100.0,145.58,0
20:32:01,101.4,2,2,2,314.25,62.7,55.85,49.65,32.53,0.0,100.0,145.62,0
20:32:01,101.5,2,2,2,315.04,62.8,55.92,49.71,32.54,0.0,100.0,145.65,0
20:32:01,101.5,2,2,2,315.95,62.9,56.01,49.77,32.56,0.0,100.0,145.69,0
20:32:01,101.6,2,2,2,316.76,63.0,56.08,49.83,32.57,0.0,100.0,145.72,0
20:32:02,101.7,2,2,2,317.56,63.09,56.15,49.88,32.58,0.0,100.0,145.76,0
20:32:02,101.7,2,2,2,318.43,63.19,56.24,49.94,32.59,0.0,100.0,145.79,0
20:32:02,101.8,2,2,2,319.39,63.31,56.33,50.01,32.6,0.0,100.0,145.83,0
20:32:02,101.8,2,2,2,320.18,63.4,56.4,50.07,32.61,0.0,100.0,145.86,0
20:32:02,101.9,2,2,2,320.97,63.5,56.48,50.12,32.62,0.0,100.0,145.9,0
20:32:02,101.9,2,2,2,321.88,63.6,56.56,50.19,32.64,0.0,100.0,145.94,0
20:32:02,102.0,2,2,2,322.7,63.7,56.64,50.25,32.65,0.0,100.0,145.97,0
20:32:02,102.1,2,2,2,323.49,63.8,56.71,50.3,32.66,0.0,100.0,146.01,0
20:32:02,102.1,2,2,2,324.39,63.91,56.8,50.37,32.67,0.0,100.0,146.04,0
20:32:02,102.2,2,2,2,325.54,64.04,56.91,50.45,32.69,0.0,100.0,146.08,0
20:32:02,102.2,2,2,2,326.32,64.14,56.99,50.51,32.7,0.0,100.0,146.11,0
20:32:02,102.3,2,2,2,327.13,64.24,57.07,50.57,32.71,0.0,100.0,146.15,0
20:32:02,102.4,2,2,2,328.02,64.34,57.15,50.63,32.72,0.0,100.0,146.19,0
20:32:02,102.4,2,2,2,328.83,64.44,57.23,50.69,32.74,0.0,100.0,146.22,0
20:32:02,102.5,2,2,2,329.63,64.54,57.31,50.75,32.75,0.0,100.0,146.26,0
20:32:02,102.5,2,2,2,330.43,64.64,57.38,50.81,32.76,0.0,100.0,146.3,0
20:32:02,102.6,2,2,2,331.27,64.74,57.46,50.87,32.77,0.0,100.0,146.33,0
20:32:03,102.6,2,2,2,332.34,64.86,57.57,50.95,32.79,0.0,100.0,146.37,0
20:32:03,102.7,2,2,2,333.18,64.96,57.65,51.01,32.8,0.0,100.0,146.41,0
20:32:03,102.8,2,2,2,334.04,65.07,57.73,51.07,32.81,0.0,100.0,146.44,0
20:32:03,102.8,2,2,2,335.02,65.18,57.82,51.14,32.83,0.0,100.0,146.48,0
20:32:03,102.9,2,2,2,335.88,65.29,57.9,51.21,32.84,0.0,100.0,146.52,0
20:32:03,102.9,2,2,2,336.69,65.38,57.98,51.26,32.85,0.0,100.0,146.55,0
20:32:03,103.0,2,2,2,337.85,65.52,58.09,51.35,32.87,0.0,100.0,146.59,0
20:32:03,103.0,2,2,2,338.74,65.62,58.17,51.41,32.88,0.0,100.0,146.63,0
20:32:03,103.1,2,2,2,339.59,65.72,58.25,51.47,32.89,0.0,100.0,146.66,0
20:32:03,103.2,2,2,2,340.48,65.83,58.34,51.54,32.91,0.0,100.0,146.7,0
20:32:03,103.2,2,2,2,341.49,65.95,58.43,51.61,32.92,0.0,100.0,146.74,0
20:32:03,103.3,2,2,2,342.44,66.06,58.52,51.68,32.94,0.0,100.0,146.78,0
20:32:03,103.3,2,2,2,343.36,66.17,58.61,51.74,32.95,0.0,100.0,146.82,0
20:32:03,103.4,2,2,2,344.2,66.27,58.69,51.8,32.96,0.0,100.0,146.85,0
20:32:03,103.5,2,2,2,345.3,66.4,58.79,51.88,32.98,0.0,100.0,146.89,0
20:32:03,103.5,2,2,2,346.21,66.51,58.88,51.95,32.99,0.0,100.0,146.93,0
20:32:03,103.6,2,2,2,347.07,66.61,58.96,52.01,33.01,0.0,100.0,146.97,0
20:32:04,103.6,2,2,2,348.14,66.74,59.06,52.09,33.02,0.0,100.0,147.01,0
20:32:04,103.7,2,2,2,349.01,66.84,59.14,52.15,33.03,0.0,100.0,147.05,0
20:32:04,103.7,2,2,2,349.85,66.94,59.22,52.21,33.05,0.0,100.0,147.08,0
20:32:04,103.8,2,2,2,350.71,67.04,59.3,52.28,33.06,0.0,100.0,147.12,0
20:32:04,103.9,2,2,2,351.7,67.16,59.4,52.35,33.08,0.0,100.0,147.16,0
20:32:04,103.9,2,2,2,352.59,67.27,59.48,52.41,33.09,0.0,100.0,147.2,0
20:32:04,104.0,2,2,2,353.5,67.38,59.57,52.48,33.1,0.0,100.0,147.24,0
20:32:04,104.0,2,2,2,354.57,67.5,59.67,52.56,33.12,0.0,100.0,147.28,0
20:32:04,104.1,2,2,2,355.44,67.61,59.75,52.62,33.13,0.0,100.0,147.32,0
20:32:04,104.1,2,2,2,356.29,67.71,59.84,52.69,33.15,0.0,100.0,147.36,0
20:32:04,104.2,2,2,2,357.16,67.82,59.92,52.75,33.16,0.0,100.0,147.4,0
20:32:04,104.2,2,2,2,358.25,67.95,60.02,52.83,33.18,0.0,100.0,147.44,0
20:32:04,104.3,2,2,2,359.13,68.05,60.11,52.89,33.19,0.0,100.0,147.48,0
20:32:04,104.4,2,2,2,360.06,68.16,60.2,52.96,33.21,0.0,100.0,147.52,0
20:32:04,104.4,2,2,2,361.14,68.29,60.3,53.04,33.22,0.0,100.0,147.56,0
20:32:04,104.5,2,2,2,362.07,68.41,60.39,53.11,33.24,0.0,100.0,147.6,0
20:32:04,104.5,2,2,2,362.97,68.51,60.48,53.18,33.25,0.0,100.0,147.64,0
20:32:04,104.6,2,2,2,363.85,68.62,60.56,53.24,33.27,0.0,100.0,147.68,0
20:32:05,104.7,2,2,2,365.01,68.76,60.67,53.33,33.28,0.0,100.0,147.72,0
20:32:05,104.7,2,2,2,365.94,68.87,60.76,53.4,33.3,0.0,100.0,147.76,0
20:32:05,104.8,2,2,2,366.86,68.98,60.85,53.47,33.31,0.0,100.0,147.8,0
20:32:05,104.8,2,2,2,367.74,69.09,60.94,53.53,33.33,0.0,100.0,147.84,0
20:32:05,104.9,2,2,2,368.66,69.2,61.03,53.6,33.34,0.0,100.0,147.88,0
20:32:05,104.9,2,2,2,369.59,69.32,61.12,53.67,33.36,0.0,100.0,147.92,0
20:32:05,105.0,2,2,2,370.53,69.43,61.21,53.74,33.37,0.0,100.0,147.96,0
20:32:05,105.0,2,2,2,371.43,69.54,61.3,53.81,33.39,0.0,100.0,148.0,0
20:32:05,105.1,2,2,2,372.37,69.66,61.39,53.88,33.4,0.0,100.0,148.04,0
20:32:05,105.2,2,2,2,373.34,69.78,61.49,53.96,33.42,0.0,100.0,148.09,0
20:32:05,105.2,2,2,2,374.21,69.88,61.58,54.02,33.43,0.0,100.0,148.13,0
20:32:05,105.3,2,2,2,375.08,69.99,61.66,54.09,33.45,0.0,100.0,148.17,0
20:32:05,105.3,2,2,2,376.17,70.13,61.77,54.18,33.47,0.0,100.0,148.21,0
20:32:05,105.4,2,2,2,377.08,70.24,61.86,54.25,33.48,0.0,100.0,148.25,0
20:32:05,105.4,2,2,2,378.0,70.36,61.96,54.32,33.5,0.0,100.0,148.29,0
20:32:05,105.5,2,2,2,379.1,70.49,62.07,54.4,33.52,0.0,100.0,148.34,0
20:32:05,105.6,2,2,2,380.0,70.6,62.16,54.47,33.53,0.0,100.0,148.38,0
20:32:05,105.6,2,2,2,380.96,70.72,62.25,54.55,33.55,0.0,100.0,148.42,0
20:32:06,105.7,2,2,2,381.88,70.84,62.34,54.62,33.56,0.0,100.0,148.46,0
20:32:06,105.7,2,2,2,382.97,70.97,62.45,54.7,33.58,0.0,100.0,148.51,0
20:32:06,105.8,2,2,2,383.92,71.09,62.55,54.77,33.6,0.0,100.0,148.55,0
20:32:06,105.8,2,2,2,384.94,71.21,62.65,54.85,33.62,0.0,100.0,148.59,0
20:32:06,105.9,2,2,2,385.87,71.33,62.74,54.92,33.63,0.0,100.0,148.63,0
20:32:06,106.0,2,2,2,387.05,71.47,62.86,55.01,33.65,0.0,100.0,148.68,0
20:32:06,106.0,2,2,2,388.0,71.59,62.95,55.09,33.67,0.0,100.0,148.72,0
20:32:06,106.1,2,2,2,388.92,71.7,63.04,55.16,33.68,0.0,100.0,148.76,0
20:32:06,106.1,2,2,2,389.98,71.83,63.15,55.24,33.7,0.0,100.0,148.81,0
20:32:06,106.2,2,2,2,390.96,71.96,63.24,55.31,33.72,0.0,100.0,148.85,0
20:32:06,106.2,2,2,2,391.92,72.07,63.34,55.39,33.74,0.0,100.0,148.89,0
20:32:06,106.3,2,2,2,392.97,72.2,63.44,55.47,33.75,0.0,100.0,148.94,0
20:32:06,106.4,2,2,2,393.89,72.31,63.53,55.54,33.77,0.0,100.0,148.98,0
20:32:06,106.4,2,2,2,394.91,72.44,63.64,55.62,33.79,0.0,100.0,149.02,0
20:32:06,106.5,2,2,2,395.83,72.55,63.73,55.69,33.8,0.0,100.0,149.07,0
20:32:06,106.5,2,2,2,396.76,72.67,63.82,55.76,33.82,0.0,100.0,149.11,0
20:32:06,106.6,2,2,2,397.73,72.79,63.92,55.84,33.84,0.0,100.0,149.16,0
20:32:06,106.6,2,2,2,398.65,72.91,64.01,55.91,33.85,0.0,100.0,149.2,0
20:32:07,106.7,2,2,2,399.56,73.02,64.1,55.98,33.87,0.0,100.0,149.25,0
20:32:07,106.8,2,2,2,400.57,73.15,64.21,56.06,33.89,0.0,100.0,149.29,0
20:32:07,106.8,2,2,2,401.94,73.32,64.34,56.17,33.91,0.0,100.0,149.33,0
20:32:07,106.9,2,2,2,402.9,73.44,64.44,56.24,33.93,0.0,100.0,149.38,0
20:32:07,106.9,2,2,2,403.92,73.56,64.54,56.32,33.95,0.0,100.0,149.42,0
20:32:07,107.0,2,2,2,404.89,73.69,64.64,56.4,33.96,0.0,100.0,149.47,0
20:32:07,107.0,2,2,2,405.94,73.82,64.75,56.48,33.98,0.0,100.0,149.51,0
20:32:07,107.1,2,2,2,406.89,73.94,64.84,56.56,34.0,0.0,100.0,149.56,0
20:32:07,107.1,2,2,2,407.9,74.06,64.94,56.63,34.02,0.0,100.0,149.61,0
20:32:07,107.2,2,2,2,408.87,74.18,65.04,56.71,34.03,0.0,100.0,149.65,0
20:32:07,107.3,2,2,2,409.93,74.31,65.15,56.79,34.05,0.0,100.0,149.7,0
20:32:07,107.3,2,2,2,410.89,74.43,65.24,56.87,34.07,0.0,100.0,149.74,0
20:32:07,107.4,2,2,2,411.85,74.55,65.34,56.94,34.09,0.0,100.0,149.79,0
20:32:07,107.4,2,2,2,412.96,74.69,65.45,57.03,34.11,0.0,100.0,149.83,0
20:32:07,107.5,2,2,2,414.09,74.83,65.56,57.12,34.13,0.0,100.0,149.88,0
20:32:07,107.5,2,2,2,415.07,74.95,65.66,57.2,34.14,0.0,100.0,149.93,0
20:32:07,107.6,2,2,2,416.04,75.07,65.76,57.27,34.16,0.0,100.0,149.97,0
20:32:08,107.6,2,2,2,417.02,75.2,65.86,57.35,34.18,0.0,100.0,150.02,0
20:32:08,107.7,2,2,2,418.1,75.33,65.97,57.43,34.2,0.0,100.0,150.07,0
20:32:08,107.8,2,2,2,419.1,75.46,66.07,57.51,34.22,0.0,100.0,150.11,0
20:32:08,107.8,2,2,2,420.08,75.58,66.17,57.59,34.24,0.0,100.0,150.16,0
20:32:08,107.9,2,2,2,421.16,75.71,66.28,57.67,34.26,0.0,100.0,150.21,0
20:32:08,107.9,2,2,2,422.21,75.84,66.38,57.76,34.27,0.0,100.0,150.25,0
20:32:08,108.0,2,2,2,423.29,75.98,66.49,57.84,34.29,0.0,100.0,150.3,0
20:32:08,108.0,2,2,2,424.32,76.11,66.59,57.92,34.31,0.0,100.0,150.35,0
20:32:08,108.1,2,2,2,425.33,76.23,66.7,58.0,34.33,0.0,100.0,150.39,0
20:32:08,108.1,2,2,2,426.43,76.37,66.81,58.09,34.35,0.0,100.0,150.44,0
20:32:08,108.2,2,2,2,427.44,76.5,66.91,58.17,34.37,0.0,100.0,150.49,0
20:32:08,108.3,2,2,2,428.5,76.63,67.02,58.25,34.39,0.0,100.0,150.54,0
20:32:08,108.3,2,2,2,429.54,76.76,67.12,58.34,34.41,0.0,100.0,150.59,0
20:32:08,108.4,2,2,2,430.57,76.89,67.23,58.42,34.43,0.0,100.0,150.63,0
20:32:08,108.4,2,2,2,431.57,77.02,67.33,58.5,34.45,0.0,100.0,150.68,0
20:32:08,108.5,2,2,2,432.57,77.14,67.43,58.58,34.47,0.0,100.0,150.73,0
20:32:08,108.5,2,2,2,433.63,77.28,67.54,58.66,34.49,0.0,100.0,150.78,0
20:32:08,108.6,2,2,2,434.72,77.42,67.66,58.75,34.51,0.0,100.0,150.83,0
20:32:09,108.6,2,2,2,435.75,77.55,67.76,58.83,34.53,0.0,100.0,150.88,0
20:32:09,108.7,2,2,2,436.76,77.68,67.87,58.91,34.54,0.0,100.0,150.92,0
20:32:09,108.8,2,2,2,437.81,77.81,67.97,59.0,34.56,0.0,100.0,150.97,0
20:32:09,108.8,2,2,2,439.26,77.99,68.12,59.12,34.59,0.0,100.0,151.02,0
20:32:09,108.9,2,2,2,440.35,78.13,68.24,59.2,34.61,0.0,100.0,151.07,0
20:32:09,108.9,2,2,2,441.34,78.26,68.34,59.28,34.63,0.0,100.0,151.12,0
20:32:09,109.0,2,2,2,442.42,78.4,68.45,59.37,34.65,0.0,100.0,151.17,0
20:32:09,109.1,2,2,2,443.62,78.56,68.58,59.47,34.68,0.0,100.0,151.22,0
20:32:09,109.1,2,2,2,444.62,78.69,68.68,59.56,34.7,0.0,100.0,151.27,0
20:32:09,109.2,2,2,2,445.62,78.82,68.79,59.64,34.72,0.0,100.0,151.32,0
20:32:09,109.2,2,2,2,446.6,78.95,68.9,59.72,34.73,0.0,100.0,151.37,0
20:32:09,109.3,2,2,2,447.58,79.07,69.0,59.8,34.75,0.0,100.0,151.42,0
20:32:09,109.3,2,2,2,448.66,79.22,69.12,59.9,34.78,0.0,100.0,151.47,0
20:32:09,109.4,2,2,2,449.65,79.35,69.23,59.98,34.8,0.0,100.0,151.52,0
20:32:09,109.4,2,2,2,450.63,79.48,69.33,60.06,34.82,0.0,100.0,151.57,0
20:32:09,109.5,2,2,2,451.69,79.62,69.45,60.16,34.84,0.0,100.0,151.62,0
20:32:09,109.5,2,2,2,452.7,79.76,69.56,60.24,34.86,0.0,100.0,151.67,0
20:32:09,109.6,2,2,2,453.68,79.89,69.67,60.33,34.88,0.0,100.0,151.72,0
20:32:10,109.7,2,2,2,454.65,80.02,69.78,60.41,34.9,0.0,100.0,151.77,0
20:32:10,109.7,2,2,2,455.89,80.19,69.92,60.52,34.93,0.0,100.0,151.82,0
20:32:10,109.8,2,2,2,456.84,80.32,70.02,60.61,34.95,0.0,100.0,151.87,0
20:32:10,109.8,2,2,2,457.79,80.45,70.13,60.69,34.97,0.0,100.0,151.92,0
20:32:10,109.9,2,2,2,458.84,80.6,70.25,60.78,34.99,0.0,100.0,151.97,0
20:32:10,109.9,2,2,2,459.83,80.73,70.36,60.87,35.01,0.0,100.0,152.03,0
20:32:10,110.0,2,2,2,460.84,80.87,70.47,60.96,35.03,0.0,100.0,152.08,0
20:32:10,110.1,2,2,2,461.89,81.01,70.59,61.05,35.05,0.0,100.0,152.13,0
20:32:10,110.1,2,2,2,462.88,81.15,70.7,61.14,35.07,0.0,100.0,152.18,0
20:32:10,110.2,2,2,2,463.95,81.3,70.83,61.24,35.1,0.0,100.0,152.23,0
20:32:10,110.2,2,2,2,464.92,81.43,70.94,61.33,35.12,0.0,100.0,152.28,0
20:32:10,110.3,2,2,2,466.01,81.58,71.06,61.42,35.14,0.0,100.0,152.34,0
20:32:10,110.3,2,2,2,467.07,81.73,71.18,61.52,35.16,0.0,100.0,152.39,0
20:32:10,110.4,2,2,2,468.06,81.86,71.29,61.61,35.19,0.0,100.0,152.44,0
20:32:10,110.5,2,2,2,469.03,82.0,71.41,61.7,35.21,0.0,100.0,152.49,0
20:32:10,110.5,2,2,2,470.36,82.18,71.56,61.82,35.24,0.0,100.0,152.54,0
20:32:10,110.6,2,2,2,471.31,82.32,71.67,61.91,35.26,0.0,100.0,152.6,0
20:32:11,110.7,2,2,2,472.35,82.46,71.79,62.0,35.28,0.0,100.0,152.65,0
20:32:11,110.7,2,2,2,473.73,82.66,71.95,62.13,35.31,0.0,100.0,152.7,0
20:32:11,110.8,2,2,2,474.77,82.8,72.07,62.23,35.34,0.0,100.0,152.75,0
20:32:11,110.8,2,2,2,475.72,82.94,72.18,62.31,35.36,0.0,100.0,152.81,0
20:32:11,110.9,2,2,2,476.68,83.07,72.3,62.4,35.38,0.0,100.0,152.86,0
20:32:11,110.9,2,2,2,477.65,83.21,72.41,62.49,35.4,0.0,100.0,152.91,0
20:32:11,111.0,2,2,2,478.79,83.37,72.55,62.6,35.43,0.0,100.0,152.97,0
20:32:11,111.0,2,2,2,479.71,83.51,72.66,62.69,35.45,0.0,100.0,153.02,0
20:32:11,111.1,2,2,2,480.66,83.64,72.77,62.78,35.47,0.0,100.0,153.07,0
20:32:11,111.2,2,2,2,481.77,83.8,72.9,62.89,35.5,0.0,100.0,153.13,0
20:32:11,111.2,2,2,2,482.72,83.94,73.02,62.98,35.52,0.0,100.0,153.18,0
20:32:11,111.3,2,2,2,483.68,84.08,73.13,63.07,35.54,0.0,100.0,153.23,0
20:32:11,111.3,2,2,2,484.77,84.24,73.27,63.18,35.57,0.0,100.0,153.29,0
20:32:11,111.4,2,2,2,485.77,84.39,73.39,63.27,35.59,0.0,100.0,153.34,0
20:32:11,111.4,2,2,2,486.75,84.53,73.51,63.37,35.62,0.0,100.0,153.39,0
20:32:11,111.5,2,2,2,487.79,84.68,73.64,63.47,35.64,0.0,100.0,153.45,0
20:32:11,111.5,2,2,2,488.74,84.82,73.75,63.57,35.66,0.0,100.0,153.5,0
20:32:11,111.6,2,2,2,489.68,84.96,73.87,63.66,35.69,0.0,100.0,153.56,0
20:32:12,111.7,2,2,2,490.69,85.11,74.0,63.76,35.71,0.0,100.0,153.61,0
20:32:12,111.7,2,2,2,491.78,85.27,74.13,63.87,35.74,0.0,100.0,153.66,0
20:32:12,111.8,2,2,2,492.82,85.43,74.26,63.97,35.76,0.0,100.0,153.72,0
20:32:12,111.8,2,2,2,493.75,85.57,74.38,64.07,35.79,0.0,100.0,153.77,0
20:32:12,111.9,2,2,2,494.79,85.72,74.51,64.17,35.81,0.0,100.0,153.83,0
20:32:12,112.0,2,2,2,495.75,85.86,74.63,64.27,35.84,0.0,100.0,153.88,0
20:32:12,112.0,2,2,2,496.71,86.01,74.75,64.36,35.86,0.0,100.0,153.94,0
20:32:12,112.1,2,2,2,497.63,86.15,74.87,64.46,35.88,0.0,100.0,153.99,0
20:32:12,112.1,2,2,2,498.66,86.3,75.0,64.56,35.91,0.0,100.0,154.05,0
20:32:12,112.2,2,2,2,499.61,86.45,75.12,64.66,35.94,0.0,100.0,154.1,0
20:32:12,112.2,2,2,2,500.57,86.59,75.24,64.76,35.96,0.0,100.0,154.16,0
20:32:12,112.3,2,2,2,501.59,86.75,75.37,64.87,35.99,0.0,100.0,154.21,0
20:32:12,112.4,2,2,2,502.69,86.92,75.52,64.98,36.02,0.0,100.0,154.27,0
20:32:12,112.4,2,2,2,503.6,87.06,75.63,65.08,36.04,0.0,100.0,154.32,0
20:32:12,112.5,2,2,2,504.5,87.2,75.75,65.17,36.06,0.0,100.0,154.38,0
20:32:12,112.5,2,2,2,505.49,87.35,75.88,65.28,36.09,0.0,100.0,154.43,0
20:32:12,112.6,2,2,2,506.71,87.54,76.04,65.4,36.12,0.0,100.0,154.49,0
20:32:13,112.6,2,2,2,507.65,87.68,76.16,65.5,36.15,0.0,100.0,154.55,0
20:32:13,112.7,2,2,2,508.67,87.84,76.29,65.61,36.17,0.0,100.0,154.6,0
20:32:13,112.8,2,2,2,509.73,88.0,76.43,65.72,36.2,0.0,100.0,154.66,0
20:32:13,112.8,2,2,2,510.65,88.14,76.55,65.82,36.23,0.0,100.0,154.71,0
20:32:13,112.9,2,2,2,511.61,88.29,76.68,65.92,36.25,0.0,100.0,154.77,0
20:32:13,112.9,2,2,2,512.62,88.44,76.81,66.03,36.28,0.0,100.0,154.83,0
20:32:13,113.0,2,2,2,513.69,88.61,76.95,66.14,36.31,0.0,100.0,154.88,0
20:32:13,113.0,2,2,2,514.6,88.75,77.06,66.24,36.33,0.0,100.0,154.94,0
20:32:13,113.1,2,2,2,515.52,88.89,77.18,66.33,36.36,0.0,100.0,155.0,0
20:32:13,113.2,2,2,2,516.43,89.03,77.3,66.43,36.38,0.0,100.0,155.05,0
20:32:13,113.2,2,2,2,517.45,89.19,77.44,66.54,36.41,0.0,100.0,155.11,0
20:32:13,113.3,2,2,2,518.45,89.34,77.57,66.65,36.43,0.0,100.0,155.16,0
20:32:13,113.3,2,2,2,519.55,89.52,77.72,66.76,36.46,0.0,100.0,155.22,0
20:32:13,113.4,2,2,2,520.47,89.66,77.84,66.86,36.49,0.0,100.0,155.28,0
20:32:13,113.5,2,2,2,521.51,89.82,77.97,66.97,36.52,0.0,100.0,155.34,0
20:32:13,113.5,2,2,2,522.58,89.99,78.12,67.09,36.55,0.0,100.0,155.39,0
20:32:13,113.6,2,2,2,523.56,90.14,78.25,67.2,36.58,0.0,100.0,155.45,0
20:32:14,113.6,2,2,2,524.5,90.29,78.37,67.3,36.6,0.0,100.0,155.51,0
20:32:14,113.7,2,2,2,525.68,90.48,78.53,67.43,36.63,0.0,100.0,155.56,0
20:32:14,113.7,2,2,2,526.66,90.63,78.66,67.54,36.66,0.0,100.0,155.62,0
20:32:14,113.8,2,2,2,527.61,90.78,78.79,67.64,36.69,0.0,100.0,155.68,0
20:32:14,113.9,2,2,2,528.68,90.95,78.93,67.76,36.72,0.0,100.0,155.74,0
20:32:14,113.9,2,2,2,529.81,91.13,79.09,67.88,36.75,0.0,100.0,155.79,0
20:32:14,114.0,2,2,2,530.75,91.28,79.21,67.99,36.78,0.0,100.0,155.85,0
20:32:14,114.1,2,2,2,531.71,91.43,79.34,68.09,36.8,0.0,100.0,155.91,0
20:32:14,114.1,2,2,2,532.82,91.61,79.49,68.22,36.84,0.0,100.0,155.97,0
20:32:14,114.2,2,2,2,533.79,91.76,79.63,68.32,36.86,0.0,100.0,156.03,0
20:32:14,114.2,2,2,2,534.76,91.92,79.76,68.43,36.89,0.0,100.0,156.08,0
20:32:14,114.3,2,2,2,535.82,92.09,79.9,68.55,36.92,0.0,100.0,156.14,0
20:32:14,114.4,2,2,2,536.73,92.23,80.03,68.65,36.95,0.0,100.0,156.2,0
20:32:14,114.4,2,2,2,538.08,92.45,80.21,68.81,36.99,0.0,100.0,156.26,0
20:32:14,114.5,2,2,2,539.03,92.61,80.34,68.91,37.02,0.0,100.0,156.32,0
20:32:14,114.5,2,2,2,539.95,92.75,80.47,69.02,37.04,0.0,100.0,156.38,0
20:32:14,114.6,2,2,2,541.14,92.95,80.64,69.15,37.08,0.0,100.0,156.43,0
20:32:15,114.7,2,2,2,542.32,93.14,80.8,69.29,37.11,0.0,100.0,156.49,0
20:32:15,114.7,2,2,2,543.26,93.29,80.93,69.39,37.14,0.0,100.0,156.55,0
20:32:15,114.8,2,2,2,544.28,93.46,81.07,69.51,37.17,0.0,100.0,156.61,0
20:32:15,114.9,2,2,2,545.48,93.65,81.24,69.65,37.21,0.0,100.0,156.67,0
20:32:15,114.9,2,2,2,546.54,93.83,81.39,69.77,37.24,0.0,100.0,156.73,0
20:32:15,115.0,2,2,2,547.48,93.98,81.52,69.88,37.27,0.0,100.0,156.79,0
20:32:15,115.0,2,2,2,548.5,94.15,81.67,70.0,37.3,0.0,100.0,156.85,0
20:32:15,115.1,2,2,2,549.65,94.34,81.83,70.13,37.34,0.0,100.0,156.91,0
20:32:15,115.2,2,2,2,550.56,94.49,81.95,70.24,37.36,0.0,100.0,156.97,0
20:32:15,115.2,2,2,2,551.52,94.65,82.09,70.35,37.39,0.0,100.0,157.02,0
20:32:15,115.3,2,2,2,552.66,94.84,82.25,70.48,37.43,0.0,100.0,157.08,0
20:32:15,115.3,2,2,2,553.74,95.01,82.41,70.61,37.46,0.0,100.0,157.14,0
20:32:15,115.4,2,2,2,554.69,95.17,82.54,70.72,37.49,0.0,100.0,157.2,0
20:32:15,115.5,2,2,2,555.66,95.33,82.68,70.84,37.52,0.0,100.0,157.26,0
20:32:15,115.5,2,2,2,556.9,95.54,82.86,70.99,37.56,0.0,100.0,157.32,0
20:32:15,115.6,2,2,2,557.79,95.69,82.99,71.09,37.59,0.0,100.0,157.38,0
20:32:16,115.7,2,2,2,558.78,95.86,83.13,71.21,37.62,0.0,100.0,157.44,0
20:32:16,115.7,2,2,2,559.99,96.06,83.31,71.35,37.66,0.0,100.0,157.5,0
20:32:16,115.8,2,2,2,560.91,96.21,83.44,71.46,37.69,0.0,100.0,157.56,0
20:32:16,115.8,2,2,2,561.83,96.37,83.57,71.58,37.72,0.0,100.0,157.62,0
20:32:16,115.9,2,2,2,562.73,96.52,83.7,71.68,37.75,0.0,100.0,157.68,0
20:32:16,116.0,2,2,2,563.89,96.72,83.87,71.82,37.78,0.0,100.0,157.74,0
20:32:16,116.0,2,2,2,564.78,96.87,84.0,71.93,37.81,0.0,100.0,157.81,0
20:32:16,116.1,2,2,2,565.71,97.03,84.14,72.05,37.84,0.0,100.0,157.87,0
20:32:16,116.1,2,2,2,566.59,97.18,84.27,72.15,37.87,0.0,100.0,157.93,0
20:32:16,116.2,2,2,2,567.56,97.35,84.41,72.27,37.9,0.0,100.0,157.99,0
20:32:16,116.2,2,2,2,568.52,97.51,84.56,72.39,37.93,0.0,100.0,158.05,0
20:32:16,116.3,2,2,2,569.51,97.68,84.7,72.51,37.97,0.0,100.0,158.11,0
20:32:16,116.4,2,2,2,570.41,97.83,84.84,72.62,38.0,0.0,100.0,158.17,0
20:32:16,116.4,2,2,2,571.47,98.02,84.99,72.75,38.03,0.0,100.0,158.23,0
20:32:16,116.5,2,2,2,572.34,98.17,85.12,72.86,38.06,0.0,100.0,158.29,0
20:32:16,116.5,2,2,2,573.32,98.34,85.27,72.98,38.09,0.0,100.0,158.35,0
20:32:16,116.6,2,2,2,574.51,98.54,85.45,73.13,38.13,0.0,100.0,158.42,0
20:32:17,116.7,2,2,2,575.39,98.69,85.58,73.24,38.16,0.0,100.0,158.48,0
20:32:17,116.7,2,2,2,576.26,98.84,85.71,73.35,38.19,0.0,100.0,158.54,0
20:32:17,116.8,2,2,2,577.15,99.0,85.84,73.46,38.22,0.0,100.0,158.6,0
20:32:17,116.8,2,2,2,578.13,99.17,85.99,73.58,38.26,0.0,100.0,158.66,0
20:32:17,116.9,2,2,2,579.05,99.33,86.13,73.7,38.29,0.0,100.0,158.72,0
20:32:17,116.9,2,2,2,579.91,99.48,86.26,73.81,38.32,0.0,100.0,158.78,0
20:32:17,117.0,2,2,2,580.85,99.64,86.4,73.93,38.35,0.0,100.0,158.85,0
20:32:17,117.1,2,2,2,581.83,99.81,86.55,74.05,38.38,0.0,100.0,158.91,0
20:32:17,117.1,2,2,2,582.78,99.98,86.69,74.17,38.41,0.0,100.0,158.97,0
20:32:17,117.2,2,2,2,583.67,100.14,86.83,74.28,38.45,0.0,100.0,159.03,0
20:32:17,117.2,2,2,2,584.69,100.32,86.98,74.41,38.48,0.0,100.0,159.09,0
20:32:17,117.3,2,2,2,585.62,100.48,87.13,74.53,38.51,0.0,100.0,159.16,0
20:32:17,117.3,2,2,2,586.59,100.65,87.27,74.65,38.55,0.0,100.0,159.22,0
20:32:17,117.4,2,2,2,587.45,100.8,87.4,74.76,38.58,0.0,100.0,159.28,0
20:32:17,117.5,2,2,2,588.38,100.96,87.54,74.88,38.61,0.0,100.0,159.34,0
20:32:17,117.5,2,2,2,589.41,101.14,87.7,75.01,38.64,0.0,100.0,159.41,0
20:32:17,117.6,2,2,2,590.43,101.31,87.85,75.14,38.68,0.0,100.0,159.47,0
20:32:18,117.6,2,2,2,591.4,101.48,88.0,75.26,38.71,0.0,100.0,159.53,0
20:32:18,117.7,2,2,2,592.41,101.65,88.15,75.38,38.75,0.0,100.0,159.59,0
20:32:18,117.8,2,2,2,593.5,101.84,88.31,75.52,38.78,0.0,100.0,159.66,0
20:32:18,117.8,2,2,2,594.55,102.02,88.46,75.65,38.82,0.0,100.0,159.72,0
20:32:18,117.9,2,2,2,595.46,102.17,88.6,75.76,38.85,0.0,100.0,159.78,0
20:32:18,117.9,2,2,2,596.51,102.35,88.75,75.89,38.88,0.0,100.0,159.84,0
20:32:18,118.0,2,2,2,597.55,102.53,88.9,76.02,38.92,0.0,100.0,159.91,0
20:32:18,118.0,2,2,2,598.48,102.68,89.04,76.13,38.95,0.0,100.0,159.97,0
20:32:18,118.1,2,2,2,599.41,102.84,89.17,76.24,38.98,0.0,100.0,160.03,0
20:32:18,118.2,2,2,2,600.33,102.99,89.3,76.35,39.01,0.0,100.0,160.1,0
20:32:18,118.2,2,2,2,601.4,103.17,89.46,76.48,39.05,0.0,100.0,160.16,0
20:32:18,118.3,2,2,2,602.34,103.32,89.59,76.59,39.08,0.0,100.0,160.22,0
20:32:18,118.3,2,2,2,603.28,103.48,89.72,76.71,39.11,0.0,100.0,160.29,0
20:32:18,118.4,2,2,2,604.26,103.64,89.86,76.82,39.14,0.0,100.0,160.35,0
20:32:18,118.4,2,2,2,605.63,103.87,90.06,76.99,39.19,0.0,100.0,160.42,0
20:32:18,118.5,2,2,2,606.58,104.02,90.19,77.1,39.22,0.0,100.0,160.48,0
20:32:18,118.6,2,2,2,607.63,104.2,90.34,77.22,39.25,0.0,100.0,160.54,0
20:32:18,118.6,2,2,2,608.6,104.35,90.48,77.34,39.29,0.0,100.0,160.61,0
20:32:19,118.7,2,2,2,609.7,104.53,90.63,77.47,39.32,0.0,100.0,160.67,0
20:32:19,118.7,2,2,2,610.87,104.73,90.8,77.61,39.36,0.0,100.0,160.74,0
20:32:19,118.8,2,2,2,611.82,104.88,90.93,77.72,39.39,0.0,100.0,160.8,0
20:32:19,118.9,2,2,2,612.85,105.05,91.08,77.84,39.43,0.0,100.0,160.87,0
20:32:19,118.9,2,2,2,614.03,105.24,91.24,77.98,39.46,0.0,100.0,160.93,0
20:32:19,119.0,2,2,2,615.01,105.4,91.38,78.09,39.5,0.0,100.0,160.99,0
20:32:19,119.0,2,2,2,615.98,105.56,91.51,78.21,39.53,0.0,100.0,161.06,0
20:32:19,119.1,2,2,2,617.08,105.74,91.67,78.33,39.56,0.0,100.0,161.12,0
20:32:19,119.1,2,2,2,618.08,105.9,91.81,78.45,39.6,0.0,100.0,161.19,0
20:32:19,119.2,2,2,2,619.09,106.06,91.95,78.57,39.63,0.0,100.0,161.25,0
20:32:19,119.2,2,2,2,620.08,106.22,92.08,78.68,39.66,0.0,100.0,161.32,0
20:32:19,119.3,2,2,2,621.19,106.4,92.24,78.81,39.7,0.0,100.0,161.38,0
20:32:19,119.4,2,2,2,622.48,106.61,92.42,78.96,39.74,0.0,100.0,161.45,0
20:32:19,119.4,2,2,2,623.73,106.81,92.59,79.1,39.78,0.0,100.0,161.52,0
20:32:19,119.5,2,2,2,624.77,106.98,92.73,79.22,39.81,0.0,100.0,161.58,0
20:32:19,119.5,2,2,2,625.87,107.16,92.88,79.35,39.85,0.0,100.0,161.65,0
20:32:19,119.6,2,2,2,627.0,107.34,93.04,79.48,39.89,0.0,100.0,161.71,0
20:32:20,119.6,2,2,2,628.07,107.51,93.18,79.6,39.92,0.0,100.0,161.78,0
20:32:20,119.7,2,2,2,629.1,107.67,93.32,79.72,39.95,0.0,100.0,161.84,0
20:32:20,119.8,2,2,2,630.21,107.85,93.48,79.85,39.99,0.0,100.0,161.91,0
20:32:20,119.8,2,2,2,631.25,108.02,93.62,79.97,40.02,0.0,100.0,161.98,0
20:32:20,119.9,2,2,2,632.26,108.18,93.76,80.08,40.06,0.0,100.0,162.04,0
20:32:20,119.9,2,2,2,633.28,108.35,93.9,80.2,40.09,636.26,100.0,162.11,0
20:32:20,120.0,2,2,2,634.57,108.55,94.08,80.35,40.13,1437.58,100.0,162.18,0
20:32:20,120.1,2,2,2,635.69,108.74,94.23,80.48,40.17,2139.95,100.0,162.24,0
20:32:20,120.1,2,2,2,636.84,108.92,94.39,80.61,40.21,2858.36,100.0,162.31,0
20:32:20,120.2,2,2,2,637.9,109.1,94.54,80.74,40.24,3521.18,100.0,162.38,0
20:32:20,120.2,2,2,2,639.17,109.3,94.72,80.89,40.28,4321.26,100.0,162.44,0
20:32:20,120.3,2,2,2,640.19,109.47,94.86,81.01,40.32,4959.47,100.0,162.51,0
20:32:20,120.3,2,2,2,641.18,109.63,95.0,81.12,40.35,5583.59,100.0,162.58,0
20:32:20,120.4,2,2,2,642.23,109.81,95.15,81.25,40.39,6246.2,100.0,162.65,0
20:32:20,120.5,2,2,2,643.46,110.01,95.33,81.39,40.43,7022.73,100.0,162.71,0
20:32:20,120.5,2,2,2,644.49,110.18,95.48,81.52,40.46,7678.86,100.0,162.78,0
20:32:20,120.6,2,2,2,645.48,110.35,95.62,81.63,40.5,8306.1,100.0,162.85,0
20:32:21,120.6,2,2,2,646.47,110.51,95.76,81.75,40.53,8935.35,100.0,162.92,0
20:32:21,120.7,2,2,2,647.81,110.74,95.95,81.91,40.58,9791.35,100.0,162.98,0
20:32:21,120.7,2,2,2,648.82,110.91,96.1,82.03,40.61,10432.53,100.0,163.05,0
20:32:21,120.8,2,2,2,649.82,111.08,96.24,82.16,40.65,11074.23,100.0,163.12,0
20:32:21,120.9,2,2,2,650.89,111.26,96.4,82.29,40.68,11759.4,100.0,163.19,0
20:32:21,120.9,2,2,2,651.98,111.44,96.56,82.42,40.72,12456.56,100.0,163.26,0
20:32:21,121.0,2,2,2,653.03,111.62,96.71,82.55,40.76,13132.88,100.0,163.32,0
20:32:21,121.0,2,2,2,654.11,111.8,96.87,82.68,40.79,13827.75,100.0,163.39,0
20:32:21,121.1,2,2,2,655.09,111.97,97.02,82.8,40.83,14463.37,100.0,163.46,0
20:32:21,121.1,2,2,2,656.14,112.15,97.17,82.93,40.87,15146.33,100.0,163.53,0
20:32:21,121.2,2,2,2,657.25,112.34,97.34,83.07,40.91,15870.59,100.0,163.6,0
20:32:21,121.2,2,2,2,658.22,112.51,97.48,83.19,40.94,16501.59,100.0,163.67,0
20:32:21,121.3,2,2,2,659.21,112.68,97.63,83.31,40.98,17150.49,100.0,163.74,0
20:32:21,121.4,2,2,2,660.25,112.86,97.79,83.44,41.01,17828.77,100.0,163.81,0
20:32:21,121.4,2,2,2,661.26,113.04,97.94,83.57,41.05,18495.51,100.0,163.87,0
20:32:21,121.5,2,2,2,662.28,113.22,98.1,83.7,41.09,19169.34,100.0,163.94,0
20:32:21,121.5,2,2,2,663.25,113.39,98.24,83.83,41.12,19804.28,100.0,164.01,0
20:32:21,121.6,2,2,2,664.43,113.6,98.42,83.98,41.17,20588.78,100.0,164.08,0
20:32:22,121.6,2,2,2,665.39,113.77,98.57,84.1,41.2,21225.34,100.0,164.15,0
20:32:22,121.7,2,2,2,666.4,113.95,98.73,84.23,41.24,21898.7,100.0,164.22,0
20:32:22,121.7,2,2,2,667.35,114.12,98.87,84.35,41.28,22533.64,100.0,164.29,0
20:32:22,121.8,2,2,2,668.44,114.31,99.04,84.5,41.32,23264.18,100.0,164.36,0
20:32:22,121.9,2,2,2,669.52,114.51,99.21,84.64,41.36,23994.49,100.0,164.43,0
20:32:22,121.9,2,2,2,670.47,114.68,99.36,84.76,41.39,24633.79,100.0,164.5,0
20:32:22,122.0,2,2,2,671.41,114.85,99.51,84.89,41.43,25268.21,100.0,164.57,0
20:32:22,122.0,2,2,2,672.56,115.05,99.69,85.04,41.47,26044.69,100.0,164.64,0
20:32:22,122.1,2,2,2,673.66,115.26,99.87,85.19,41.52,26795.66,100.0,164.71,0
20:32:22,122.2,2,2,2,674.6,115.43,100.01,85.31,41.55,27431.57,100.0,164.78,0
20:32:22,122.2,2,2,2,675.6,115.61,100.17,85.44,41.59,28113.72,100.0,164.85,0
20:32:22,122.3,2,2,2,676.59,115.79,100.33,85.58,41.63,28791.46,100.0,164.92,0
20:32:22,122.3,2,2,2,677.51,115.96,100.48,85.7,41.66,29426.2,100.0,164.99,0
20:32:22,122.4,2,2,2,678.42,116.13,100.63,85.82,41.7,30000.0,100.0,165.06,0
20:32:22,122.4,2,2,2,679.41,116.31,100.79,85.96,41.74,30000.0,100.0,165.13,0
20:32:22,122.5,2,2,2,680.34,116.49,100.94,86.09,41.78,30000.0,100.0,165.19,0
20:32:22,122.5,2,2,2,681.27,116.66,101.09,86.22,41.81,30000.0,100.0,165.26,0
20:32:22,122.6,2,2,2,682.24,116.84,101.25,86.35,41.85,30000.0,100.0,165.32,0
20:32:23,122.6,2,2,2,683.16,117.01,101.4,86.48,41.89,30000.0,100.0,165.39,0
20:32:23,122.7,2,2,2,684.05,117.18,101.55,86.6,41.92,30000.0,100.0,165.45,0
20:32:23,122.8,2,2,2,684.96,117.35,101.7,86.73,41.96,30000.0,100.0,165.52,0
20:32:23,122.8,2,2,2,686.0,117.55,101.87,86.87,42.0,30000.0,100.0,165.58,0
20:32:23,122.9,2,2,2,687.0,117.74,102.04,87.01,42.04,30000.0,100.0,165.65,0
20:32:23,122.9,2,2,2,687.9,117.91,102.19,87.14,42.08,30000.0,100.0,165.71,0
20:32:23,123.0,2,2,2,688.89,118.1,102.35,87.28,42.12,30000.0,100.0,165.78,0
20:32:23,123.0,2,2,2,689.79,118.27,102.51,87.41,42.16,30000.0,100.0,165.84,0
20:32:23,123.1,2,2,2,690.67,118.44,102.65,87.53,42.2,30000.0,100.0,165.91,0
20:32:23,123.1,2,2,2,691.7,118.64,102.83,87.68,42.24,30000.0,100.0,165.97,0
20:32:23,123.2,2,2,2,692.6,118.81,102.98,87.81,42.28,30000.0,100.0,166.04,0
20:32:23,123.3,2,2,2,693.47,118.98,103.13,87.94,42.31,30000.0,100.0,166.11,0
20:32:23,123.3,2,2,2,694.42,119.16,103.29,88.07,42.35,30000.0,100.0,166.17,0
20:32:23,123.4,2,2,2,695.33,119.34,103.45,88.21,42.39,30000.0,100.0,166.24,0
20:32:23,123.4,2,2,2,696.22,119.52,103.6,88.34,42.43,30000.0,100.0,166.3,0
20:32:23,123.5,2,2,2,697.08,119.69,103.75,88.46,42.47,30000.0,100.0,166.37,0
20:32:23,123.5,2,2,2,698.07,119.88,103.92,88.61,42.51,30000.0,100.0,166.44,0
20:32:23,123.6,2,2,2,698.92,120.05,104.07,88.73,42.55,30000.0,100.0,166.5,0
20:32:24,123.6,2,2,2,699.78,120.22,104.22,88.86,42.58,30000.0,100.0,166.57,0
20:32:24,123.7,2,2,2,700.72,120.4,104.39,89.0,42.63,30000.0,100.0,166.64,0
20:32:24,123.8,2,2,2,701.7,120.6,104.56,89.15,42.67,30000.0,100.0,166.7,0
20:32:24,123.8,2,2,2,702.57,120.77,104.71,89.28,42.71,30000.0,100.0,166.77,0
20:32:24,123.9,2,2,2,703.48,120.95,104.87,89.41,42.75,30000.0,100.0,166.83,0
20:32:24,123.9,2,2,2,704.34,121.13,105.03,89.54,42.79,30000.0,100.0,166.9,0
20:32:24,124.0,2,2,2,705.18,121.29,105.18,89.67,42.82,30000.0,100.0,166.97,0
20:32:24,124.0,2,2,2,706.09,121.48,105.34,89.81,42.86,30000.0,100.0,167.03,0
20:32:24,124.1,2,2,2,706.93,121.65,105.49,89.94,42.9,30000.0,100.0,167.1,0
20:32:24,124.1,2,2,2,707.81,121.83,105.65,90.07,42.94,30000.0,100.0,167.17,0
20:32:24,124.2,2,2,2,708.72,122.01,105.81,90.21,42.98,30000.0,100.0,167.23,0
20:32:24,124.2,2,2,2,709.57,122.19,105.97,90.34,43.02,30000.0,100.0,167.3,0
20:32:24,124.3,2,2,2,710.41,122.36,106.12,90.47,43.06,30000.0,100.0,167.37,0
20:32:24,124.3,2,2,2,711.29,122.54,106.28,90.61,43.1,30000.0,100.0,167.43,0
20:32:24,124.4,2,2,2,712.14,122.71,106.43,90.74,43.14,30000.0,100.0,167.5,0
20:32:24,124.5,2,2,2,712.96,122.88,106.58,90.87,43.18,30000.0,100.0,167.57,0
20:32:24,124.5,2,2,2,713.82,123.06,106.74,91.01,43.22,30000.0,100.0,167.64,0
20:32:24,124.6,2,2,2,714.64,123.23,106.89,91.14,43.26,30000.0,100.0,167.7,0
20:32:24,124.6,2,2,2,715.48,123.4,107.05,91.27,43.29,30000.0,100.0,167.77,0
20:32:25,124.7,2,2,2,716.3,123.57,107.2,91.4,43.33,30000.0,100.0,167.84,0
20:32:25,124.7,2,2,2,717.17,123.76,107.36,91.54,43.37,30000.0,100.0,167.91,0
20:32:25,124.8,2,2,2,717.99,123.93,107.51,91.67,43.41,30000.0,100.0,167.97,0
20:32:25,124.8,2,2,2,718.82,124.1,107.67,91.8,43.45,30000.0,100.0,168.04,0
20:32:25,124.9,2,2,2,719.77,124.3,107.85,91.95,43.5,30000.0,100.0,168.11,0
20:32:25,124.9,2,2,2,720.59,124.47,108.0,92.09,43.54,30000.0,100.0,168.17,0
20:32:25,125.0,2,2,2,721.39,124.64,108.15,92.22,43.58,30000.0,100.0,168.24,0
20:32:25,125.1,2,2,2,722.2,124.82,108.31,92.35,43.62,30000.0,100.0,168.31,0
20:32:25,125.1,2,2,2,723.17,125.02,108.49,92.5,43.66,30000.0,100.0,168.38,0
20:32:25,125.2,2,2,2,724.08,125.22,108.67,92.65,43.71,30000.0,100.0,168.44,0
20:32:25,125.2,2,2,2,724.89,125.39,108.82,92.79,43.75,30000.0,100.0,168.51,0
20:32:25,125.3,2,2,2,725.77,125.58,108.99,92.93,43.79,30000.0,100.0,168.58,0
20:32:25,125.3,2,2,2,726.58,125.75,109.15,93.07,43.83,30000.0,100.0,168.65,0
20:32:25,125.4,2,2,2,727.37,125.92,109.3,93.2,43.87,30000.0,100.0,168.71,0
20:32:25,125.4,2,2,2,728.22,126.11,109.46,93.34,43.91,30000.0,100.0,168.78,0
20:32:25,125.5,2,2,2,729.01,126.28,109.62,93.47,43.95,30000.0,100.0,168.85,0
20:32:25,125.6,2,2,2,729.79,126.45,109.77,93.6,43.99,30000.0,100.0,168.92,0
20:32:25,125.6,2,2,2,730.69,126.64,109.94,93.75,44.04,30000.0,100.0,168.99,0
20:32:26,125.7,2,2,2,731.49,126.82,110.1,93.89,44.08,30000.0,100.0,169.05,0
20:32:26,125.7,2,2,2,732.26,126.99,110.25,94.02,44.12,30000.0,100.0,169.12,0
20:32:26,125.8,2,2,2,733.04,127.16,110.41,94.15,44.16,30000.0,100.0,169.19,0
20:32:26,125.8,2,2,2,733.96,127.36,110.59,94.31,44.2,30000.0,100.0,169.26,0
20:32:26,125.9,2,2,2,734.74,127.53,110.74,94.44,44.24,30000.0,100.0,169.33,0
20:32:26,125.9,2,2,2,735.52,127.71,110.9,94.58,44.28,30000.0,100.0,169.39,0
20:32:26,126.0,2,2,2,736.43,127.91,111.08,94.73,44.33,30000.0,100.0,169.46,0
20:32:26,126.0,2,2,2,737.22,128.08,111.24,94.87,44.37,30000.0,100.0,169.53,0
20:32:26,126.1,2,2,2,737.98,128.25,111.39,95.0,44.41,30000.0,100.0,169.6,0
20:32:26,126.2,2,2,2,738.75,128.43,111.55,95.14,44.45,30004.24,100.0,169.67,0
20:32:26,126.2,2,2,2,739.59,128.62,111.72,95.28,44.5,30271.68,100.0,169.73,0
20:32:26,126.3,2,2,2,740.44,128.81,111.89,95.43,44.54,30564.83,100.0,169.8,0
20:32:26,126.3,2,2,2,741.22,128.98,112.05,95.57,44.58,30863.29,100.0,169.87,0
20:32:26,126.4,2,2,2,742.0,129.16,112.21,95.71,44.63,31136.97,100.0,169.94,0
20:32:26,126.4,2,2,2,742.75,129.33,112.36,95.84,44.67,31411.78,100.0,170.01,0
20:32:26,126.5,2,2,2,743.5,129.5,112.51,95.97,44.71,31678.82,100.0,170.08,0
20:32:26,126.5,2,2,2,744.27,129.67,112.67,96.11,44.75,31944.63,100.0,170.14,0
20:32:26,126.6,2,2,2,745.03,129.85,112.83,96.24,44.79,32216.52,100.0,170.21,0
20:32:27,126.6,2,2,2,745.78,130.02,112.98,96.38,44.83,32487.85,100.0,170.28,0
20:32:27,126.7,2,2,2,746.57,130.2,113.15,96.52,44.87,32759.44,100.0,170.35,0
20:32:27,126.8,2,2,2,747.39,130.39,113.32,96.67,44.92,33041.85,100.0,170.42,0
20:32:27,126.8,2,2,2,748.19,130.57,113.48,96.81,44.96,33339.14,100.0,170.49,0
20:32:27,126.9,2,2,2,748.94,130.75,113.64,96.95,45.0,33625.46,100.0,170.56,0
20:32:27,126.9,2,2,2,749.78,130.94,113.82,97.1,45.05,33898.95,100.0,170.62,0
20:32:27,127.0,2,2,2,750.52,131.11,113.97,97.24,45.09,34205.19,100.0,170.69,0
20:32:27,127.0,2,2,2,751.33,131.3,114.14,97.39,45.14,34474.23,100.0,170.76,0
20:32:27,127.1,2,2,2,752.19,131.5,114.32,97.54,45.19,34771.04,100.0,170.83,0
20:32:27,127.1,2,2,2,752.93,131.68,114.48,97.68,45.23,35087.1,100.0,170.9,0
20:32:27,127.2,2,2,2,753.66,131.85,114.63,97.82,45.27,35361.57,100.0,170.97,0
20:32:27,127.3,2,2,2,754.44,132.03,114.8,97.96,45.31,35630.37,100.0,171.04,0
20:32:27,127.3,2,2,2,755.18,132.21,114.96,98.1,45.36,35921.12,100.0,171.11,0
20:32:27,127.4,2,2,2,755.91,132.38,115.12,98.24,45.4,36198.5,100.0,171.17,0
20:32:27,127.4,2,2,2,756.75,132.58,115.3,98.39,45.45,36471.06,100.0,171.24,0
20:32:27,127.5,2,2,2,757.48,132.75,115.45,98.53,45.49,36785.13,100.0,171.31,0
20:32:27,127.5,2,2,2,758.21,132.92,115.61,98.67,45.53,37058.14,100.0,171.38,0
20:32:27,127.6,2,2,2,758.98,133.11,115.78,98.81,45.58,37332.46,100.0,171.45,0
20:32:28,127.6,2,2,2,759.71,133.28,115.94,98.95,45.62,37625.92,100.0,171.52,0
20:32:28,127.7,2,2,2,760.42,133.46,116.09,99.09,45.66,37902.28,100.0,171.59,0
20:32:28,127.7,2,2,2,761.14,133.63,116.25,99.22,45.7,38173.4,100.0,171.66,0
20:32:28,127.8,2,2,2,761.91,133.81,116.42,99.37,45.75,38448.45,100.0,171.73,0
20:32:28,127.8,2,2,2,762.66,133.99,116.58,99.51,45.79,38741.03,100.0,171.8,0
20:32:28,127.9,2,2,2,763.37,134.17,116.74,99.65,45.83,39029.17,100.0,171.86,0
20:32:28,128.0,2,2,2,764.28,134.39,116.94,99.83,45.89,39304.79,100.0,171.93,0
20:32:28,128.0,2,2,2,764.99,134.56,117.1,99.96,45.93,39653.59,100.0,172.0,0
20:32:28,128.1,2,2,2,765.69,134.73,117.25,100.1,45.97,39928.82,100.0,172.07,0
20:32:28,128.1,2,2,2,766.44,134.92,117.42,100.25,46.02,40201.78,100.0,172.14,0
20:32:28,128.2,2,2,2,767.15,135.09,117.58,100.39,46.06,40497.27,100.0,172.21,0
20:32:28,128.2,2,2,2,767.84,135.26,117.73,100.52,46.1,40771.73,100.0,172.28,0
20:32:28,128.3,2,2,2,768.65,135.46,117.92,100.68,46.15,41044.26,100.0,172.35,0
20:32:28,128.3,2,2,2,769.35,135.63,118.07,100.82,46.2,41361.67,100.0,172.42,0
20:32:28,128.4,2,2,2,770.05,135.8,118.23,100.96,46.24,41638.91,100.0,172.49,0
20:32:28,128.5,2,2,2,770.82,136.0,118.41,101.11,46.29,41915.43,100.0,172.56,0
20:32:28,128.5,2,2,2,771.51,136.17,118.56,101.25,46.33,42221.18,100.0,172.63,0
20:32:28,128.6,2,2,2,772.21,136.34,118.72,101.39,46.37,42497.97,100.0,172.69,0
20:32:29,128.6,2,2,2,772.97,136.53,118.9,101.54,46.42,42777.9,100.0,172.76,0
20:32:29,128.7,2,2,2,773.67,136.71,119.06,101.68,46.47,43080.18,100.0,172.83,0
20:32:29,128.7,2,2,2,774.35,136.88,119.21,101.82,46.51,43363.45,100.0,172.9,0
20:32:29,128.8,2,2,2,775.03,137.05,119.37,101.96,46.55,43636.32,100.0,172.97,0
20:32:29,128.8,2,2,2,775.75,137.23,119.54,102.1,46.6,43911.81,100.0,173.04,0
20:32:29,128.9,2,2,2,776.44,137.41,119.69,102.24,46.64,44204.62,100.0,173.11,0
20:32:29,128.9,2,2,2,777.13,137.58,119.85,102.38,46.68,44484.87,100.0,173.18,0
20:32:29,129.0,2,2,2,777.9,137.78,120.03,102.54,46.73,44763.37,100.0,173.25,0
20:32:29,129.1,2,2,2,778.58,137.95,120.19,102.68,46.78,45080.14,100.0,173.32,0
20:32:29,129.1,2,2,2,779.25,138.12,120.35,102.82,46.82,45358.77,100.0,173.39,0
20:32:29,129.2,2,2,2,780.0,138.31,120.52,102.97,46.87,45635.8,100.0,173.46,0
20:32:29,129.2,2,2,2,780.68,138.49,120.68,103.11,46.91,45945.16,100.0,173.53,0
20:32:29,129.3,2,2,2,781.34,138.66,120.84,103.25,46.96,46224.0,100.0,173.6,0
20:32:29,129.3,2,2,2,782.05,138.84,121.01,103.4,47.0,46497.68,100.0,173.67,0
20:32:29,129.4,2,2,2,782.78,139.03,121.18,103.55,47.05,46794.25,100.0,172.74,0
20:32:29,129.4,2,2,2,783.47,139.21,121.34,103.69,47.1,47097.7,100.0,171.81,0
20:32:29,129.5,2,2,2,784.21,139.4,121.52,103.85,47.15,47387.16,100.0,171.88,0
20:32:29,129.6,2,2,2,784.89,139.58,121.68,103.99,47.19,47695.79,100.0,170.95,0
20:32:29,129.6,2,2,2,785.76,139.8,121.89,104.18,47.25,47983.11,100.0,170.01,0
20:32:30,129.7,2,2,2,786.42,139.97,122.05,104.32,47.29,48352.33,100.0,170.08,0
20:32:30,129.7,2,2,2,787.1,140.15,122.21,104.46,47.34,48630.36,100.0,169.15,0
20:32:30,129.8,2,2,2,787.82,140.34,122.38,104.61,47.39,48918.73,100.0,169.22,0
20:32:30,129.8,2,2,2,788.48,140.51,122.54,104.75,47.43,49225.02,100.0,168.29,0
20:32:30,129.9,2,2,2,789.13,140.69,122.7,104.89,47.48,49506.0,100.0,167.36,0
20:32:30,130.0,2,2,2,789.91,140.89,122.89,105.06,47.53,49786.7,100.0,167.43,0
20:32:30,130.0,2,2,2,790.68,141.1,123.08,105.23,47.58,50122.36,100.0,166.5,0
20:32:30,130.1,2,2,2,791.36,141.28,123.24,105.37,47.63,50455.3,100.0,166.57,0
20:32:30,130.1,2,2,2,792.03,141.46,123.41,105.52,47.68,50745.78,100.0,165.64,0
20:32:30,130.2,2,2,2,792.72,141.64,123.58,105.67,47.72,51036.92,100.0,164.71,0
20:32:30,130.2,2,2,2,793.37,141.81,123.74,105.81,47.77,51335.51,100.0,163.78,0
20:32:30,130.3,2,2,2,794.02,141.99,123.9,105.95,47.82,51620.83,100.0,163.85,0
20:32:30,130.4,2,2,2,794.77,142.19,124.08,106.12,47.87,51904.02,100.0,162.92,0
20:32:30,130.4,2,2,2,795.51,142.39,124.27,106.28,47.92,52233.71,100.0,162.99,0
20:32:30,130.5,2,2,2,796.2,142.58,124.44,106.43,47.97,52560.88,100.0,162.06,0
20:32:30,130.5,2,2,2,796.83,142.75,124.6,106.57,48.01,52864.16,100.0,162.13,0
20:32:30,130.6,2,2,2,797.54,142.94,124.77,106.73,48.06,53143.84,100.0,161.2,0
20:32:31,130.6,2,2,2,798.18,143.11,124.93,106.87,48.11,53456.42,100.0,161.27,0
20:32:31,130.7,2,2,2,798.81,143.28,125.09,107.01,48.15,53740.25,100.0,161.34,0
20:32:31,130.7,2,2,2,799.44,143.46,125.25,107.15,48.2,54020.05,100.0,161.41,0
20:32:31,130.8,2,2,2,800.17,143.66,125.43,107.31,48.25,54303.37,100.0,161.48,0
20:32:31,130.8,2,2,2,800.79,143.83,125.59,107.45,48.3,54629.67,100.0,161.55,0
20:32:31,130.9,2,2,2,801.41,144.0,125.75,107.6,48.34,54908.81,100.0,161.62,0
20:32:31,131.0,2,2,2,802.12,144.19,125.93,107.75,48.39,55190.71,100.0,161.69,0
20:32:31,131.0,2,2,2,802.75,144.37,126.09,107.9,48.44,55509.42,100.0,161.76,0
20:32:31,131.1,2,2,2,803.37,144.54,126.25,108.04,48.48,55794.87,100.0,161.83,0
20:32:31,131.1,2,2,2,804.06,144.73,126.42,108.19,48.54,56074.93,100.0,161.9,0
20:32:31,131.2,2,2,2,804.72,144.91,126.6,108.35,48.58,56388.39,100.0,161.97,0
20:32:31,131.2,2,2,2,805.34,145.08,126.75,108.49,48.63,56693.65,100.0,162.04,0
20:32:31,131.3,2,2,2,806.0,145.27,126.93,108.64,48.68,56973.66,100.0,162.11,0
20:32:31,131.3,2,2,2,806.64,145.45,127.09,108.79,48.73,57280.4,100.0,162.18,0
20:32:31,131.4,2,2,2,807.24,145.62,127.25,108.93,48.77,57572.19,100.0,162.25,0
20:32:31,131.5,2,2,2,807.85,145.79,127.4,109.07,48.82,57852.55,100.0,162.32,0
20:32:31,131.5,2,2,2,808.54,145.98,127.58,109.23,48.87,58132.95,100.0,162.39,0
20:32:31,131.6,2,2,2,809.15,146.15,127.74,109.37,48.92,58450.61,100.0,162.46,0
20:32:31,131.6,2,2,2,809.76,146.33,127.9,109.51,48.96,58735.45,100.0,162.53,0
20:32:32,131.7,2,2,2,810.42,146.51,128.08,109.67,49.01,59022.58,100.0,162.6,0
20:32:32,131.7,2,2,2,811.04,146.69,128.24,109.81,49.06,59330.43,100.0,162.67,0
20:32:32,131.8,2,2,2,811.64,146.86,128.4,109.95,49.11,59619.04,100.0,162.74,0
20:32:32,131.8,2,2,2,812.34,147.06,128.58,110.12,49.16,59901.43,100.0,162.81,0
20:32:32,131.9,2,2,2,812.95,147.23,128.74,110.26,49.21,60234.24,100.0,162.88,0
20:32:32,132.0,2,2,2,813.62,147.43,128.92,110.42,49.26,60519.08,100.0,162.95,0
20:32:32,132.0,2,2,2,814.29,147.62,129.1,110.58,49.31,60837.08,100.0,163.02,0
20:32:32,132.1,2,2,2,814.97,147.81,129.28,110.74,49.36,61157.42,100.0,163.09,0
20:32:32,132.1,2,2,2,815.56,147.98,129.44,110.88,49.41,61480.31,100.0,163.16,0
20:32:32,132.2,2,2,2,816.19,148.17,129.61,111.03,49.46,61763.37,100.0,163.23,0
20:32:32,132.2,2,2,2,816.8,148.34,129.77,111.18,49.51,62065.69,100.0,163.3,0
20:32:32,132.3,2,2,2,817.46,148.53,129.95,111.34,49.56,62358.6,100.0,163.37,0
20:32:32,132.4,2,2,2,818.05,148.71,130.11,111.48,49.61,62674.26,100.0,163.44,0
20:32:32,132.4,2,2,2,818.71,148.9,130.29,111.64,49.66,62958.87,100.0,163.51,0
20:32:32,132.5,2,2,2,819.3,149.07,130.45,111.78,49.7,63280.02,100.0,163.58,0
20:32:32,132.5,2,2,2,819.89,149.24,130.61,111.93,49.75,63563.65,100.0,163.65,0
20:32:32,132.6,2,2,2,820.56,149.44,130.79,112.09,49.81,63851.79,100.0,162.72,0
20:32:32,132.6,2,2,2,821.14,149.61,130.95,112.23,49.85,64175.87,100.0,161.79,0
20:32:33,132.7,2,2,2,821.72,149.78,131.11,112.37,49.9,64461.23,100.0,161.86,0
20:32:33,132.7,2,2,2,822.34,149.96,131.28,112.53,49.95,64745.24,100.0,161.93,0
20:32:33,132.8,2,2,2,822.96,150.15,131.45,112.68,50.0,65050.43,100.0,161.0,0
20:32:33,132.8,2,2,2,823.53,150.31,131.6,112.82,50.05,65354.56,100.0,160.07,0
20:32:33,132.9,2,2,2,824.14,150.5,131.77,112.97,50.1,65636.57,100.0,160.14,0
20:32:33,133.0,2,2,2,824.75,150.68,131.94,113.12,50.15,65937.83,100.0,159.21,0
20:32:33,133.0,2,2,2,825.34,150.85,132.1,113.27,50.19,66240.41,100.0,158.28,0
20:32:33,133.1,2,2,2,825.95,151.03,132.27,113.42,50.24,66534.2,100.0,158.35,0
20:32:33,133.1,2,2,2,826.62,151.23,132.46,113.59,50.3,66836.85,100.0,157.42,0
20:32:33,133.2,2,2,2,827.2,151.41,132.62,113.73,50.35,67171.68,100.0,156.49,0
20:32:33,133.2,2,2,2,827.81,151.59,132.79,113.88,50.4,67464.4,100.0,155.56,0
20:32:33,133.3,2,2,2,828.45,151.79,132.97,114.05,50.45,67769.36,100.0,155.63,0
20:32:33,133.4,2,2,2,829.11,151.98,133.16,114.21,50.51,68094.51,100.0,154.7,0
20:32:33,133.4,2,2,2,829.73,152.17,133.33,114.37,50.56,68424.8,100.0,153.78,0
20:32:33,133.5,2,2,2,830.31,152.35,133.5,114.52,50.61,68740.65,100.0,152.86,0
20:32:33,133.5,2,2,2,831.04,152.57,133.7,114.7,50.67,69033.69,100.0,152.93,0
20:32:33,133.6,2,2,2,831.63,152.75,133.87,114.85,50.72,69405.29,100.0,152.01,0
20:32:34,133.7,2,2,2,832.21,152.93,134.04,115.0,50.77,69707.16,100.0,151.08,0
20:32:34,133.7,2,2,2,832.99,153.16,134.26,115.2,50.84,70002.63,100.0,151.16,0
20:32:34,133.8,2,2,2,833.62,153.36,134.44,115.36,50.89,70403.32,100.0,150.23,0
20:32:34,133.8,2,2,2,834.19,153.53,134.6,115.51,50.94,70725.84,100.0,149.31,0
20:32:34,133.9,2,2,2,834.83,153.73,134.79,115.68,51.0,71023.65,100.0,149.38,0
20:32:34,134.0,2,2,2,835.55,153.95,134.99,115.86,51.06,71355.14,100.0,148.46,0
20:32:34,134.0,2,2,2,836.12,154.13,135.16,116.01,51.11,71724.55,100.0,148.54,0
20:32:34,134.1,2,2,2,836.66,154.3,135.32,116.15,51.16,72021.65,100.0,147.61,0
20:32:34,134.1,2,2,2,837.28,154.49,135.49,116.31,51.21,72306.54,100.0,147.69,0
20:32:34,134.2,2,2,2,837.9,154.68,135.68,116.48,51.26,72626.01,100.0,147.76,0
20:32:34,134.2,2,2,2,838.45,154.85,135.84,116.62,51.31,72952.76,100.0,147.84,0
20:32:34,134.3,2,2,2,839.01,155.03,136.0,116.77,51.36,73242.84,100.0,147.91,0
20:32:34,134.4,2,2,2,839.71,155.24,136.2,116.95,51.42,73534.7,100.0,147.99,0
20:32:34,134.4,2,2,2,840.25,155.41,136.36,117.09,51.47,73902.57,100.0,148.06,0
20:32:34,134.5,2,2,2,840.79,155.59,136.52,117.24,51.52,74188.74,100.0,148.14,0
20:32:34,134.5,2,2,2,841.39,155.77,136.7,117.4,51.57,74476.3,100.0,148.22,0
20:32:34,134.6,2,2,2,841.95,155.95,136.86,117.55,51.62,74796.56,100.0,148.29,0
20:32:35,134.6,2,2,2,842.52,156.13,137.03,117.7,51.68,75092.41,100.0,148.37,0
20:32:35,134.7,2,2,2,843.06,156.3,137.19,117.84,51.73,75401.13,100.0,148.44,0
20:32:35,134.8,2,2,2,843.7,156.51,137.38,118.02,51.78,75689.92,100.0,148.52,0
20:32:35,134.8,2,2,2,844.26,156.69,137.55,118.17,51.83,76032.79,100.0,148.59,0
20:32:35,134.9,2,2,2,844.8,156.86,137.71,118.31,51.88,76334.34,100.0,148.67,0
20:32:35,134.9,2,2,2,845.42,157.05,137.9,118.48,51.94,76621.53,100.0,148.74,0
20:32:35,135.0,2,2,2,845.96,157.23,138.06,118.62,51.99,76959.09,100.0,148.82,0
20:32:35,135.0,2,2,2,846.5,157.4,138.22,118.77,52.04,77247.89,100.0,148.9,0
20:32:35,135.1,2,2,2,847.07,157.58,138.39,118.93,52.09,77543.36,100.0,148.97,0
20:32:35,135.1,2,2,2,847.6,157.75,138.55,119.07,52.14,77854.89,100.0,149.05,0
20:32:35,135.2,2,2,2,848.12,157.92,138.71,119.21,52.19,78141.34,100.0,149.12,0
20:32:35,135.2,2,2,2,848.71,158.11,138.89,119.38,52.24,78425.16,100.0,149.2,0
20:32:35,135.3,2,2,2,849.25,158.29,139.05,119.52,52.29,78752.24,100.0,149.27,0
20:32:35,135.4,2,2,2,849.79,158.46,139.22,119.67,52.34,79048.38,100.0,149.35,0
20:32:35,135.4,2,2,2,850.35,158.64,139.39,119.83,52.4,79342.48,100.0,149.42,0
20:32:35,135.5,2,2,2,850.98,158.85,139.58,120.0,52.46,79650.36,100.0,149.5,0
20:32:35,135.5,2,2,2,851.5,159.02,139.74,120.14,52.51,80000.57,100.0,149.58,0
20:32:35,135.6,2,2,2,852.02,159.19,139.9,120.29,52.55,80288.07,100.0,149.65,0
20:32:36,135.6,2,2,2,852.59,159.37,140.07,120.45,52.61,80575.65,100.0,149.73,0
20:32:36,135.7,2,2,2,853.19,159.57,140.26,120.62,52.67,80894.68,100.0,149.8,0
20:32:36,135.8,2,2,2,853.72,159.75,140.42,120.76,52.72,81230.5,100.0,149.88,0
20:32:36,135.8,2,2,2,854.4,159.97,140.63,120.95,52.78,81527.28,100.0,149.95,0
20:32:36,135.9,2,2,2,854.95,160.15,140.8,121.11,52.84,81904.83,100.0,150.03,0
20:32:36,135.9,2,2,2,855.46,160.32,140.96,121.25,52.88,82214.57,100.0,150.1,0
20:32:36,136.0,2,2,2,856.09,160.53,141.16,121.43,52.95,82501.04,100.0,150.18,0
20:32:36,136.1,2,2,2,856.6,160.7,141.32,121.57,53.0,82858.7,100.0,150.25,0
20:32:36,136.1,2,2,2,857.12,160.87,141.48,121.72,53.05,83149.57,100.0,150.33,0
20:32:36,136.2,2,2,2,857.74,161.08,141.68,121.9,53.11,83441.2,100.0,150.4,0
20:32:36,136.2,2,2,2,858.26,161.25,141.84,122.04,53.16,83797.22,100.0,150.48,0
20:32:36,136.3,2,2,2,858.76,161.42,142.0,122.19,53.21,84088.95,100.0,150.56,0
20:32:36,136.4,2,2,2,859.5,161.67,142.23,122.4,53.28,84375.49,100.0,150.63,0
20:32:36,136.4,2,2,2,860.0,161.83,142.39,122.54,53.33,84798.56,100.0,150.71,0
20:32:36,136.5,2,2,2,860.49,162.0,142.54,122.69,53.38,85086.78,100.0,150.78,0
20:32:36,136.5,2,2,2,861.03,162.18,142.72,122.84,53.43,85371.32,100.0,150.86,0
20:32:36,136.6,2,2,2,861.59,162.37,142.89,123.0,53.49,85682.88,100.0,150.93,0
20:32:37,136.6,2,2,2,862.08,162.54,143.05,123.14,53.54,86001.42,100.0,151.01,0
20:32:37,136.7,2,2,2,862.61,162.72,143.22,123.3,53.59,86289.98,100.0,151.08,0
20:32:37,136.7,2,2,2,863.21,162.92,143.41,123.47,53.65,86596.04,100.0,151.16,0
20:32:37,136.8,2,2,2,863.73,163.1,143.58,123.62,53.7,86946.41,100.0,151.23,0
20:32:37,136.9,2,2,2,864.26,163.28,143.75,123.78,53.76,87246.1,100.0,151.31,0
20:32:37,136.9,2,2,2,864.77,163.45,143.91,123.93,53.81,87557.78,100.0,151.38,0
20:32:37,137.0,2,2,2,865.25,163.62,144.07,124.07,53.86,87852.76,100.0,151.46,0
20:32:37,137.0,2,2,2,865.79,163.8,144.24,124.23,53.91,88136.81,100.0,151.53,0
20:32:37,137.1,2,2,2,866.28,163.97,144.4,124.37,53.96,88455.69,100.0,151.61,0
20:32:37,137.1,2,2,2,866.76,164.13,144.56,124.51,54.01,88740.87,100.0,151.68,0
20:32:37,137.2,2,2,2,867.27,164.31,144.72,124.66,54.06,89024.38,100.0,151.76,0
20:32:37,137.2,2,2,2,867.75,164.48,144.88,124.81,54.11,89328.85,100.0,151.84,0
20:32:37,137.3,2,2,2,868.23,164.64,145.04,124.95,54.16,89615.34,100.0,151.91,0
20:32:37,137.4,2,2,2,868.83,164.85,145.23,125.13,54.22,89900.42,100.0,151.99,0
20:32:37,137.4,2,2,2,869.32,165.02,145.39,125.27,54.28,90257.04,100.0,152.06,0
20:32:37,137.5,2,2,2,869.82,165.2,145.56,125.42,54.33,90549.48,100.0,152.14,0
20:32:37,137.5,2,2,2,870.41,165.4,145.75,125.6,54.39,90848.92,100.0,152.21,0
20:32:37,137.6,2,2,2,871.01,165.61,145.95,125.78,54.45,91197.62,100.0,152.29,0
20:32:38,137.6,2,2,2,871.49,165.78,146.11,125.92,54.5,91560.51,100.0,152.36,0
20:32:38,137.7,2,2,2,872.03,165.97,146.28,126.09,54.56,91848.71,100.0,152.44,0
20:32:38,137.8,2,2,2,872.51,166.14,146.44,126.23,54.61,92172.46,100.0,152.51,0
20:32:38,137.8,2,2,2,872.98,166.3,146.6,126.38,54.66,92464.5,100.0,152.59,0
20:32:38,137.9,2,2,2,873.52,166.49,146.78,126.54,54.72,92750.07,100.0,152.66,0
20:32:38,137.9,2,2,2,874.0,166.66,146.94,126.68,54.77,93075.65,100.0,152.74,0
20:32:38,138.0,2,2,2,874.49,166.83,147.11,126.83,54.82,93369.76,100.0,152.81,0
20:32:38,138.0,2,2,2,875.05,167.03,147.29,127.0,54.88,93669.2,100.0,152.89,0
20:32:38,138.1,2,2,2,875.52,167.2,147.45,127.15,54.93,94009.29,100.0,152.96,0
20:32:38,138.2,2,2,2,876.01,167.37,147.61,127.3,54.98,94300.36,100.0,153.04,0
20:32:38,138.2,2,2,2,876.58,167.58,147.81,127.47,55.04,94596.2,100.0,153.11,0
20:32:38,138.3,2,2,2,877.04,167.74,147.96,127.62,55.1,94947.22,100.0,153.19,0
20:32:38,138.3,2,2,2,877.51,167.91,148.12,127.76,55.15,95233.99,100.0,153.26,0
20:32:38,138.4,2,2,2,878.04,168.1,148.3,127.92,55.2,95520.67,100.0,153.34,0
20:32:38,138.4,2,2,2,878.51,168.27,148.46,128.07,55.25,95846.55,100.0,153.41,0
20:32:38,138.5,2,2,2,879.04,168.46,148.64,128.23,55.31,96140.99,100.0,153.49,0
20:32:38,138.5,2,2,2,879.51,168.63,148.8,128.38,55.36,96467.83,100.0,153.56,0
20:32:38,138.6,2,2,2,879.97,168.79,148.96,128.52,55.41,96761.87,100.0,153.64,0
20:32:39,138.6,2,2,2,880.45,168.97,149.12,128.68,55.47,97048.34,100.0,153.71,0
20:32:39,138.7,2,2,2,880.93,169.14,149.29,128.83,55.52,97351.78,100.0,153.79,0
20:32:39,138.8,2,2,2,881.43,169.32,149.46,128.98,55.58,97650.73,100.0,153.86,0
20:32:39,138.8,2,2,2,881.89,169.49,149.62,129.13,55.63,97963.73,100.0,153.93,0
20:32:39,138.9,2,2,2,882.43,169.69,149.8,129.3,55.69,98253.75,100.0,154.01,0
20:32:39,138.9,2,2,2,882.89,169.85,149.96,129.44,55.74,98594.05,100.0,154.08,0
20:32:39,139.0,2,2,2,883.35,170.02,150.12,129.59,55.79,98883.45,100.0,154.16,0
20:32:39,139.0,2,2,2,883.86,170.2,150.3,129.75,55.85,99170.38,100.0,154.23,0
20:32:39,139.1,2,2,2,884.32,170.37,150.46,129.89,55.9,99494.83,100.0,154.31,0
20:32:39,139.2,2,2,2,884.77,170.54,150.62,130.04,55.95,99788.13,100.0,154.38,0
20:32:39,139.2,2,2,2,885.29,170.73,150.8,130.2,56.01,100077.62,100.0,154.46,0
20:32:39,139.3,2,2,2,885.75,170.9,150.95,130.35,56.06,100407.23,100.0,154.53,0
20:32:39,139.3,2,2,2,886.21,171.07,151.12,130.5,56.11,100697.57,100.0,154.61,0
20:32:39,139.4,2,2,2,886.65,171.23,151.27,130.64,56.16,100990.95,100.0,154.68,0
20:32:39,139.4,2,2,2,887.2,171.43,151.46,130.81,56.23,101277.51,100.0,154.76,0
20:32:39,139.5,2,2,2,887.72,171.63,151.65,130.98,56.29,101627.11,100.0,154.83,0
20:32:39,139.6,2,2,2,888.16,171.79,151.8,131.12,56.34,101962.6,100.0,154.91,0
20:32:39,139.6,2,2,2,888.67,171.98,151.98,131.29,56.4,102247.13,100.0,154.98,0
20:32:40,139.7,2,2,2,889.13,172.15,152.14,131.44,56.45,102579.7,100.0,155.05,0
20:32:40,139.7,2,2,2,889.58,172.32,152.31,131.59,56.5,102874.79,100.0,155.13,0
20:32:40,139.8,2,2,2,890.1,172.52,152.49,131.75,56.56,103170.09,100.0,155.2,0
20:32:40,139.8,2,2,2,890.57,172.69,152.65,131.9,56.62,103507.35,100.0,155.28,0
20:32:40,139.9,2,2,2,891.02,172.86,152.82,132.05,56.67,103809.73,100.0,155.35,0
20:32:40,139.9,2,2,2,891.5,173.04,152.99,132.21,56.72,104104.44,100.0,155.43,0
20:32:40,140.0,2,2,2,891.93,173.2,153.14,132.35,56.78,104420.53,100.0,155.5,0
20:32:40,140.0,2,2,2,892.37,173.37,153.3,132.49,56.83,104702.75,100.0,155.58,0
20:32:40,140.1,2,2,2,892.84,173.54,153.47,132.65,56.88,104986.84,100.0,155.65,0
20:32:40,140.2,2,2,2,893.3,173.72,153.63,132.8,56.94,105296.71,100.0,155.73,0
20:32:40,140.2,2,2,2,893.74,173.88,153.79,132.94,56.99,105598.39,100.0,155.8,0
20:32:40,140.3,2,2,2,894.25,174.08,153.98,133.12,57.05,105889.51,100.0,155.87,0
20:32:40,140.3,2,2,2,894.69,174.25,154.13,133.26,57.1,106231.14,100.0,155.95,0
20:32:40,140.4,2,2,2,895.12,174.41,154.29,133.4,57.15,106522.65,100.0,156.02,0
20:32:40,140.4,2,2,2,895.61,174.6,154.47,133.57,57.21,106806.23,100.0,156.1,0
20:32:40,140.5,2,2,2,896.05,174.76,154.63,133.71,57.26,107134.93,100.0,156.17,0
20:32:40,140.6,2,2,2,896.48,174.93,154.78,133.86,57.32,107424.58,100.0,156.25,0
20:32:40,140.6,2,2,2,896.97,175.12,154.96,134.02,57.37,107714.04,100.0,156.32,0
20:32:41,140.7,2,2,2,897.41,175.28,155.12,134.17,57.43,108041.21,100.0,156.39,0
20:32:41,140.7,2,2,2,897.84,175.45,155.28,134.31,57.48,108335.48,100.0,156.47,0
20:32:41,140.8,2,2,2,898.31,175.63,155.45,134.47,57.54,108623.52,100.0,156.54,0
20:32:41,140.8,2,2,2,898.74,175.79,155.61,134.61,57.59,108940.59,100.0,156.62,0
20:32:41,140.9,2,2,2,899.17,175.96,155.77,134.76,57.64,109226.03,100.0,156.69,0
20:32:41,140.9,2,2,2,899.64,176.15,155.94,134.92,57.7,109516.16,100.0,156.76,0
20:32:41,141.0,2,2,2,900.07,176.31,156.1,135.06,57.75,109840.38,100.0,156.84,0
20:32:41,141.0,2,2,2,900.5,176.48,156.26,135.21,57.8,110125.88,100.0,156.91,0
20:32:41,141.1,2,2,2,900.95,176.65,156.42,135.36,57.86,110419.57,100.0,156.99,0
20:32:41,141.2,2,2,2,901.38,176.82,156.58,135.51,57.91,110723.76,100.0,157.06,0
20:32:41,141.2,2,2,2,901.8,176.98,156.74,135.65,57.96,111019.57,100.0,157.14,0
20:32:41,141.3,2,2,2,902.27,177.17,156.91,135.81,58.02,111307.79,100.0,157.21,0
20:32:41,141.3,2,2,2,902.71,177.34,157.08,135.96,58.08,111626.93,100.0,157.28,0
20:32:41,141.4,2,2,2,903.13,177.5,157.24,136.11,58.13,111928.02,100.0,157.36,0
20:32:41,141.4,2,2,2,903.68,177.72,157.44,136.3,58.2,112218.41,100.0,157.43,0
20:32:41,141.5,2,2,2,904.11,177.89,157.6,136.44,58.25,112596.03,100.0,157.51,0
20:32:41,141.6,2,2,2,904.53,178.05,157.76,136.59,58.3,112888.37,100.0,157.58,0
20:32:41,141.6,2,2,2,905.03,178.25,157.95,136.76,58.37,113180.43,100.0,157.65,0
20:32:42,141.7,2,2,2,905.47,178.42,158.11,136.92,58.42,113525.24,100.0,157.73,0
20:32:42,141.7,2,2,2,905.93,178.6,158.29,137.07,58.48,113832.04,100.0,157.8,0
20:32:42,141.8,2,2,2,906.39,178.79,158.46,137.24,58.54,114148.99,100.0,157.87,0
20:32:42,141.9,2,2,2,906.9,178.99,158.65,137.41,58.6,114470.94,100.0,157.95,0
20:32:42,141.9,2,2,2,907.31,179.16,158.81,137.56,58.66,114824.74,100.0,158.02,0
20:32:42,142.0,2,2,2,907.77,179.34,158.98,137.72,58.71,115114.98,100.0,158.1,0
20:32:42,142.0,2,2,2,908.18,179.5,159.14,137.86,58.77,115432.46,100.0,158.17,0
20:32:42,142.1,2,2,2,908.59,179.66,159.3,138.0,58.82,115721.61,100.0,158.24,0
20:32:42,142.1,2,2,2,909.03,179.84,159.46,138.16,58.87,116006.69,100.0,158.32,0
20:32:42,142.2,2,2,2,909.43,180.0,159.62,138.3,58.93,116316.43,100.0,158.39,0
20:32:42,142.2,2,2,2,909.83,180.16,159.77,138.44,58.98,116598.56,100.0,158.46,0
20:32:42,142.3,2,2,2,910.29,180.34,159.95,138.6,59.04,116884.11,100.0,158.54,0
20:32:42,142.4,2,2,2,910.78,180.54,160.13,138.78,59.1,117204.23,100.0,158.61,0
20:32:42,142.4,2,2,2,911.18,180.7,160.29,138.92,59.15,117550.33,100.0,158.69,0
20:32:42,142.5,2,2,2,911.64,180.89,160.47,139.08,59.21,117836.31,100.0,158.76,0
20:32:42,142.5,2,2,2,912.06,181.06,160.63,139.23,59.27,118164.77,100.0,158.83,0
20:32:42,142.6,2,2,2,912.46,181.22,160.79,139.38,59.32,118463.09,100.0,158.91,0
20:32:43,142.6,2,2,2,912.91,181.4,160.96,139.53,59.38,118750.69,100.0,158.98,0
20:32:43,142.7,2,2,2,913.35,181.58,161.13,139.69,59.44,119069.54,100.0,159.05,0
20:32:43,142.8,2,2,2,913.8,181.76,161.3,139.85,59.49,119385.31,100.0,159.13,0
20:32:43,142.8,2,2,2,914.3,181.97,161.5,140.03,59.56,119703.52,100.0,159.2,0
20:32:43,142.9,2,2,2,914.75,182.15,161.67,140.19,59.62,120065.32,100.0,159.27,0
20:32:43,142.9,2,2,2,915.16,182.32,161.83,140.34,59.67,120386.88,100.0,159.35,0
20:32:43,143.0,2,2,2,915.59,182.5,162.0,140.5,59.73,120685.73,100.0,159.42,0
20:32:43,143.0,2,2,2,915.99,182.66,162.16,140.64,59.78,120995.95,100.0,159.49,0
20:32:43,143.1,2,2,2,916.38,182.82,162.31,140.78,59.84,121283.22,100.0,159.57,0
20:32:43,143.2,2,2,2,916.81,183.0,162.48,140.94,59.89,121566.18,100.0,159.64,0
20:32:43,143.2,2,2,2,917.22,183.17,162.64,141.09,59.95,121880.73,100.0,159.71,0
20:32:43,143.3,2,2,2,917.61,183.33,162.8,141.23,60.0,122177.15,100.0,159.79,0
20:32:43,143.3,2,2,2,918.08,183.52,162.98,141.4,60.07,122462.13,100.0,159.86,0
20:32:43,143.4,2,2,2,918.48,183.69,163.14,141.55,60.12,122807.22,100.0,159.93,0
20:32:43,143.4,2,2,2,918.87,183.85,163.29,141.69,60.17,123097.24,100.0,160.01,0
20:32:43,143.5,2,2,2,919.29,184.02,163.46,141.85,60.23,123380.45,100.0,160.08,0
20:32:43,143.5,2,2,2,919.7,184.19,163.63,142.0,60.28,123693.09,100.0,160.15,0
20:32:43,143.6,2,2,2,920.11,184.36,163.79,142.15,60.34,123991.5,100.0,160.23,0
20:32:44,143.7,2,2,2,920.6,184.57,163.99,142.33,60.41,124290.14,100.0,160.3,0
20:32:44,143.7,2,2,2,921.05,184.76,164.17,142.49,60.47,124654.91,100.0,160.37,0
20:32:44,143.8,2,2,2,921.43,184.92,164.32,142.64,60.52,124987.38,100.0,160.44,0
20:32:44,143.9,2,2,2,921.94,185.13,164.52,142.82,60.59,125270.17,100.0,160.52,0
20:32:44,143.9,2,2,2,922.35,185.3,164.68,142.97,60.65,125642.04,100.0,160.59,0
20:32:44,144.0,2,2,2,922.73,185.46,164.84,143.12,60.7,125945.76,100.0,159.66,0
20:32:44,144.0,2,2,2,923.17,185.64,165.01,143.28,60.76,126230.08,100.0,159.74,0
20:32:44,144.1,2,2,2,923.56,185.81,165.17,143.43,60.81,126557.7,100.0,158.81,0
20:32:44,144.1,2,2,2,923.94,185.97,165.33,143.57,60.87,126851.87,100.0,157.88,0
20:32:44,144.2,2,2,2,924.35,186.14,165.49,143.72,60.92,127133.83,100.0,156.95,0
20:32:44,144.2,2,2,2,924.76,186.32,165.66,143.88,60.98,127445.02,100.0,157.03,0
20:32:44,144.3,2,2,2,925.14,186.48,165.81,144.02,61.03,127751.44,100.0,157.1,0
20:32:44,144.4,2,2,2,925.54,186.65,165.98,144.17,61.09,128034.8,100.0,156.17,0
20:32:44,144.4,2,2,2,925.95,186.82,166.14,144.32,61.15,128336.34,100.0,156.25,0
20:32:44,144.5,2,2,2,926.34,186.98,166.3,144.47,61.2,128647.3,100.0,156.32,0
20:32:44,144.5,2,2,2,926.73,187.15,166.46,144.62,61.26,128936.33,100.0,155.39,0
20:32:44,144.6,2,2,2,927.11,187.31,166.62,144.76,61.31,129234.94,100.0,155.46,0
20:32:45,144.6,2,2,2,927.54,187.5,166.8,144.93,61.37,129518.58,100.0,155.54,0
20:32:45,144.7,2,2,2,927.93,187.66,166.95,145.07,61.42,129850.23,100.0,155.61,0
20:32:45,144.8,2,2,2,928.32,187.83,167.11,145.22,61.48,130139.44,100.0,154.68,0
20:32:45,144.8,2,2,2,928.74,188.01,167.29,145.38,61.54,130440.75,100.0,154.75,0
20:32:45,144.9,2,2,2,929.14,188.19,167.45,145.53,61.6,130763.25,100.0,154.83,0
20:32:45,144.9,2,2,2,929.57,188.37,167.63,145.7,61.66,131068.34,100.0,154.9,0
20:32:45,145.0,2,2,2,929.95,188.53,167.79,145.84,61.71,131391.16,100.0,153.97,0
20:32:45,145.0,2,2,2,930.32,188.69,167.94,145.99,61.77,131682.49,100.0,154.04,0
20:32:45,145.1,2,2,2,930.76,188.88,168.12,146.15,61.83,131972.28,100.0,154.12,0
20:32:45,145.1,2,2,2,931.13,189.04,168.27,146.29,61.88,132303.5,100.0,154.19,0
20:32:45,145.2,2,2,2,931.49,189.2,168.43,146.44,61.94,132589.47,100.0,153.26,0
20:32:45,145.3,2,2,2,931.86,189.36,168.58,146.58,61.99,132871.43,100.0,153.33,0
20:32:45,145.3,2,2,2,932.26,189.53,168.75,146.73,62.05,133153.75,100.0,153.41,0
20:32:45,145.4,2,2,2,932.63,189.69,168.9,146.88,62.1,133464.82,100.0,153.48,0
20:32:45,145.4,2,2,2,932.99,189.85,169.05,147.01,62.15,133750.37,100.0,152.55,0
20:32:45,145.5,2,2,2,933.36,190.01,169.21,147.16,62.21,134028.79,100.0,152.62,0
20:32:45,145.5,2,2,2,933.82,190.21,169.4,147.34,62.27,134317.43,100.0,152.7,0
20:32:45,145.6,2,2,2,934.18,190.37,169.55,147.48,62.33,134674.42,100.0,152.77,0
20:32:46,145.7,2,2,2,934.56,190.54,169.71,147.63,62.38,134958.37,100.0,152.84,0
20:32:46,145.7,2,2,2,935.0,190.73,169.9,147.8,62.45,135251.02,100.0,152.91,0
20:32:46,145.8,2,2,2,935.37,190.89,170.05,147.94,62.5,135595.55,100.0,152.98,0
20:32:46,145.8,2,2,2,935.72,191.05,170.2,148.08,62.55,135882.94,100.0,153.06,0
20:32:46,145.9,2,2,2,936.13,191.23,170.37,148.24,62.61,136162.65,100.0,153.13,0
20:32:46,145.9,2,2,2,936.5,191.39,170.53,148.39,62.67,136478.6,100.0,153.2,0
20:32:46,146.0,2,2,2,936.88,191.56,170.69,148.53,62.72,136771.02,100.0,153.27,0
20:32:46,146.0,2,2,2,937.24,191.72,170.85,148.68,62.78,137067.94,100.0,153.34,0
20:32:46,146.1,2,2,2,937.65,191.9,171.02,148.84,62.84,137354.95,100.0,153.42,0
20:32:46,146.1,2,2,2,938.02,192.06,171.18,148.99,62.89,137680.29,100.0,153.49,0
20:32:46,146.2,2,2,2,938.38,192.22,171.33,149.13,62.95,137972.67,100.0,153.56,0
20:32:46,146.3,2,2,2,938.81,192.41,171.52,149.3,63.01,138256.88,100.0,153.63,0
20:32:46,146.3,2,2,2,939.18,192.58,171.67,149.44,63.07,138596.64,100.0,153.7,0
20:32:46,146.4,2,2,2,939.53,192.73,171.82,149.58,63.12,138888.77,100.0,153.78,0
20:32:46,146.4,2,2,2,939.97,192.93,172.01,149.76,63.19,139168.7,100.0,153.85,0
20:32:46,146.5,2,2,2,940.32,193.09,172.16,149.9,63.24,139524.25,100.0,153.92,0
20:32:46,146.6,2,2,2,940.67,193.24,172.31,150.04,63.29,139801.61,100.0,153.99,0
20:32:46,146.6,2,2,2,941.11,193.44,172.5,150.22,63.36,140077.79,100.0,154.06,0
20:32:47,146.7,2,2,2,941.45,193.6,172.65,150.36,63.41,140431.04,100.0,154.13,0
20:32:47,146.7,2,2,2,941.81,193.76,172.81,150.5,63.46,140710.19,100.0,154.21,0
20:32:47,146.8,2,2,2,942.24,193.95,172.99,150.67,63.53,140996.34,100.0,154.28,0
20:32:47,146.8,2,2,2,942.61,194.12,173.15,150.82,63.59,141343.5,100.0,154.35,0
20:32:47,146.9,2,2,2,942.95,194.27,173.3,150.96,63.64,141637.63,100.0,154.42,0
20:32:47,147.0,2,2,2,943.44,194.49,173.51,151.15,63.71,141916.06,100.0,154.49,0
20:32:47,147.0,2,2,2,943.79,194.65,173.67,151.3,63.77,142307.05,100.0,154.56,0
20:32:47,147.1,2,2,2,944.14,194.81,173.82,151.44,63.82,142595.66,100.0,154.64,0
20:32:47,147.1,2,2,2,944.52,194.98,173.99,151.59,63.88,142875.6,100.0,154.71,0
20:32:47,147.2,2,2,2,944.87,195.14,174.14,151.73,63.93,143187.27,100.0,154.78,0
20:32:47,147.2,2,2,2,945.21,195.3,174.29,151.87,63.99,143468.4,100.0,154.85,0
20:32:47,147.3,2,2,2,945.56,195.45,174.44,152.02,64.04,143749.18,100.0,154.92,0
20:32:47,147.4,2,2,2,945.98,195.65,174.63,152.19,64.11,144030.79,100.0,154.99,0
20:32:47,147.4,2,2,2,946.35,195.82,174.79,152.34,64.16,144380.09,100.0,155.06,0
20:32:47,147.5,2,2,2,946.7,195.97,174.94,152.48,64.22,144680.02,100.0,155.14,0
20:32:47,147.5,2,2,2,947.05,196.14,175.1,152.63,64.27,144964.43,100.0,155.21,0
20:32:47,147.6,2,2,2,947.39,196.29,175.25,152.76,64.33,145252.29,100.0,155.28,0
20:32:48,147.6,2,2,2,947.75,196.46,175.41,152.92,64.38,145529.69,100.0,155.35,0
20:32:48,147.7,2,2,2,948.09,196.62,175.56,153.06,64.44,145833.18,100.0,155.42,0
20:32:48,147.7,2,2,2,948.43,196.77,175.71,153.2,64.49,146113.8,100.0,155.49,0
20:32:48,147.8,2,2,2,948.81,196.94,175.88,153.35,64.55,146394.3,100.0,155.56,0
20:32:48,147.8,2,2,2,949.16,197.11,176.04,153.5,64.61,146701.1,100.0,155.63,0
20:32:48,147.9,2,2,2,949.5,197.26,176.18,153.64,64.66,146996.82,100.0,155.7,0
20:32:48,148.0,2,2,2,949.85,197.43,176.34,153.78,64.71,147272.78,100.0,155.78,0
20:32:48,148.0,2,2,2,950.22,197.6,176.51,153.94,64.77,147564.25,100.0,155.85,0
20:32:48,148.1,2,2,2,950.56,197.76,176.66,154.08,64.83,147873.29,100.0,155.92,0
20:32:48,148.1,2,2,2,950.93,197.93,176.83,154.23,64.89,148159.03,100.0,155.99,0
20:32:48,148.2,2,2,2,951.28,198.09,176.98,154.38,64.94,148464.53,100.0,156.06,0
20:32:48,148.2,2,2,2,951.66,198.27,177.15,154.54,65.0,148758.71,100.0,156.13,0
20:32:48,148.3,2,2,2,951.99,198.42,177.3,154.67,65.05,149071.3,100.0,156.2,0
20:32:48,148.4,2,2,2,952.37,198.6,177.47,154.83,65.12,149347.86,100.0,156.27,0
20:32:48,148.4,2,2,2,952.73,198.77,177.64,154.99,65.17,149667.75,100.0,156.34,0
20:32:48,148.5,2,2,2,953.06,198.92,177.79,155.13,65.23,149974.46,100.0,156.41,0
20:32:48,148.5,2,2,2,953.49,199.12,177.98,155.31,65.3,150251.24,100.0,156.48,0
20:32:48,148.6,2,2,2,953.84,199.29,178.14,155.45,65.35,150610.03,100.0,156.55,0
20:32:49,148.7,2,2,2,954.18,199.44,178.29,155.59,65.41,150903.41,100.0,156.63,0
20:32:49,148.7,2,2,2,954.56,199.62,178.46,155.76,65.47,151189.55,100.0,156.7,0
20:32:49,148.8,2,2,2,954.88,199.78,178.61,155.89,65.52,151512.64,100.0,156.77,0
20:32:49,148.8,2,2,2,955.23,199.94,178.77,156.04,65.58,151788.79,100.0,156.84,0
20:32:49,148.9,2,2,2,955.56,200.1,178.92,156.18,65.63,152082.15,100.0,156.91,0
20:32:49,148.9,2,2,2,955.89,200.25,179.07,156.32,65.69,152360.91,100.0,156.98,0
20:32:49,149.0,2,2,2,956.22,200.41,179.22,156.46,65.74,152646.81,100.0,157.05,0
20:32:49,149.0,2,2,2,956.61,200.6,179.4,156.63,65.81,152921.81,100.0,157.12,0
20:32:49,149.1,2,2,2,956.94,200.75,179.55,156.77,65.86,153259.52,100.0,157.19,0
20:32:49,149.1,2,2,2,957.26,200.9,179.7,156.91,65.91,153536.93,100.0,157.26,0
20:32:49,149.2,2,2,2,957.64,201.08,179.87,157.07,65.97,153814.66,100.0,157.33,0
20:32:49,149.3,2,2,2,957.97,201.24,180.02,157.21,66.03,154133.53,100.0,157.4,0
20:32:49,149.3,2,2,2,958.3,201.39,180.17,157.35,66.08,154415.84,100.0,157.47,0
20:32:49,149.4,2,2,2,958.61,201.55,180.32,157.49,66.14,154698.58,100.0,157.54,0
20:32:49,149.4,2,2,2,958.96,201.71,180.48,157.64,66.19,154972.94,100.0,157.61,0
20:32:49,149.5,2,2,2,959.31,201.88,180.64,157.78,66.25,155273.25,100.0,157.68,0
20:32:49,149.5,2,2,2,959.62,202.03,180.78,157.92,66.3,155568.95,100.0,157.75,0
20:32:49,149.6,2,2,2,959.96,202.19,180.94,158.06,66.36,155840.41,100.0,157.82,0
20:32:50,149.6,2,2,2,960.33,202.37,181.11,158.23,66.42,156129.52,100.0,157.89,0
20:32:50,149.7,2,2,2,960.65,202.52,181.26,158.36,66.47,156452.64,100.0,157.96,0
20:32:50,149.8,2,2,2,960.96,202.67,181.41,158.5,66.53,156727.07,100.0,158.03,0
20:32:50,149.8,2,2,2,961.34,202.86,181.58,158.67,66.59,157001.61,100.0,158.1,0
20:32:50,149.9,2,2,2,961.66,203.01,181.73,158.81,66.64,157331.44,100.0,158.17,0
20:32:50,149.9,2,2,2,961.98,203.17,181.88,158.94,66.7,157611.06,100.0,158.24,0
20:32:50,150.0,2,2,2,962.32,203.33,182.04,159.09,66.75,157888.77,100.0,158.31,0
20:32:50,150.0,2,2,2,962.65,203.49,182.2,159.24,66.81,158179.56,100.0,158.38,0
20:32:50,150.1,2,2,2,962.97,203.64,182.34,159.37,66.86,158473.22,100.0,158.45,0
20:32:50,150.1,2,2,2,963.32,203.81,182.51,159.53,66.92,158745.81,100.0,158.52,0
20:32:50,150.2,2,2,2,963.63,203.96,182.66,159.67,66.98,159058.46,100.0,158.59,0
20:32:50,150.3,2,2,2,963.94,204.11,182.8,159.8,67.03,159330.35,100.0,158.66,0
20:32:50,150.3,2,2,2,964.29,204.28,182.96,159.95,67.09,159600.55,100.0,158.73,0
20:32:50,150.4,2,2,2,964.6,204.43,183.11,160.09,67.14,159904.31,100.0,158.8,0
20:32:50,150.4,2,2,2,964.9,204.58,183.26,160.22,67.19,160177.64,100.0,158.87,0
20:32:50,150.5,2,2,2,965.24,204.75,183.41,160.37,67.25,160448.96,100.0,158.94,0
20:32:50,150.5,2,2,2,965.55,204.9,183.56,160.51,67.3,160741.45,100.0,159.01,0
20:32:50,150.6,2,2,2,965.86,205.05,183.71,160.64,67.36,161018.22,100.0,159.08,0
20:32:51,150.6,2,2,2,966.2,205.22,183.87,160.8,67.42,161288.89,100.0,159.15,0
20:32:51,150.7,2,2,2,966.52,205.37,184.02,160.94,67.47,161593.94,100.0,159.22,0
20:32:51,150.7,2,2,2,966.84,205.53,184.17,161.08,67.53,161876.58,100.0,159.29,0
20:32:51,150.8,2,2,2,967.19,205.71,184.34,161.24,67.59,162158.51,100.0,159.36,0
20:32:51,150.9,2,2,2,967.51,205.86,184.49,161.38,67.64,162475.23,100.0,159.43,0
20:32:51,150.9,2,2,2,967.83,206.02,184.64,161.52,67.7,162758.1,100.0,159.5,0
20:32:51,151.0,2,2,2,968.15,206.18,184.8,161.66,67.75,163039.02,100.0,159.57,0
20:32:51,151.0,2,2,2,968.47,206.34,184.95,161.81,67.81,163325.5,100.0,159.64,0
20:32:51,151.1,2,2,2,968.77,206.48,185.09,161.94,67.86,163613.18,100.0,159.71,0
20:32:51,151.1,2,2,2,969.12,206.66,185.26,162.1,67.92,163882.1,100.0,159.78,0
20:32:51,151.2,2,2,2,969.43,206.81,185.41,162.23,67.98,164198.69,100.0,159.84,0
20:32:51,151.2,2,2,2,969.73,206.96,185.55,162.37,68.03,164468.55,100.0,159.91,0
20:32:51,151.3,2,2,2,970.04,207.11,185.7,162.51,68.08,164738.23,100.0,159.98,0
20:32:51,151.3,2,2,2,970.36,207.27,185.86,162.65,68.14,165020.91,100.0,160.05,0
20:32:51,151.4,2,2,2,970.66,207.42,186.0,162.79,68.19,165309.18,100.0,160.12,0
20:32:51,151.5,2,2,2,970.97,207.58,186.15,162.93,68.25,165579.11,100.0,160.19,0
20:32:51,151.5,2,2,2,971.3,207.74,186.31,163.08,68.3,165861.86,100.0,160.26,0
20:32:51,151.6,2,2,2,971.6,207.89,186.45,163.21,68.36,166157.3,100.0,160.33,0
20:32:52,151.6,2,2,2,971.94,208.06,186.62,163.37,68.42,166425.92,100.0,160.4,0
20:32:52,151.7,2,2,2,972.25,208.21,186.77,163.51,68.47,166738.23,100.0,160.47,0
20:32:52,151.7,2,2,2,972.54,208.36,186.91,163.64,68.52,167013.57,100.0,160.54,0
20:32:52,151.8,2,2,2,972.85,208.52,187.06,163.78,68.58,167280.44,100.0,160.61,0
20:32:52,151.8,2,2,2,973.17,208.68,187.22,163.93,68.64,167561.84,100.0,160.67,0
20:32:52,151.9,2,2,2,973.47,208.83,187.36,164.06,68.69,167855.78,100.0,160.74,0
20:32:52,152.0,2,2,2,973.86,209.02,187.55,164.24,68.76,168124.47,100.0,160.81,0
20:32:52,152.0,2,2,2,974.16,209.18,187.7,164.38,68.81,168480.91,100.0,160.88,0
20:32:52,152.1,2,2,2,974.46,209.32,187.85,164.51,68.87,168756.93,100.0,160.95,0
20:32:52,152.1,2,2,2,974.8,209.5,188.01,164.67,68.93,169025.37,100.0,161.02,0
20:32:52,152.2,2,2,2,975.09,209.65,188.16,164.81,68.98,169337.52,100.0,161.09,0
20:32:52,152.2,2,2,2,975.39,209.79,188.3,164.94,69.03,169610.15,100.0,161.16,0
20:32:52,152.3,2,2,2,975.7,209.95,188.45,165.08,69.09,169877.79,100.0,161.22,0
20:32:52,152.4,2,2,2,976.03,210.12,188.62,165.23,69.15,170165.37,100.0,161.29,0
20:32:52,152.4,2,2,2,976.34,210.28,188.77,165.38,69.2,170467.15,100.0,161.36,0
20:32:52,152.5,2,2,2,976.68,210.45,188.94,165.54,69.27,170754.82,100.0,161.43,0
20:32:52,152.5,2,2,2,976.98,210.6,189.08,165.67,69.32,171071.06,100.0,161.5,0
20:32:52,152.6,2,2,2,977.27,210.75,189.23,165.81,69.37,171342.95,100.0,161.57,0
20:32:53,152.6,2,2,2,977.6,210.92,189.39,165.96,69.43,171616.88,100.0,161.64,0
20:32:53,152.7,2,2,2,977.89,211.07,189.53,166.09,69.49,171918.5,100.0,161.7,0
20:32:53,152.7,2,2,2,978.18,211.21,189.68,166.23,69.54,172186.21,100.0,161.77,0
20:32:53,152.8,2,2,2,978.47,211.36,189.82,166.36,69.59,172454.15,100.0,161.84,0
20:32:53,152.9,2,2,2,978.75,211.51,189.96,166.49,69.64,172721.99,100.0,161.91,0
20:32:53,152.9,2,2,2,979.11,211.69,190.14,166.66,69.71,172988.29,100.0,161.98,0
20:32:53,153.0,2,2,2,979.42,211.85,190.29,166.8,69.76,173321.62,100.0,162.05,0
20:32:53,153.0,2,2,2,979.71,212.0,190.44,166.94,69.82,173605.7,100.0,162.11,0
20:32:53,153.1,2,2,2,980.01,212.15,190.59,167.08,69.87,173882.15,100.0,162.18,0
20:32:53,153.1,2,2,2,980.34,212.33,190.76,167.24,69.94,174157.01,100.0,162.25,0
20:32:53,153.2,2,2,2,980.64,212.48,190.9,167.37,69.99,174472.67,100.0,162.32,0
20:32:53,153.2,2,2,2,980.92,212.62,191.04,167.51,70.04,174744.84,100.0,162.39,0
20:32:53,153.3,2,2,2,981.23,212.78,191.2,167.65,70.1,175012.35,100.0,162.46,0
20:32:53,153.4,2,2,2,981.55,212.95,191.36,167.8,70.16,175300.11,100.0,162.52,0
20:32:53,153.4,2,2,2,981.85,213.11,191.51,167.94,70.21,175601.74,100.0,162.59,0
20:32:53,153.5,2,2,2,982.16,213.26,191.66,168.09,70.27,175889.45,100.0,162.66,0
20:32:53,153.5,2,2,2,982.46,213.42,191.81,168.23,70.33,176175.29,100.0,162.73,0
20:32:53,153.6,2,2,2,982.74,213.56,191.96,168.36,70.38,176456.62,100.0,162.8,0
20:32:54,153.6,2,2,2,983.08,213.74,192.13,168.52,70.44,176722.92,100.0,162.86,0
20:32:54,153.7,2,2,2,983.39,213.9,192.29,168.67,70.5,177048.98,100.0,162.93,0
20:32:54,153.7,2,2,2,983.68,214.05,192.43,168.81,70.56,177338.32,100.0,163.0,0
20:32:54,153.8,2,2,2,983.96,214.2,192.57,168.94,70.61,177614.57,100.0,163.07,0
20:32:54,153.9,2,2,2,984.29,214.37,192.74,169.1,70.67,177880.33,100.0,163.13,0
20:32:54,153.9,2,2,2,984.58,214.52,192.89,169.23,70.72,178195.85,100.0,163.2,0
20:32:54,154.0,2,2,2,984.86,214.67,193.03,169.37,70.78,178469.64,100.0,163.27,0
20:32:54,154.0,2,2,2,985.21,214.85,193.21,169.53,70.84,178736.84,100.0,163.34,0
20:32:54,154.1,2,2,2,985.49,215.0,193.35,169.66,70.89,179064.01,100.0,163.41,0
20:32:54,154.1,2,2,2,985.78,215.15,193.5,169.81,70.95,179329.44,100.0,163.47,0
20:32:54,154.2,2,2,2,986.1,215.32,193.66,169.96,71.01,179613.41,100.0,163.54,0
20:32:54,154.3,2,2,2,986.38,215.47,193.81,170.09,71.06,179916.21,100.0,163.61,0
20:32:54,154.3,2,2,2,986.67,215.62,193.95,170.23,71.12,180186.78,100.0,163.68,0
20:32:54,154.4,2,2,2,987.08,215.83,194.16,170.43,71.2,180459.96,100.0,163.74,0
20:32:54,154.4,2,2,2,987.36,215.98,194.3,170.56,71.25,180854.04,100.0,163.81,0
20:32:54,154.5,2,2,2,987.66,216.14,194.46,170.71,71.31,181121.9,100.0,163.88,0
20:32:54,154.5,2,2,2,987.93,216.28,194.6,170.84,71.36,181410.89,100.0,163.94,0
20:32:54,154.6,2,2,2,988.21,216.43,194.74,170.97,71.41,181674.62,100.0,164.01,0
20:32:55,154.7,2,2,2,988.52,216.59,194.9,171.12,71.47,181940.31,100.0,164.08,0
20:32:55,154.7,2,2,2,988.81,216.75,195.05,171.26,71.53,182240.46,100.0,164.15,0
20:32:55,154.8,2,2,2,989.09,216.9,195.19,171.4,71.58,182517.44,100.0,163.21,0
20:32:55,154.8,2,2,2,989.37,217.04,195.34,171.53,71.63,182793.02,100.0,163.28,0
20:32:55,154.9,2,2,2,989.66,217.2,195.49,171.67,71.69,183058.22,100.0,163.35,0
20:32:55,154.9,2,2,2,989.96,217.36,195.64,171.82,71.75,183343.66,100.0,163.42,0
20:32:55,155.0,2,2,2,990.23,217.5,195.78,171.95,71.8,183630.4,100.0,162.48,0
20:32:55,155.1,2,2,2,990.5,217.65,195.92,172.08,71.85,183892.7,100.0,162.55,0
20:32:55,155.1,2,2,2,990.86,217.84,196.11,172.25,71.92,184160.09,100.0,162.62,0
20:32:55,155.2,2,2,2,991.14,217.98,196.25,172.39,71.97,184505.14,100.0,162.68,0
20:32:55,155.2,2,2,2,991.41,218.13,196.39,172.52,72.03,184775.2,100.0,161.75,0
20:32:55,155.3,2,2,2,991.72,218.3,196.56,172.67,72.09,185039.04,100.0,161.82,0
20:32:55,155.3,2,2,2,992.03,218.46,196.72,172.83,72.15,185345.78,100.0,161.88,0
20:32:55,155.4,2,2,2,992.31,218.61,196.86,172.96,72.2,185652.77,100.0,161.95,0
20:32:55,155.4,2,2,2,992.59,218.76,197.01,173.1,72.26,185924.96,100.0,161.02,0
20:32:55,155.5,2,2,2,992.86,218.91,197.15,173.23,72.31,186196.37,100.0,161.09,0
20:32:55,155.6,2,2,2,993.18,219.08,197.32,173.39,72.37,186459.08,100.0,161.15,0
20:32:56,155.6,2,2,2,993.46,219.23,197.46,173.52,72.43,186777.42,100.0,160.22,0
20:32:56,155.7,2,2,2,993.76,219.39,197.62,173.67,72.49,187047.41,100.0,160.29,0
20:32:56,155.7,2,2,2,994.08,219.57,197.79,173.83,72.55,187345.32,100.0,160.35,0
20:32:56,155.8,2,2,2,994.35,219.71,197.93,173.97,72.6,187661.95,100.0,160.42,0
20:32:56,155.8,2,2,2,994.62,219.86,198.07,174.1,72.66,187930.47,100.0,159.49,0
20:32:56,155.9,2,2,2,994.9,220.01,198.22,174.23,72.71,188190.82,100.0,159.55,0
20:32:56,156.0,2,2,2,995.22,220.18,198.39,174.39,72.77,188467.64,100.0,158.62,0
20:32:56,156.0,2,2,2,995.51,220.34,198.54,174.54,72.83,188788.95,100.0,158.68,0
20:32:56,156.1,2,2,2,995.81,220.5,198.7,174.68,72.89,189073.59,100.0,158.75,0
20:32:56,156.1,2,2,2,996.07,220.64,198.84,174.82,72.94,189367.1,100.0,158.82,0
20:32:56,156.2,2,2,2,996.36,220.8,198.99,174.95,73.0,189631.28,100.0,158.88,0
20:32:56,156.2,2,2,2,996.62,220.94,199.13,175.09,73.05,189909.72,100.0,158.95,0
20:32:56,156.3,2,2,2,996.88,221.08,199.27,175.22,73.1,190170.97,100.0,159.02,0
20:32:56,156.3,2,2,2,997.16,221.23,199.41,175.35,73.16,190433.66,100.0,159.08,0
20:32:56,156.4,2,2,2,997.42,221.38,199.55,175.49,73.21,190705.56,100.0,159.15,0
20:32:56,156.5,2,2,2,997.7,221.53,199.7,175.62,73.27,190970.77,100.0,159.22,0
20:32:56,156.5,2,2,2,997.98,221.68,199.85,175.76,73.32,191244.09,100.0,159.28,0
20:32:56,156.6,2,2,2,998.3,221.85,200.02,175.92,73.39,191528.42,100.0,159.35,0
20:32:57,156.6,2,2,2,998.56,222.0,200.16,176.05,73.44,191845.56,100.0,159.41,0
20:32:57,156.7,2,2,2,998.83,222.15,200.3,176.19,73.49,192107.49,100.0,159.48,0
20:32:57,156.7,2,2,2,999.11,222.3,200.45,176.33,73.55,192383.66,100.0,159.55,0
20:32:57,156.8,2,2,2,999.37,222.44,200.59,176.46,73.6,192660.67,100.0,159.61,0
20:32:57,156.9,2,2,2,999.63,222.58,200.73,176.59,73.65,192919.04,100.0,159.68,0
20:32:57,156.9,2,2,2,999.93,222.75,200.89,176.74,73.71,193177.64,100.0,159.74,0
20:32:57,157.0,2,2,2,1000.19,222.89,201.03,176.87,73.77,193486.47,100.0,159.81,0
20:32:57,157.0,2,2,2,1000.45,223.04,201.17,177.0,73.82,193748.68,100.0,159.88,0
20:32:57,157.1,2,2,2,1000.72,223.19,201.31,177.14,73.87,194009.21,100.0,159.94,0
20:32:57,157.1,2,2,2,1000.98,223.33,201.45,177.27,73.93,194281.26,100.0,160.01,0
20:32:57,157.2,2,2,2,1001.25,223.48,201.6,177.41,73.98,194546.14,100.0,160.07,0
20:32:57,157.2,2,2,2,1001.51,223.62,201.73,177.54,74.03,194812.96,100.0,160.14,0
20:32:57,157.3,2,2,2,1001.78,223.77,201.88,177.68,74.09,195074.7,100.0,160.2,0
20:32:57,157.3,2,2,2,1002.05,223.92,202.02,177.81,74.14,195353.34,100.0,160.27,0
20:32:57,157.4,2,2,2,1002.3,224.06,202.16,177.94,74.2,195620.21,100.0,160.34,0
20:32:57,157.5,2,2,2,1002.6,224.23,202.33,178.09,74.26,195881.51,100.0,160.4,0
20:32:57,157.5,2,2,2,1002.86,224.37,202.46,178.22,74.31,196185.58,100.0,160.47,0
20:32:57,157.6,2,2,2,1003.11,224.51,202.6,178.35,74.36,196444.96,100.0,160.53,0
20:32:58,157.6,2,2,2,1003.4,224.67,202.76,178.5,74.42,196702.13,100.0,160.6,0
20:32:58,157.7,2,2,2,1003.69,224.83,202.91,178.65,74.48,196999.58,100.0,160.66,0
20:32:58,157.7,2,2,2,1003.94,224.97,203.05,178.77,74.53,197290.92,100.0,160.73,0
20:32:58,157.8,2,2,2,1004.23,225.13,203.21,178.92,74.59,197545.7,100.0,160.79,0
20:32:58,157.8,2,2,2,1004.5,225.28,203.35,179.06,74.65,197841.26,100.0,160.86,0
20:32:58,157.9,2,2,2,1004.75,225.42,203.49,179.19,74.7,198118.68,100.0,160.93,0
20:32:58,158.0,2,2,2,1005.06,225.59,203.66,179.34,74.76,198377.02,100.0,160.99,0
20:32:58,158.0,2,2,2,1005.31,225.73,203.8,179.47,74.81,198689.44,100.0,161.06,0
20:32:58,158.1,2,2,2,1005.56,225.87,203.93,179.6,74.86,198949.74,100.0,161.12,0
20:32:58,158.1,2,2,2,1005.84,226.03,204.08,179.74,74.92,199204.01,100.0,161.19,0
20:32:58,158.2,2,2,2,1006.1,226.18,204.23,179.88,74.98,199488.61,100.0,161.25,0
20:32:58,158.2,2,2,2,1006.35,226.31,204.36,180.01,75.03,199759.87,100.0,161.32,0
20:32:58,158.3,2,2,2,1006.6,226.45,204.5,180.14,75.08,200013.81,100.0,161.38,0
20:32:58,158.4,2,2,2,1006.88,226.61,204.65,180.28,75.14,200270.98,100.0,161.45,0
20:32:58,158.4,2,2,2,1007.16,226.77,204.81,180.43,75.2,200559.0,100.0,161.51,0
20:32:58,158.5,2,2,2,1007.4,226.91,204.94,180.55,75.25,200850.98,100.0,161.58,0
20:32:58,158.5,2,2,2,1007.68,227.07,205.09,180.7,75.31,201105.23,100.0,161.64,0
20:32:58,158.6,2,2,2,1007.93,227.21,205.23,180.83,75.36,201392.78,100.0,161.71,0
20:32:59,158.6,2,2,2,1008.18,227.35,205.37,180.95,75.41,201652.28,100.0,161.77,0
20:32:59,158.7,2,2,2,1008.47,227.51,205.53,181.1,75.47,201909.54,100.0,161.84,0
20:32:59,158.7,2,2,2,1008.72,227.65,205.67,181.24,75.52,202208.49,100.0,161.9,0
20:32:59,158.8,2,2,2,1008.98,227.8,205.81,181.37,75.58,202472.28,100.0,161.97,0
20:32:59,158.9,2,2,2,1009.24,227.94,205.95,181.5,75.63,202735.47,100.0,162.03,0
20:32:59,158.9,2,2,2,1009.52,228.1,206.11,181.65,75.69,203005.75,100.0,162.1,0
20:32:59,159.0,2,2,2,1009.77,228.24,206.24,181.78,75.74,203296.99,100.0,162.16,0
20:32:59,159.0,2,2,2,1010.01,228.38,206.38,181.9,75.79,203555.85,100.0,162.23,0
20:32:59,159.1,2,2,2,1010.27,228.53,206.52,182.04,75.85,203808.85,100.0,162.29,0
20:32:59,159.1,2,2,2,1010.52,228.67,206.66,182.17,75.9,204082.99,100.0,162.35,0
20:32:59,159.2,2,2,2,1010.76,228.81,206.8,182.3,75.95,204344.05,100.0,162.42,0
20:32:59,159.2,2,2,2,1011.03,228.96,206.95,182.44,76.01,204598.68,100.0,162.48,0
20:32:59,159.3,2,2,2,1011.28,229.1,207.08,182.57,76.06,204878.98,100.0,162.55,0
20:32:59,159.3,2,2,2,1011.53,229.25,207.22,182.7,76.12,205134.42,100.0,162.61,0
20:32:59,159.4,2,2,2,1011.79,229.39,207.36,182.83,76.17,205398.86,100.0,162.68,0
20:32:59,159.4,2,2,2,1012.05,229.54,207.51,182.97,76.23,205668.71,100.0,162.74,0
20:32:59,159.5,2,2,2,1012.29,229.68,207.65,183.1,76.28,205944.38,100.0,162.81,0
20:32:59,159.6,2,2,2,1012.54,229.82,207.78,183.23,76.33,206200.39,100.0,162.87,0
20:32:59,159.6,2,2,2,1012.83,229.99,207.95,183.38,76.39,206457.15,100.0,162.93,0
20:33:00,159.7,2,2,2,1013.07,230.13,208.08,183.51,76.44,206765.86,100.0,163.0,0
20:33:00,159.7,2,2,2,1013.33,230.28,208.23,183.65,76.5,207020.2,100.0,163.06,0
20:33:00,159.8,2,2,2,1013.61,230.44,208.38,183.79,76.56,207297.11,100.0,163.13,0
20:33:00,159.8,2,2,2,1013.85,230.57,208.52,183.92,76.61,207584.49,100.0,163.19,0
20:33:00,159.9,2,2,2,1014.11,230.72,208.66,184.06,76.67,207838.84,100.0,163.26,0
20:33:00,159.9,2,2,2,1014.35,230.86,208.8,184.18,76.72,208114.6,100.0,163.32,0
20:33:00,160.0,2,2,2,1014.58,231.0,208.93,184.31,76.77,208366.82,100.0,163.38,0
20:33:00,160.1,2,2,2,1014.84,231.15,209.08,184.45,76.83,208618.1,100.0,163.45,0
20:33:00,160.1,2,2,2,1015.09,231.29,209.21,184.58,76.88,208895.65,100.0,163.51,0
20:33:00,160.2,2,2,2,1015.32,231.42,209.35,184.7,76.93,209153.81,100.0,163.58,0
20:33:00,160.2,2,2,2,1015.56,231.56,209.48,184.83,76.98,209402.47,100.0,163.64,0
20:33:00,160.3,2,2,2,1015.82,231.71,209.63,184.96,77.04,209657.85,100.0,163.7,0
20:33:00,160.3,2,2,2,1016.06,231.85,209.76,185.09,77.09,209929.15,100.0,163.77,0
20:33:00,160.4,2,2,2,1016.31,231.99,209.9,185.22,77.14,210186.82,100.0,163.83,0
20:33:00,160.4,2,2,2,1016.58,232.16,210.06,185.37,77.2,210448.68,100.0,163.9,0
20:33:00,160.5,2,2,2,1016.83,232.3,210.2,185.5,77.25,210746.44,100.0,163.96,0
20:33:00,160.6,2,2,2,1017.06,232.43,210.33,185.63,77.3,211003.91,100.0,164.02,0
20:33:00,160.6,2,2,2,1017.33,232.59,210.48,185.77,77.36,211253.75,100.0,164.09,0
20:33:01,160.7,2,2,2,1017.61,232.75,210.64,185.92,77.42,211538.28,100.0,164.15,0
20:33:01,160.7,2,2,2,1017.85,232.89,210.78,186.05,77.48,211840.27,100.0,164.21,0
20:33:01,160.8,2,2,2,1018.12,233.05,210.93,186.2,77.54,212097.88,100.0,164.28,0
20:33:01,160.8,2,2,2,1018.36,233.19,211.07,186.32,77.59,212391.72,100.0,164.34,0
20:33:01,160.9,2,2,2,1018.6,233.33,211.2,186.45,77.64,212647.61,100.0,164.4,0
20:33:01,160.9,2,2,2,1018.85,233.47,211.35,186.58,77.69,212900.23,100.0,164.47,0
20:33:01,161.0,2,2,2,1019.08,233.61,211.48,186.71,77.75,213169.5,100.0,164.53,0
20:33:01,161.1,2,2,2,1019.32,233.75,211.61,186.84,77.8,213424.07,100.0,164.59,0
20:33:01,161.1,2,2,2,1019.58,233.9,211.76,186.98,77.86,213674.7,100.0,164.66,0
20:33:01,161.2,2,2,2,1019.81,234.04,211.9,187.11,77.91,213959.84,100.0,164.72,0
20:33:01,161.2,2,2,2,1020.04,234.17,212.03,187.23,77.96,214211.5,100.0,164.78,0
20:33:01,161.3,2,2,2,1020.29,234.32,212.17,187.36,78.01,214459.48,100.0,164.85,0
20:33:01,161.3,2,2,2,1020.53,234.46,212.31,187.49,78.06,214728.23,100.0,164.91,0
20:33:01,161.4,2,2,2,1020.76,234.59,212.44,187.62,78.12,214984.74,100.0,164.97,0
20:33:01,161.4,2,2,2,1021.05,234.77,212.61,187.78,78.18,215231.78,100.0,165.04,0
20:33:01,161.5,2,2,2,1021.29,234.9,212.74,187.9,78.23,215552.38,100.0,165.1,0
20:33:01,161.6,2,2,2,1021.52,235.04,212.87,188.03,78.28,215803.46,100.0,165.15,0
20:33:01,161.6,2,2,2,1021.77,235.19,213.02,188.16,78.34,216054.06,100.0,165.21,0
20:33:02,161.7,2,2,2,1022.01,235.33,213.16,188.3,78.39,216327.18,100.0,165.27,0
20:33:02,161.7,2,2,2,1022.24,235.46,213.29,188.42,78.44,216592.52,100.0,165.33,0
20:33:02,161.8,2,2,2,1022.47,235.6,213.42,188.55,78.49,216838.7,100.0,165.38,0
20:33:02,161.8,2,2,2,1022.73,235.75,213.58,188.69,78.55,217090.73,100.0,165.44,0
20:33:02,161.9,2,2,2,1022.98,235.9,213.72,188.82,78.61,217375.02,100.0,165.5,0
20:33:02,161.9,2,2,2,1023.21,236.04,213.85,188.95,78.66,217644.6,100.0,165.56,0
20:33:02,162.0,2,2,2,1023.48,236.2,214.01,189.09,78.72,217893.81,100.0,165.61,0
20:33:02,162.1,2,2,2,1023.71,236.33,214.14,189.22,78.77,218189.8,100.0,165.67,0
20:33:02,162.1,2,2,2,1023.94,236.47,214.27,189.35,78.82,218439.75,100.0,165.73,0
20:33:02,162.2,2,2,2,1024.18,236.61,214.41,189.48,78.88,218692.95,100.0,165.78,0
20:33:02,162.2,2,2,2,1024.41,236.75,214.55,189.6,78.93,218959.39,100.0,165.84,0
20:33:02,162.3,2,2,2,1024.63,236.88,214.68,189.73,78.98,219205.73,100.0,165.9,0
20:33:02,162.3,2,2,2,1024.89,237.03,214.82,189.86,79.03,219450.33,100.0,165.96,0
20:33:02,162.4,2,2,2,1025.11,237.17,214.96,189.99,79.09,219728.62,100.0,166.01,0
20:33:02,162.4,2,2,2,1025.35,237.31,215.09,190.12,79.14,219981.07,100.0,166.07,0
20:33:02,162.5,2,2,2,1025.57,237.44,215.22,190.24,79.19,220238.33,100.0,166.13,0
20:33:02,162.5,2,2,2,1025.83,237.59,215.37,190.38,79.25,220484.3,100.0,166.18,0
20:33:02,162.6,2,2,2,1026.06,237.73,215.51,190.51,79.3,220764.13,100.0,165.24,0
20:33:03,162.7,2,2,2,1026.29,237.86,215.64,190.63,79.35,221021.11,100.0,165.3,0
20:33:03,162.7,2,2,2,1026.52,238.01,215.78,190.76,79.4,221268.76,100.0,165.35,0
20:33:03,162.8,2,2,2,1026.79,238.17,215.93,190.91,79.46,221528.87,100.0,164.41,0
20:33:03,162.8,2,2,2,1027.05,238.32,216.09,191.06,79.52,221825.93,100.0,164.47,0
20:33:03,162.9,2,2,2,1027.27,238.45,216.22,191.18,79.57,222111.71,100.0,164.52,0
20:33:03,163.0,2,2,2,1027.54,238.61,216.37,191.33,79.63,222357.55,100.0,164.58,0
20:33:03,163.0,2,2,2,1027.79,238.76,216.52,191.46,79.69,222652.81,100.0,163.64,0
20:33:03,163.1,2,2,2,1028.02,238.9,216.65,191.59,79.74,222929.44,100.0,163.69,0
20:33:03,163.1,2,2,2,1028.24,239.04,216.78,191.72,79.79,223185.86,100.0,163.75,0
20:33:03,163.2,2,2,2,1028.48,239.18,216.93,191.85,79.85,223432.62,100.0,162.81,0
20:33:03,163.2,2,2,2,1028.73,239.33,217.07,191.99,79.9,223700.59,100.0,162.86,0
20:33:03,163.3,2,2,2,1028.95,239.47,217.2,192.11,79.96,223971.07,100.0,162.92,0
20:33:03,163.3,2,2,2,1029.18,239.6,217.33,192.23,80.01,224224.3,100.0,161.98,0
20:33:03,163.4,2,2,2,1029.4,239.73,217.47,192.36,80.06,224469.49,100.0,162.03,0
20:33:03,163.4,2,2,2,1029.65,239.88,217.61,192.5,80.11,224718.05,100.0,162.09,0
20:33:03,163.5,2,2,2,1029.87,240.02,217.74,192.62,80.17,224994.99,100.0,162.15,0
20:33:03,163.6,2,2,2,1030.09,240.15,217.87,192.74,80.22,225242.8,100.0,161.2,0
20:33:03,163.6,2,2,2,1030.32,240.29,218.01,192.87,80.27,225489.9,100.0,161.26,0
20:33:04,163.7,2,2,2,1030.56,240.43,218.15,193.0,80.32,225743.7,100.0,161.31,0
20:33:04,163.7,2,2,2,1030.8,240.58,218.29,193.14,80.38,226009.38,100.0,161.37,0
20:33:04,163.8,2,2,2,1031.02,240.71,218.42,193.26,80.43,226278.75,100.0,161.43,0
20:33:04,163.8,2,2,2,1031.24,240.84,218.55,193.39,80.48,226525.84,100.0,160.48,0
20:33:04,163.9,2,2,2,1031.49,241.0,218.7,193.53,80.54,226770.56,100.0,160.54,0
20:33:04,163.9,2,2,2,1031.71,241.13,218.84,193.65,80.59,227051.71,100.0,160.6,0
20:33:04,164.0,2,2,2,1031.94,241.27,218.97,193.78,80.64,227306.37,100.0,159.65,0
20:33:04,164.1,2,2,2,1032.19,241.42,219.12,193.92,80.7,227554.75,100.0,159.71,0
20:33:04,164.1,2,2,2,1032.44,241.58,219.27,194.06,80.76,227836.36,100.0,159.76,0
20:33:04,164.2,2,2,2,1032.66,241.71,219.4,194.19,80.81,228125.15,100.0,159.82,0
20:33:04,164.2,2,2,2,1032.89,241.85,219.54,194.32,80.86,228370.19,100.0,158.87,0
20:33:04,164.3,2,2,2,1033.11,241.98,219.67,194.44,80.91,228633.09,100.0,158.93,0
20:33:04,164.3,2,2,2,1033.35,242.13,219.81,194.57,80.97,228875.96,100.0,158.99,0
20:33:04,164.4,2,2,2,1033.57,242.26,219.94,194.7,81.02,229149.02,100.0,158.04,0
20:33:04,164.5,2,2,2,1033.78,242.39,220.07,194.82,81.07,229396.25,100.0,158.1,0
20:33:04,164.5,2,2,2,1034.03,242.54,220.21,194.95,81.13,229636.39,100.0,158.15,0
20:33:04,164.6,2,2,2,1034.26,242.68,220.35,195.09,81.18,229908.96,100.0,158.21,0
20:33:05,164.6,2,2,2,1034.52,242.84,220.51,195.23,81.24,230173.87,100.0,158.26,0
20:33:05,164.7,2,2,2,1034.73,242.97,220.64,195.35,81.29,230465.63,100.0,158.32,0
20:33:05,164.7,2,2,2,1034.98,243.12,220.78,195.49,81.35,230707.72,100.0,158.37,0
20:33:05,164.8,2,2,2,1035.2,243.26,220.92,195.62,81.4,230983.79,100.0,158.43,0
20:33:05,164.9,2,2,2,1035.47,243.43,221.08,195.77,81.46,231242.97,100.0,158.48,0
20:33:05,164.9,2,2,2,1035.69,243.56,221.21,195.9,81.51,231547.47,100.0,158.54,0
20:33:05,165.0,2,2,2,1035.92,243.7,221.35,196.03,81.57,231792.36,100.0,158.6,0
20:33:05,165.0,2,2,2,1036.13,243.83,221.48,196.15,81.62,232055.78,100.0,158.65,0
20:33:05,165.1,2,2,2,1036.34,243.96,221.6,196.27,81.67,232297.46,100.0,158.71,0
20:33:05,165.1,2,2,2,1036.56,244.1,221.74,196.39,81.72,232537.26,100.0,158.76,0
20:33:05,165.2,2,2,2,1036.77,244.23,221.86,196.51,81.77,232788.81,100.0,158.82,0
20:33:05,165.2,2,2,2,1036.99,244.36,221.99,196.64,81.82,233029.32,100.0,158.87,0
20:33:05,165.3,2,2,2,1037.22,244.5,222.13,196.77,81.87,233272.39,100.0,158.93,0
20:33:05,165.3,2,2,2,1037.43,244.63,222.26,196.89,81.92,233534.1,100.0,158.98,0
20:33:05,165.4,2,2,2,1037.64,244.76,222.38,197.01,81.97,233774.29,100.0,159.04,0
20:33:05,165.5,2,2,2,1037.86,244.9,222.52,197.14,82.03,234012.74,100.0,159.09,0
20:33:05,165.5,2,2,2,1038.1,245.04,222.66,197.27,82.08,234272.15,100.0,159.15,0
20:33:05,165.6,2,2,2,1038.31,245.18,222.79,197.39,82.13,234539.33,100.0,159.2,0
20:33:05,165.6,2,2,2,1038.53,245.31,222.92,197.52,82.18,234788.97,100.0,159.26,0
20:33:06,165.7,2,2,2,1038.76,245.45,223.06,197.65,82.24,235030.73,100.0,159.31,0
20:33:06,165.7,2,2,2,1038.97,245.58,223.19,197.77,82.29,235297.03,100.0,159.37,0
20:33:06,165.8,2,2,2,1039.18,245.71,223.32,197.89,82.34,235541.07,100.0,159.43,0
20:33:06,165.8,2,2,2,1039.4,245.85,223.45,198.02,82.39,235777.85,100.0,159.48,0
20:33:06,165.9,2,2,2,1039.61,245.98,223.58,198.14,82.44,236035.81,100.0,159.54,0
20:33:06,165.9,2,2,2,1039.81,246.11,223.71,198.26,82.49,236273.68,100.0,159.59,0
20:33:06,166.0,2,2,2,1040.04,246.25,223.84,198.39,82.54,236511.21,100.0,159.65,0
20:33:06,166.0,2,2,2,1040.25,246.38,223.97,198.51,82.59,236771.0,100.0,159.7,0
20:33:06,166.1,2,2,2,1040.45,246.51,224.1,198.62,82.64,237011.28,100.0,159.76,0
20:33:06,166.2,2,2,2,1040.7,246.66,224.24,198.76,82.7,237249.4,100.0,159.81,0
20:33:06,166.2,2,2,2,1040.91,246.79,224.37,198.89,82.75,237526.96,100.0,159.86,0
20:33:06,166.3,2,2,2,1041.12,246.92,224.5,199.01,82.8,237774.67,100.0,159.92,0
20:33:06,166.3,2,2,2,1041.33,247.05,224.63,199.13,82.85,238016.25,100.0,159.97,0
20:33:06,166.4,2,2,2,1041.57,247.2,224.77,199.27,82.91,238254.99,100.0,160.03,0
20:33:06,166.4,2,2,2,1041.77,247.33,224.9,199.39,82.96,238532.82,100.0,160.08,0
20:33:06,166.5,2,2,2,1041.98,247.46,225.03,199.51,83.01,238772.96,100.0,160.14,0
20:33:06,166.5,2,2,2,1042.2,247.59,225.16,199.63,83.06,239014.94,100.0,160.19,0
20:33:06,166.6,2,2,2,1042.4,247.72,225.29,199.75,83.11,239267.0,100.0,160.25,0
20:33:07,166.7,2,2,2,1042.61,247.85,225.41,199.87,83.16,239503.17,100.0,160.3,0
20:33:07,166.7,2,2,2,1042.83,247.99,225.55,200.0,83.21,239739.0,100.0,160.36,0
20:33:07,166.8,2,2,2,1043.04,248.12,225.68,200.12,83.26,240000.3,100.0,160.41,0
20:33:07,166.8,2,2,2,1043.25,248.25,225.81,200.24,83.31,240241.29,100.0,160.46,0
20:33:07,166.9,2,2,2,1043.45,248.38,225.93,200.36,83.36,240483.25,100.0,160.52,0
20:33:07,166.9,2,2,2,1043.67,248.52,226.07,200.49,83.42,240720.26,100.0,160.57,0
20:33:07,167.0,2,2,2,1043.88,248.65,226.2,200.61,83.47,240980.29,100.0,160.63,0
20:33:07,167.0,2,2,2,1044.08,248.78,226.32,200.73,83.51,241220.94,100.0,160.68,0
20:33:07,167.1,2,2,2,1044.3,248.91,226.45,200.86,83.57,241456.95,100.0,160.74,0
20:33:07,167.1,2,2,2,1044.52,249.05,226.59,200.98,83.62,241710.78,100.0,160.79,0
20:33:07,167.2,2,2,2,1044.72,249.18,226.71,201.1,83.67,241965.54,100.0,160.84,0
20:33:07,167.3,2,2,2,1044.95,249.32,226.85,201.23,83.72,242200.44,100.0,160.9,0
20:33:07,167.3,2,2,2,1045.16,249.45,226.98,201.35,83.77,242468.12,100.0,160.95,0
20:33:07,167.4,2,2,2,1045.36,249.58,227.11,201.47,83.82,242709.44,100.0,161.01,0
20:33:07,167.4,2,2,2,1045.59,249.72,227.25,201.61,83.88,242945.81,100.0,161.06,0
20:33:07,167.5,2,2,2,1045.79,249.85,227.38,201.73,83.93,243215.93,100.0,161.11,0
20:33:07,167.5,2,2,2,1046.0,249.98,227.5,201.85,83.98,243455.77,100.0,161.17,0
20:33:07,167.6,2,2,2,1046.21,250.12,227.64,201.97,84.03,243695.19,100.0,161.22,0
20:33:08,167.6,2,2,2,1046.41,250.25,227.76,202.09,84.08,243949.33,100.0,161.28,0
20:33:08,167.7,2,2,2,1046.61,250.37,227.89,202.21,84.13,244184.46,100.0,161.33,0
20:33:08,167.7,2,2,2,1046.84,250.51,228.03,202.34,84.19,244419.12,100.0,161.38,0
20:33:08,167.8,2,2,2,1047.05,250.65,228.15,202.46,84.24,244684.1,100.0,161.44,0
20:33:08,167.9,2,2,2,1047.25,250.77,228.28,202.58,84.29,244926.08,100.0,161.49,0
20:33:08,167.9,2,2,2,1047.48,250.92,228.42,202.72,84.34,245165.99,100.0,161.54,0
20:33:08,168.0,2,2,2,1047.72,251.07,228.57,202.86,84.4,245435.86,100.0,161.6,0
20:33:08,168.0,2,2,2,1047.92,251.2,228.69,202.98,84.45,245715.26,100.0,161.65,0
20:33:08,168.1,2,2,2,1048.12,251.32,228.82,203.09,84.5,245951.67,100.0,161.7,0
20:33:08,168.1,2,2,2,1048.34,251.47,228.96,203.23,84.55,246186.93,100.0,161.76,0
20:33:08,168.2,2,2,2,1048.54,251.6,229.09,203.35,84.6,246451.62,100.0,161.81,0
20:33:08,168.3,2,2,2,1048.74,251.72,229.21,203.46,84.65,246691.96,100.0,161.86,0
20:33:08,168.3,2,2,2,1048.96,251.86,229.35,203.59,84.71,246924.01,100.0,161.92,0
20:33:08,168.4,2,2,2,1049.16,251.99,229.47,203.71,84.75,247184.49,100.0,161.97,0
20:33:08,168.4,2,2,2,1049.36,252.11,229.59,203.83,84.8,247418.81,100.0,162.02,0
20:33:08,168.5,2,2,2,1049.57,252.25,229.73,203.95,84.86,247654.19,100.0,162.08,0
20:33:08,168.5,2,2,2,1049.77,252.38,229.85,204.07,84.91,247905.62,100.0,162.13,0
20:33:08,168.6,2,2,2,1049.97,252.51,229.98,204.19,84.95,248143.33,100.0,162.18,0
20:33:09,168.6,2,2,2,1050.17,252.64,230.11,204.31,85.01,248380.11,100.0,162.24,0
20:33:09,168.7,2,2,2,1050.39,252.78,230.24,204.44,85.06,248622.43,100.0,162.29,0
20:33:09,168.7,2,2,2,1050.59,252.9,230.37,204.56,85.11,248882.08,100.0,162.34,0
20:33:09,168.8,2,2,2,1050.8,253.04,230.5,204.68,85.16,249118.45,100.0,162.4,0
20:33:09,168.8,2,2,2,1050.99,253.16,230.62,204.8,85.21,249365.87,100.0,162.45,0
20:33:09,168.9,2,2,2,1051.19,253.29,230.74,204.92,85.26,249597.44,100.0,162.5,0
20:33:09,169.0,2,2,2,1051.39,253.41,230.87,205.03,85.31,249833.59,100.0,162.56,0
20:33:09,169.0,2,2,2,1051.62,253.56,231.01,205.17,85.36,250066.66,100.0,162.61,0
20:33:09,169.1,2,2,2,1051.82,253.69,231.14,205.29,85.41,250344.93,100.0,162.66,0
20:33:09,169.1,2,2,2,1052.01,253.81,231.26,205.4,85.46,250575.7,100.0,162.72,0
20:33:09,169.2,2,2,2,1052.22,253.95,231.39,205.53,85.51,250807.84,100.0,162.77,0
20:33:09,169.2,2,2,2,1052.43,254.08,231.52,205.65,85.57,251062.62,100.0,162.82,0
20:33:09,169.3,2,2,2,1052.64,254.21,231.65,205.78,85.62,251306.66,100.0,162.87,0
20:33:09,169.3,2,2,2,1052.83,254.34,231.78,205.89,85.67,251556.07,100.0,162.93,0
20:33:09,169.4,2,2,2,1053.02,254.46,231.9,206.01,85.71,251789.65,100.0,162.98,0
20:33:09,169.5,2,2,2,1053.22,254.59,232.02,206.13,85.76,252018.15,100.0,163.03,0
20:33:09,169.5,2,2,2,1053.44,254.73,232.16,206.26,85.82,252252.91,100.0,163.08,0
20:33:09,169.6,2,2,2,1053.65,254.87,232.29,206.38,85.87,252517.52,100.0,162.14,0
20:33:10,169.6,2,2,2,1053.84,254.99,232.42,206.5,85.92,252768.25,100.0,162.19,0
20:33:10,169.7,2,2,2,1054.05,255.13,232.55,206.63,85.97,252999.99,100.0,162.24,0
20:33:10,169.7,2,2,2,1054.27,255.27,232.69,206.76,86.03,253252.98,100.0,162.29,0
20:33:10,169.8,2,2,2,1054.48,255.4,232.82,206.88,86.08,253513.48,100.0,161.35,0
20:33:10,169.8,2,2,2,1054.67,255.53,232.94,207.0,86.13,253759.98,100.0,161.4,0
20:33:10,169.9,2,2,2,1054.86,255.65,233.06,207.11,86.18,253995.18,100.0,161.45,0
20:33:10,170.0,2,2,2,1055.11,255.81,233.22,207.26,86.24,254227.69,100.0,161.5,0
20:33:10,170.0,2,2,2,1055.31,255.94,233.35,207.38,86.29,254528.83,100.0,160.56,0
20:33:10,170.1,2,2,2,1055.51,256.07,233.48,207.5,86.34,254766.02,100.0,160.61,0
20:33:10,170.1,2,2,2,1055.71,256.2,233.6,207.62,86.39,255005.83,100.0,159.66,0
20:33:10,170.2,2,2,2,1055.91,256.33,233.73,207.74,86.44,255242.16,100.0,159.71,0
20:33:10,170.2,2,2,2,1056.11,256.46,233.86,207.86,86.49,255486.78,100.0,159.76,0
20:33:10,170.3,2,2,2,1056.3,256.58,233.98,207.98,86.54,255726.75,100.0,158.82,0
20:33:10,170.3,2,2,2,1056.49,256.71,234.1,208.09,86.59,255955.57,100.0,158.87,0
20:33:10,170.4,2,2,2,1056.7,256.84,234.24,208.22,86.64,256186.87,100.0,158.92,0
20:33:10,170.5,2,2,2,1056.9,256.97,234.36,208.34,86.69,256445.88,100.0,157.97,0
20:33:10,170.5,2,2,2,1057.09,257.09,234.48,208.45,86.74,256680.58,100.0,158.03,0
20:33:10,170.6,2,2,2,1057.29,257.22,234.61,208.58,86.79,256909.44,100.0,158.08,0
20:33:11,170.6,2,2,2,1057.52,257.38,234.76,208.72,86.85,257150.22,100.0,157.13,0
20:33:11,170.7,2,2,2,1057.71,257.5,234.88,208.83,86.9,257436.9,100.0,157.18,0
20:33:11,170.7,2,2,2,1057.9,257.63,235.0,208.95,86.94,257669.9,100.0,156.23,0
20:33:11,170.8,2,2,2,1058.11,257.76,235.14,209.08,87.0,257900.67,100.0,156.28,0
20:33:11,170.9,2,2,2,1058.32,257.9,235.27,209.2,87.05,258155.5,100.0,156.34,0
20:33:11,170.9,2,2,2,1058.52,258.03,235.4,209.33,87.1,258407.28,100.0,156.39,0
20:33:11,171.0,2,2,2,1058.71,258.16,235.52,209.44,87.15,258653.09,100.0,155.44,0
20:33:11,171.0,2,2,2,1058.91,258.28,235.65,209.56,87.2,258885.62,100.0,155.49,0
20:33:11,171.1,2,2,2,1059.12,258.42,235.78,209.69,87.25,259119.68,100.0,155.54,0
20:33:11,171.1,2,2,2,1059.31,258.54,235.9,209.8,87.3,259375.47,100.0,155.59,0
20:33:11,171.2,2,2,2,1059.49,258.66,236.02,209.92,87.35,259604.82,100.0,155.65,0
20:33:11,171.2,2,2,2,1059.68,258.79,236.14,210.03,87.4,259832.36,100.0,155.7,0
20:33:11,171.3,2,2,2,1059.88,258.92,236.27,210.15,87.45,260061.62,100.0,155.75,0
20:33:11,171.4,2,2,2,1060.1,259.06,236.41,210.29,87.5,260300.87,100.0,155.8,0
20:33:11,171.4,2,2,2,1060.29,259.18,236.53,210.4,87.55,260572.36,100.0,155.85,0
20:33:11,171.5,2,2,2,1060.48,259.31,236.66,210.52,87.6,260801.39,100.0,155.9,0
20:33:11,171.5,2,2,2,1060.67,259.44,236.78,210.63,87.65,261040.13,100.0,155.96,0
20:33:11,171.6,2,2,2,1060.85,259.56,236.9,210.75,87.7,261269.79,100.0,156.01,0
20:33:12,171.6,2,2,2,1061.08,259.71,237.05,210.89,87.76,261495.49,100.0,156.06,0
20:33:12,171.7,2,2,2,1061.27,259.83,237.17,211.0,87.8,261775.95,100.0,156.11,0
20:33:12,171.7,2,2,2,1061.45,259.95,237.28,211.11,87.85,262002.9,100.0,156.16,0
20:33:12,171.8,2,2,2,1061.64,260.07,237.4,211.23,87.9,262227.69,100.0,156.21,0
20:33:12,171.9,2,2,2,1061.85,260.21,237.54,211.36,87.95,262455.18,100.0,156.26,0
20:33:12,171.9,2,2,2,1062.05,260.34,237.67,211.48,88.01,262711.67,100.0,156.31,0
20:33:12,172.0,2,2,2,1062.23,260.46,237.79,211.59,88.05,262959.49,100.0,156.36,0
20:33:12,172.0,2,2,2,1062.45,260.6,237.93,211.72,88.11,263184.02,100.0,156.42,0
20:33:12,172.1,2,2,2,1062.63,260.73,238.05,211.84,88.15,263445.32,100.0,156.47,0
20:33:12,172.1,2,2,2,1062.81,260.85,238.17,211.95,88.2,263672.62,100.0,156.52,0
20:33:12,172.2,2,2,2,1063.01,260.98,238.29,212.07,88.25,263897.53,100.0,156.57,0
20:33:12,172.2,2,2,2,1063.19,261.1,238.41,212.18,88.3,264139.64,100.0,156.62,0
20:33:12,172.3,2,2,2,1063.38,261.22,238.53,212.3,88.35,264363.62,100.0,156.67,0
20:33:12,172.3,2,2,2,1063.57,261.35,238.66,212.42,88.4,264590.17,100.0,156.72,0
20:33:12,172.4,2,2,2,1063.76,261.47,238.78,212.53,88.45,264831.78,100.0,156.77,0
20:33:12,172.5,2,2,2,1063.96,261.61,238.91,212.66,88.5,265064.02,100.0,156.82,0
20:33:12,172.5,2,2,2,1064.15,261.73,239.03,212.77,88.55,265314.08,100.0,156.87,0
20:33:12,172.6,2,2,2,1064.34,261.86,239.16,212.89,88.6,265541.23,100.0,156.93,0
20:33:12,172.6,2,2,2,1064.53,261.98,239.28,213.0,88.65,265782.73,100.0,156.98,0
20:33:13,172.7,2,2,2,1064.71,262.1,239.4,213.12,88.69,266009.67,100.0,157.03,0
20:33:13,172.7,2,2,2,1064.91,262.23,239.53,213.24,88.74,266232.17,100.0,157.08,0
20:33:13,172.8,2,2,2,1065.09,262.35,239.64,213.35,88.79,266478.14,100.0,157.13,0
20:33:13,172.8,2,2,2,1065.28,262.48,239.77,213.47,88.84,266700.86,100.0,157.18,0
20:33:13,172.9,2,2,2,1065.48,262.61,239.9,213.59,88.89,266935.16,100.0,157.23,0
20:33:13,172.9,2,2,2,1065.66,262.73,240.02,213.7,88.94,267186.33,100.0,157.28,0
20:33:13,173.0,2,2,2,1065.84,262.85,240.13,213.82,88.99,267407.49,100.0,157.33,0
20:33:13,173.1,2,2,2,1066.07,263.01,240.29,213.96,89.05,267632.18,100.0,157.38,0
20:33:13,173.1,2,2,2,1066.25,263.13,240.41,214.07,89.1,267922.66,100.0,157.43,0
20:33:13,173.2,2,2,2,1066.43,263.25,240.52,214.18,89.14,268147.04,100.0,157.48,0
20:33:13,173.2,2,2,2,1066.63,263.38,240.65,214.3,89.19,268368.67,100.0,157.53,0
20:33:13,173.3,2,2,2,1066.8,263.49,240.77,214.41,89.24,268609.36,100.0,157.58,0
20:33:13,173.3,2,2,2,1066.98,263.61,240.88,214.53,89.29,268829.88,100.0,157.63,0
20:33:13,173.4,2,2,2,1067.17,263.74,241.01,214.64,89.34,269051.34,100.0,157.68,0
20:33:13,173.4,2,2,2,1067.35,263.86,241.12,214.76,89.38,269286.27,100.0,157.73,0
20:33:13,173.5,2,2,2,1067.53,263.98,241.24,214.87,89.43,269510.92,100.0,157.78,0
20:33:13,173.6,2,2,2,1067.71,264.1,241.36,214.98,89.48,269734.86,100.0,157.83,0
20:33:13,173.6,2,2,2,1067.89,264.22,241.48,215.09,89.53,269962.16,100.0,157.88,0
20:33:14,173.7,2,2,2,1068.08,264.34,241.6,215.21,89.57,270186.93,100.0,157.93,0
20:33:14,173.7,2,2,2,1068.29,264.49,241.74,215.34,89.63,270416.01,100.0,157.98,0
20:33:14,173.8,2,2,2,1068.47,264.61,241.86,215.45,89.68,270679.76,100.0,158.03,0
20:33:14,173.8,2,2,2,1068.65,264.73,241.98,215.56,89.72,270907.19,100.0,158.08,0
20:33:14,173.9,2,2,2,1068.83,264.85,242.1,215.68,89.77,271128.63,100.0,158.13,0
20:33:14,173.9,2,2,2,1069.02,264.98,242.22,215.8,89.82,271353.82,100.0,158.18,0
20:33:14,174.0,2,2,2,1069.2,265.1,242.34,215.91,89.87,271597.33,100.0,158.23,0
20:33:14,174.0,2,2,2,1069.38,265.22,242.46,216.02,89.92,271822.94,100.0,158.28,0
20:33:14,174.1,2,2,2,1069.58,265.35,242.59,216.14,89.97,272043.35,100.0,158.33,0
20:33:14,174.2,2,2,2,1069.77,265.48,242.72,216.26,90.02,272289.15,100.0,158.38,0
20:33:14,174.2,2,2,2,1069.95,265.6,242.83,216.38,90.07,272528.79,100.0,158.43,0
20:33:14,174.3,2,2,2,1070.13,265.72,242.95,216.49,90.11,272756.36,100.0,158.48,0
20:33:14,174.3,2,2,2,1070.32,265.85,243.08,216.61,90.16,272976.26,100.0,158.53,0
20:33:14,174.4,2,2,2,1070.5,265.96,243.19,216.72,90.21,273217.37,100.0,158.58,0
20:33:14,174.4,2,2,2,1070.67,266.08,243.31,216.83,90.26,273438.68,100.0,158.63,0
20:33:14,174.5,2,2,2,1070.84,266.2,243.43,216.94,90.3,273657.38,100.0,158.68,0
20:33:14,174.5,2,2,2,1071.04,266.33,243.55,217.06,90.35,273876.58,100.0,158.73,0
20:33:14,174.6,2,2,2,1071.21,266.45,243.67,217.17,90.4,274116.64,100.0,158.78,0
20:33:15,174.6,2,2,2,1071.39,266.57,243.79,217.28,90.45,274337.4,100.0,158.83,0
20:33:15,174.7,2,2,2,1071.58,266.69,243.91,217.4,90.5,274561.06,100.0,158.88,0
20:33:15,174.8,2,2,2,1071.76,266.81,244.03,217.51,90.55,274800.25,100.0,158.93,0
20:33:15,174.8,2,2,2,1071.93,266.93,244.14,217.62,90.59,275022.05,100.0,158.98,0
20:33:15,174.9,2,2,2,1072.11,267.06,244.27,217.74,90.64,275241.37,100.0,159.03,0
20:33:15,174.9,2,2,2,1072.3,267.18,244.39,217.85,90.69,275474.5,100.0,159.08,0
20:33:15,175.0,2,2,2,1072.47,267.3,244.5,217.96,90.73,275701.62,100.0,159.13,0
20:33:15,175.0,2,2,2,1072.65,267.41,244.62,218.07,90.78,275921.4,100.0,159.18,0
20:33:15,175.1,2,2,2,1072.84,267.55,244.75,218.19,90.83,276144.0,100.0,159.23,0
20:33:15,175.1,2,2,2,1073.02,267.67,244.87,218.31,90.88,276389.08,100.0,159.28,0
20:33:15,175.2,2,2,2,1073.19,267.79,244.98,218.42,90.93,276618.44,100.0,159.32,0
20:33:15,175.3,2,2,2,1073.39,267.92,245.11,218.54,90.98,276835.91,100.0,159.37,0
20:33:15,175.3,2,2,2,1073.57,268.04,245.23,218.65,91.03,277083.13,100.0,159.42,0
20:33:15,175.4,2,2,2,1073.74,268.16,245.35,218.77,91.07,277309.18,100.0,159.47,0
20:33:15,175.4,2,2,2,1073.92,268.27,245.47,218.87,91.12,277530.08,100.0,159.52,0
20:33:15,175.5,2,2,2,1074.1,268.4,245.59,218.99,91.17,277749.53,100.0,159.57,0
20:33:15,175.5,2,2,2,1074.28,268.52,245.71,219.1,91.22,277987.04,100.0,159.62,0
20:33:15,175.6,2,2,2,1074.45,268.63,245.82,219.21,91.26,278205.64,100.0,159.67,0
20:33:16,175.6,2,2,2,1074.63,268.76,245.94,219.33,91.31,278421.47,100.0,159.72,0
20:33:16,175.7,2,2,2,1074.81,268.88,246.06,219.44,91.36,278650.24,100.0,159.77,0
20:33:16,175.7,2,2,2,1074.98,269.0,246.17,219.55,91.41,278874.7,100.0,159.82,0
20:33:16,175.8,2,2,2,1075.15,269.11,246.29,219.66,91.45,279095.58,100.0,159.86,0
20:33:16,175.8,2,2,2,1075.34,269.24,246.41,219.78,91.5,279311.0,100.0,159.91,0
20:33:16,175.9,2,2,2,1075.51,269.36,246.53,219.88,91.55,279552.61,100.0,159.96,0
20:33:16,176.0,2,2,2,1075.68,269.47,246.64,219.99,91.59,279769.07,100.0,160.01,0
20:33:16,176.0,2,2,2,1075.88,269.61,246.78,220.12,91.65,279983.03,100.0,160.06,0
20:33:16,176.1,2,2,2,1076.05,269.72,246.89,220.23,91.69,280237.02,100.0,160.11,0
20:33:16,176.1,2,2,2,1076.22,269.84,247.0,220.33,91.74,280455.51,100.0,160.16,0
20:33:16,176.2,2,2,2,1076.39,269.95,247.12,220.44,91.78,280669.7,100.0,160.21,0
20:33:16,176.2,2,2,2,1076.58,270.08,247.24,220.56,91.84,280884.67,100.0,160.25,0
20:33:16,176.3,2,2,2,1076.77,270.21,247.37,220.68,91.89,281125.07,100.0,160.3,0
20:33:16,176.3,2,2,2,1076.94,270.33,247.49,220.79,91.93,281367.5,100.0,160.35,0
20:33:16,176.4,2,2,2,1077.13,270.46,247.61,220.91,91.98,281588.11,100.0,160.4,0
20:33:16,176.5,2,2,2,1077.3,270.57,247.73,221.02,92.03,281829.01,100.0,160.45,0
20:33:16,176.5,2,2,2,1077.47,270.69,247.84,221.13,92.07,282042.85,100.0,160.5,0
20:33:16,176.6,2,2,2,1077.65,270.82,247.97,221.25,92.13,282257.29,100.0,160.54,0
20:33:16,176.6,2,2,2,1077.82,270.93,248.08,221.36,92.17,282498.16,100.0,160.59,0
20:33:17,176.7,2,2,2,1077.99,271.05,248.19,221.46,92.22,282714.2,100.0,160.64,0
20:33:17,176.7,2,2,2,1078.17,271.17,248.31,221.58,92.26,282926.22,100.0,160.69,0
20:33:17,176.8,2,2,2,1078.36,271.3,248.44,221.7,92.32,283151.43,100.0,160.74,0
20:33:17,176.8,2,2,2,1078.53,271.42,248.56,221.81,92.36,283405.31,100.0,160.79,0
20:33:17,176.9,2,2,2,1078.72,271.54,248.68,221.93,92.41,283620.68,100.0,160.83,0
20:33:17,176.9,2,2,2,1078.88,271.66,248.79,222.04,92.46,283855.22,100.0,160.88,0
20:33:17,177.0,2,2,2,1079.05,271.77,248.91,222.14,92.5,284071.33,100.0,160.93,0
20:33:17,177.1,2,2,2,1079.22,271.89,249.02,222.25,92.55,284287.1,100.0,160.98,0
20:33:17,177.1,2,2,2,1079.41,272.02,249.15,222.37,92.6,284500.14,100.0,161.03,0
20:33:17,177.2,2,2,2,1079.6,272.15,249.28,222.49,92.65,284740.61,100.0,161.07,0
20:33:17,177.2,2,2,2,1079.78,272.27,249.4,222.61,92.7,284986.06,100.0,161.12,0
20:33:17,177.3,2,2,2,1079.95,272.39,249.52,222.72,92.75,285214.51,100.0,161.17,0
20:33:17,177.3,2,2,2,1080.12,272.51,249.63,222.83,92.8,285442.48,100.0,161.22,0
20:33:17,177.4,2,2,2,1080.28,272.62,249.74,222.93,92.84,285656.34,100.0,161.27,0
20:33:17,177.5,2,2,2,1080.46,272.74,249.86,223.05,92.89,285867.09,100.0,161.31,0
20:33:17,177.5,2,2,2,1080.64,272.86,249.98,223.16,92.94,286098.05,100.0,161.36,0
20:33:17,177.6,2,2,2,1080.81,272.98,250.09,223.27,92.98,286321.17,100.0,161.41,0
20:33:17,177.6,2,2,2,1080.98,273.09,250.21,223.38,93.03,286541.9,100.0,161.46,0
20:33:18,177.7,2,2,2,1081.15,273.22,250.33,223.49,93.08,286755.82,100.0,161.5,0
20:33:18,177.7,2,2,2,1081.32,273.33,250.44,223.6,93.12,286982.15,100.0,161.55,0
20:33:18,177.8,2,2,2,1081.48,273.44,250.55,223.7,93.17,287194.57,100.0,161.6,0
20:33:18,177.8,2,2,2,1081.67,273.58,250.68,223.83,93.22,287405.01,100.0,161.65,0
20:33:18,177.9,2,2,2,1081.84,273.69,250.79,223.93,93.26,287654.51,100.0,161.7,0
20:33:18,177.9,2,2,2,1082.01,273.8,250.91,224.04,93.31,287867.29,100.0,161.74,0
20:33:18,178.0,2,2,2,1082.18,273.92,251.02,224.15,93.36,288082.93,100.0,161.79,0
20:33:18,178.0,2,2,2,1082.35,274.04,251.14,224.26,93.4,288306.74,100.0,161.84,0
20:33:18,178.1,2,2,2,1082.51,274.15,251.25,224.37,93.45,288522.91,100.0,161.89,0
20:33:18,178.2,2,2,2,1082.69,274.28,251.37,224.49,93.5,288736.84,100.0,161.93,0
20:33:18,178.2,2,2,2,1082.86,274.4,251.49,224.59,93.54,288970.38,100.0,161.98,0
20:33:18,178.3,2,2,2,1083.03,274.51,251.6,224.7,93.59,289188.24,100.0,162.03,0
20:33:18,178.3,2,2,2,1083.21,274.64,251.72,224.82,93.64,289401.0,100.0,162.07,0
20:33:18,178.4,2,2,2,1083.38,274.75,251.84,224.93,93.69,289638.09,100.0,162.12,0
20:33:18,178.4,2,2,2,1083.55,274.87,251.95,225.04,93.73,289859.77,100.0,162.17,0
20:33:18,178.5,2,2,2,1083.72,274.99,252.07,225.15,93.78,290071.93,100.0,162.22,0
20:33:18,178.5,2,2,2,1083.89,275.1,252.18,225.26,93.83,290295.61,100.0,162.26,0
20:33:18,178.6,2,2,2,1084.05,275.21,252.29,225.36,93.87,290511.07,100.0,162.31,0
20:33:19,178.7,2,2,2,1084.22,275.34,252.41,225.47,93.92,290719.78,100.0,162.36,0
20:33:19,178.7,2,2,2,1084.39,275.45,252.53,225.58,93.96,290945.53,100.0,162.41,0
20:33:19,178.8,2,2,2,1084.55,275.57,252.64,225.69,94.01,291164.18,100.0,162.45,0
20:33:19,178.8,2,2,2,1084.71,275.68,252.75,225.79,94.05,291376.33,100.0,162.5,0
20:33:19,178.9,2,2,2,1084.89,275.8,252.87,225.91,94.1,291586.39,100.0,162.55,0
20:33:19,178.9,2,2,2,1085.05,275.91,252.98,226.01,94.15,291816.08,100.0,162.59,0
20:33:19,179.0,2,2,2,1085.22,276.03,253.09,226.12,94.19,292027.43,100.0,162.64,0
20:33:19,179.0,2,2,2,1085.4,276.15,253.21,226.24,94.24,292239.19,100.0,162.69,0
20:33:19,179.1,2,2,2,1085.55,276.26,253.32,226.34,94.29,292470.74,100.0,162.73,0
20:33:19,179.1,2,2,2,1085.71,276.37,253.43,226.44,94.33,292676.35,100.0,162.78,0
20:33:19,179.2,2,2,2,1085.88,276.49,253.55,226.55,94.38,292882.68,100.0,162.83,0
20:33:19,179.2,2,2,2,1086.04,276.6,253.65,226.65,94.42,293102.29,100.0,162.88,0
20:33:19,179.3,2,2,2,1086.2,276.71,253.76,226.76,94.46,293307.37,100.0,162.92,0
20:33:19,179.4,2,2,2,1086.36,276.82,253.88,226.86,94.51,293516.64,100.0,162.97,0
20:33:19,179.4,2,2,2,1086.52,276.93,253.99,226.97,94.55,293728.78,100.0,163.02,0
20:33:19,179.5,2,2,2,1086.68,277.05,254.1,227.07,94.6,293937.95,100.0,163.06,0
20:33:19,179.5,2,2,2,1086.87,277.18,254.22,227.19,94.65,294146.9,100.0,163.11,0
20:33:19,179.6,2,2,2,1087.04,277.29,254.34,227.31,94.7,294389.39,100.0,163.16,0
20:33:20,179.6,2,2,2,1087.21,277.41,254.45,227.41,94.74,294610.65,100.0,163.2,0
20:33:20,179.7,2,2,2,1087.38,277.53,254.57,227.53,94.79,294827.36,100.0,163.25,0
20:33:20,179.7,2,2,2,1087.54,277.64,254.68,227.63,94.84,295051.53,100.0,163.3,0
20:33:20,179.8,2,2,2,1087.7,277.76,254.79,227.74,94.88,295264.1,100.0,163.34,0
20:33:20,179.9,2,2,2,1087.86,277.87,254.9,227.84,94.93,295474.07,100.0,163.39,0
20:33:20,179.9,2,2,2,1088.04,277.99,255.03,227.96,94.98,295682.51,100.0,163.43,0
20:33:20,180.0,2,2,2,1088.21,278.11,255.14,228.07,95.02,295922.19,100.0,163.48,0
20:33:20,180.0,2,2,2,1088.36,278.22,255.25,228.17,95.06,296133.44,100.0,163.53,0
20:33:20,180.1,2,2,2,1088.53,278.34,255.37,228.28,95.11,296338.82,100.0,163.57,0
20:33:20,180.1,2,2,2,1088.69,278.45,255.47,228.38,95.16,296560.89,100.0,163.62,0
20:33:20,180.2,2,2,2,1088.85,278.55,255.58,228.49,95.2,296766.04,100.0,163.67,0
20:33:20,180.2,2,2,2,1089.01,278.67,255.7,228.59,95.25,296970.43,100.0,163.71,0
20:33:20,180.3,2,2,2,1089.17,278.78,255.81,228.7,95.29,297189.12,100.0,163.76,0
20:33:20,180.3,2,2,2,1089.34,278.9,255.92,228.81,95.34,297396.47,100.0,163.81,0
20:33:20,180.4,2,2,2,1089.49,279.01,256.03,228.91,95.38,297612.13,100.0,163.85,0
20:33:20,180.4,2,2,2,1089.65,279.12,256.14,229.02,95.43,297817.34,100.0,163.9,0
20:33:20,180.5,2,2,2,1089.81,279.23,256.25,229.12,95.47,298030.38,100.0,163.94,0
20:33:20,180.6,2,2,2,1089.96,279.34,256.35,229.22,95.51,298231.85,100.0,163.99,0
20:33:20,180.6,2,2,2,1090.14,279.46,256.48,229.34,95.56,298437.06,100.0,164.04,0
20:33:21,180.7,2,2,2,1090.3,279.57,256.59,229.44,95.61,298671.58,100.0,164.08,0
20:33:21,180.7,2,2,2,1090.46,279.69,256.7,229.54,95.65,298879.65,100.0,164.13,0
20:33:21,180.8,2,2,2,1090.63,279.8,256.81,229.65,95.7,299087.51,100.0,164.17,0
20:33:21,180.8,2,2,2,1090.78,279.91,256.92,229.76,95.74,299307.68,100.0,164.22,0
20:33:21,180.9,2,2,2,1090.94,280.02,257.03,229.86,95.78,299513.74,100.0,164.27,0
20:33:21,180.9,2,2,2,1091.12,280.15,257.15,229.98,95.84,299719.28,100.0,164.31,0
20:33:21,181.0,2,2,2,1091.28,280.26,257.26,230.08,95.88,299959.49,100.0,164.36,0
20:33:21,181.0,2,2,2,1091.44,280.37,257.37,230.19,95.92,300000.0,100.0,164.4,0
20:33:21,181.1,2,2,2,1091.61,280.49,257.49,230.3,95.97,300000.0,100.0,164.45,0
20:33:21,181.1,2,2,2,1091.76,280.6,257.6,230.4,96.02,300000.0,100.0,164.5,0
20:33:21,181.2,2,2,2,1091.92,280.71,257.7,230.5,96.06,300000.0,100.0,164.54,0
20:33:21,181.3,2,2,2,1092.08,280.83,257.82,230.61,96.11,300000.0,100.0,164.59,0
20:33:21,181.3,2,2,2,1092.24,280.93,257.93,230.71,96.15,300000.0,100.0,164.63,0
20:33:21,181.4,2,2,2,1092.39,281.04,258.03,230.81,96.19,300000.0,100.0,164.68,0
20:33:21,181.4,2,2,2,1092.56,281.16,258.15,230.93,96.24,300000.0,100.0,164.72,0
20:33:21,181.5,2,2,2,1092.75,281.3,258.28,231.05,96.29,300000.0,100.0,164.77,0
20:33:21,181.5,2,2,2,1092.91,281.41,258.39,231.16,96.34,300000.0,100.0,164.81,0
20:33:21,181.6,2,2,2,1093.06,281.52,258.5,231.26,96.38,300000.0,100.0,164.86,0
20:33:22,181.6,2,2,2,1093.23,281.64,258.62,231.37,96.43,300000.0,100.0,164.9,0
20:33:22,181.7,2,2,2,1093.39,281.74,258.72,231.47,96.47,300000.0,100.0,164.95,0
20:33:22,181.8,2,2,2,1093.54,281.85,258.83,231.57,96.52,300000.0,100.0,165.0,0
20:33:22,181.8,2,2,2,1093.71,281.98,258.95,231.69,96.56,300000.0,100.0,165.04,0
20:33:22,181.9,2,2,2,1093.88,282.09,259.07,231.8,96.61,300000.0,100.0,165.09,0
20:33:22,181.9,2,2,2,1094.03,282.2,259.17,231.9,96.66,300000.0,100.0,165.13,0
20:33:22,182.0,2,2,2,1094.21,282.33,259.29,232.02,96.7,300000.0,100.0,165.18,0
20:33:22,182.0,2,2,2,1094.37,282.44,259.41,232.12,96.75,300000.0,100.0,165.22,0
20:33:22,182.1,2,2,2,1094.52,282.55,259.51,232.22,96.79,300000.0,100.0,165.27,0
20:33:22,182.2,2,2,2,1094.69,282.67,259.63,232.33,96.84,300000.0,100.0,165.31,0
20:33:22,182.2,2,2,2,1094.85,282.78,259.74,232.44,96.89,300000.0,100.0,165.36,0
20:33:22,182.3,2,2,2,1095.0,282.88,259.84,232.54,96.93,300000.0,100.0,165.4,0
20:33:22,182.3,2,2,2,1095.17,283.01,259.97,232.65,96.98,300000.0,100.0,165.45,0
20:33:22,182.4,2,2,2,1095.33,283.12,260.07,232.76,97.02,300000.0,100.0,165.49,0
20:33:22,182.4,2,2,2,1095.48,283.22,260.18,232.86,97.06,300000.0,100.0,165.54,0
20:33:22,182.5,2,2,2,1095.64,283.34,260.29,232.96,97.11,300000.0,100.0,165.58,0
20:33:22,182.5,2,2,2,1095.81,283.46,260.41,233.08,97.16,300000.0,100.0,165.63,0
20:33:22,182.6,2,2,2,1095.97,283.57,260.52,233.18,97.2,300000.0,100.0,165.67,0
20:33:23,182.6,2,2,2,1096.12,283.68,260.63,233.28,97.25,300000.0,100.0,165.72,0
20:33:23,182.7,2,2,2,1096.28,283.79,260.74,233.39,97.29,300000.0,100.0,165.76,0
20:33:23,182.8,2,2,2,1096.44,283.91,260.85,233.5,97.34,300000.0,100.0,165.8,0
20:33:23,182.8,2,2,2,1096.59,284.01,260.96,233.6,97.38,300000.0,100.0,165.85,0
20:33:23,182.9,2,2,2,1096.74,284.12,261.06,233.7,97.42,300000.0,100.0,165.89,0
20:33:23,182.9,2,2,2,1096.91,284.24,261.18,233.81,97.47,300000.0,100.0,165.94,0
20:33:23,183.0,2,2,2,1097.06,284.34,261.28,233.91,97.51,300000.0,100.0,165.98,0
20:33:23,183.0,2,2,2,1097.21,284.45,261.39,234.01,97.56,300000.0,100.0,166.03,0
20:33:23,183.1,2,2,2,1097.37,284.57,261.5,234.12,97.6,300000.0,100.0,166.07,0
20:33:23,183.1,2,2,2,1097.54,284.69,261.62,234.23,97.65,300000.0,100.0,166.12,0
20:33:23,183.2,2,2,2,1097.69,284.8,261.73,234.33,97.69,300000.0,100.0,166.16,0
20:33:23,183.2,2,2,2,1097.84,284.9,261.83,234.43,97.74,300000.0,100.0,166.21,0
20:33:23,183.3,2,2,2,1097.99,285.01,261.94,234.53,97.78,300000.0,100.0,166.25,0
20:33:23,183.4,2,2,2,1098.14,285.11,262.04,234.63,97.82,300000.0,100.0,166.3,0
20:33:23,183.4,2,2,2,1098.3,285.23,262.15,234.73,97.87,300000.0,100.0,166.34,0
20:33:23,183.5,2,2,2,1098.46,285.34,262.27,234.84,97.91,300000.0,100.0,166.38,0
20:33:23,183.5,2,2,2,1098.61,285.45,262.37,234.94,97.96,300000.0,100.0,166.43,0
20:33:23,183.6,2,2,2,1098.78,285.57,262.49,235.05,98.0,300000.0,100.0,166.47,0
20:33:24,183.6,2,2,2,1098.93,285.67,262.59,235.15,98.05,300000.0,100.0,166.52,0
20:33:24,183.7,2,2,2,1099.07,285.78,262.7,235.25,98.09,300000.0,100.0,165.56,0
20:33:24,183.7,2,2,2,1099.22,285.88,262.8,235.35,98.13,300000.0,100.0,165.61,0
20:33:24,183.8,2,2,2,1099.41,286.02,262.94,235.48,98.18,300000.0,100.0,165.65,0
20:33:24,183.9,2,2,2,1099.57,286.13,263.04,235.58,98.23,300000.0,100.0,164.69,0
20:33:24,183.9,2,2,2,1099.71,286.24,263.15,235.68,98.27,300000.0,100.0,164.74,0
20:33:24,184.0,2,2,2,1099.86,286.34,263.25,235.78,98.31,300000.0,100.0,164.78,0
20:33:24,184.0,2,2,2,1100.06,286.49,263.39,235.91,98.37,300000.0,100.0,164.82,0
20:33:24,184.1,2,2,2,1100.21,286.59,263.5,236.01,98.41,300000.0,100.0,163.87,0
20:33:24,184.1,2,2,2,1100.36,286.7,263.6,236.11,98.46,300000.0,100.0,163.91,0
20:33:24,184.2,2,2,2,1100.51,286.81,263.71,236.22,98.5,300000.0,100.0,163.96,0
20:33:24,184.3,2,2,2,1100.71,286.94,263.85,236.34,98.55,300000.0,100.0,164.0,0
20:33:24,184.3,2,2,2,1100.86,287.05,263.95,236.45,98.6,300000.0,100.0,163.04,0
20:33:24,184.4,2,2,2,1101.0,287.16,264.06,236.54,98.64,300000.0,100.0,163.09,0
20:33:24,184.4,2,2,2,1101.15,287.26,264.16,236.64,98.68,300000.0,100.0,163.13,0
20:33:24,184.5,2,2,2,1101.31,287.37,264.27,236.75,98.73,300000.0,100.0,162.18,0
20:33:24,184.5,2,2,2,1101.46,287.48,264.38,236.85,98.77,300000.0,100.0,162.22,0
20:33:24,184.6,2,2,2,1101.61,287.59,264.48,236.95,98.81,300000.0,100.0,162.26,0
20:33:25,184.6,2,2,2,1101.75,287.69,264.59,237.05,98.86,300000.0,100.0,162.31,0
20:33:25,184.7,2,2,2,1101.91,287.8,264.69,237.15,98.9,300000.0,100.0,161.35,0
20:33:25,184.7,2,2,2,1102.06,287.91,264.8,237.25,98.94,300000.0,100.0,161.39,0
20:33:25,184.8,2,2,2,1102.21,288.02,264.9,237.35,98.99,300000.0,100.0,160.44,0
20:33:25,184.9,2,2,2,1102.37,288.14,265.02,237.47,99.03,300000.0,100.0,160.48,0
20:33:25,184.9,2,2,2,1102.54,288.26,265.14,237.58,99.08,300000.0,100.0,160.52,0
20:33:25,185.0,2,2,2,1102.69,288.37,265.25,237.68,99.13,300000.0,100.0,159.57,0
20:33:25,185.0,2,2,2,1102.84,288.47,265.35,237.78,99.17,300000.0,100.0,159.61,0
20:33:25,185.1,2,2,2,1103.0,288.59,265.47,237.89,99.22,300000.0,100.0,159.65,0
20:33:25,185.1,2,2,2,1103.15,288.7,265.57,237.99,99.26,300000.0,100.0,159.7,0
20:33:25,185.2,2,2,2,1103.3,288.8,265.68,238.09,99.3,300000.0,100.0,158.74,0
20:33:25,185.2,2,2,2,1103.45,288.91,265.78,238.19,99.34,300000.0,100.0,158.78,0
20:33:25,185.3,2,2,2,1103.61,289.02,265.9,238.3,99.39,300000.0,100.0,158.83,0
20:33:25,185.4,2,2,2,1103.76,289.13,266.0,238.4,99.43,300000.0,100.0,158.87,0
20:33:25,185.4,2,2,2,1103.9,289.24,266.1,238.49,99.48,300000.0,100.0,158.91,0
20:33:25,185.5,2,2,2,1104.06,289.35,266.21,238.6,99.52,300000.0,100.0,158.96,0
20:33:25,185.5,2,2,2,1104.2,289.45,266.32,238.7,99.56,300000.0,100.0,159.0,0
20:33:25,185.6,2,2,2,1104.34,289.55,266.42,238.79,99.6,300000.0,100.0,159.04,0
20:33:26,185.6,2,2,2,1104.49,289.66,266.52,238.89,99.65,300000.0,100.0,159.09,0
20:33:26,185.7,2,2,2,1104.65,289.77,266.63,239.0,99.69,300000.0,100.0,159.13,0
20:33:26,185.7,2,2,2,1104.79,289.88,266.74,239.1,99.73,300000.0,100.0,159.17,0
20:33:26,185.8,2,2,2,1104.94,289.98,266.84,239.2,99.78,300000.0,100.0,159.22,0
20:33:26,185.9,2,2,2,1105.11,290.1,266.96,239.31,99.82,300000.0,100.0,159.26,0
20:33:26,185.9,2,2,2,1105.25,290.21,267.06,239.41,99.87,300000.0,100.0,159.3,0
20:33:26,186.0,2,2,2,1105.4,290.31,267.17,239.5,99.91,300000.0,100.0,159.35,0
20:33:26,186.0,2,2,2,1105.54,290.42,267.27,239.6,99.95,300000.0,100.0,159.39,0
20:33:26,186.1,2,2,2,1105.7,290.53,267.38,239.71,99.99,300000.0,100.0,159.43,0
20:33:26,186.1,2,2,2,1105.84,290.63,267.48,239.8,100.04,300000.0,100.0,159.47,0
20:33:26,186.2,2,2,2,1105.98,290.73,267.58,239.9,100.08,300000.0,100.0,159.52,0
20:33:26,186.2,2,2,2,1106.13,290.84,267.69,240.0,100.12,300000.0,100.0,159.56,0
20:33:26,186.3,2,2,2,1106.28,290.95,267.8,240.1,100.17,300000.0,100.0,159.6,0
20:33:26,186.3,2,2,2,1106.42,291.05,267.9,240.2,100.21,300000.0,100.0,159.65,0
20:33:26,186.4,2,2,2,1106.58,291.16,268.0,240.3,100.25,300000.0,100.0,159.69,0
20:33:26,186.4,2,2,2,1106.72,291.27,268.11,240.4,100.29,300000.0,100.0,159.73,0
20:33:26,186.5,2,2,2,1106.86,291.37,268.21,240.49,100.33,300000.0,100.0,159.77,0
20:33:26,186.6,2,2,2,1107.02,291.48,268.32,240.6,100.38,300000.0,100.0,159.82,0
20:33:26,186.6,2,2,2,1107.16,291.58,268.42,240.7,100.42,300000.0,100.0,159.86,0
20:33:27,186.7,2,2,2,1107.3,291.69,268.52,240.79,100.46,300000.0,100.0,159.9,0
20:33:27,186.7,2,2,2,1107.45,291.79,268.63,240.9,100.51,300000.0,100.0,159.95,0
20:33:27,186.8,2,2,2,1107.6,291.9,268.73,240.99,100.55,300000.0,100.0,159.99,0
20:33:27,186.8,2,2,2,1107.74,292.0,268.83,241.09,100.59,300000.0,100.0,160.03,0
20:33:27,186.9,2,2,2,1107.88,292.1,268.93,241.19,100.63,300000.0,100.0,160.07,0
20:33:27,186.9,2,2,2,1108.03,292.21,269.04,241.29,100.67,300000.0,100.0,160.12,0
20:33:27,187.0,2,2,2,1108.17,292.31,269.14,241.38,100.71,300000.0,100.0,160.16,0
20:33:27,187.0,2,2,2,1108.31,292.42,269.24,241.48,100.76,300000.0,100.0,160.2,0
20:33:27,187.1,2,2,2,1108.45,292.52,269.34,241.58,100.8,300000.0,100.0,160.24,0
20:33:27,187.1,2,2,2,1108.59,292.62,269.44,241.67,100.84,300000.0,100.0,160.29,0
20:33:27,187.2,2,2,2,1108.73,292.72,269.54,241.77,100.88,300000.0,100.0,160.33,0
20:33:27,187.2,2,2,2,1108.87,292.82,269.64,241.86,100.92,300000.0,100.0,160.37,0
20:33:27,187.3,2,2,2,1109.01,292.93,269.74,241.96,100.96,300000.0,100.0,160.41,0
20:33:27,187.4,2,2,2,1109.15,293.03,269.84,242.05,101.0,300000.0,100.0,160.46,0
20:33:27,187.4,2,2,2,1109.3,293.14,269.95,242.16,101.05,300000.0,100.0,160.5,0
20:33:27,187.5,2,2,2,1109.45,293.24,270.05,242.25,101.09,300000.0,100.0,160.54,0
20:33:27,187.5,2,2,2,1109.58,293.34,270.15,242.35,101.13,300000.0,100.0,160.58,0
20:33:27,187.6,2,2,2,1109.72,293.44,270.25,242.44,101.17,300000.0,100.0,160.62,0
20:33:27,187.6,2,2,2,1109.87,293.55,270.36,242.54,101.21,300000.0,100.0,160.67,0
20:33:28,187.7,2,2,2,1110.01,293.65,270.46,242.64,101.25,300000.0,100.0,160.71,0
20:33:28,187.7,2,2,2,1110.16,293.76,270.57,242.74,101.3,300000.0,100.0,160.75,0
20:33:28,187.8,2,2,2,1110.31,293.87,270.67,242.84,101.34,300000.0,100.0,160.79,0
20:33:28,187.9,2,2,2,1110.49,294.0,270.8,242.96,101.39,300000.0,100.0,160.83,0
20:33:28,187.9,2,2,2,1110.64,294.11,270.91,243.07,101.44,300000.0,100.0,160.87,0
20:33:28,188.0,2,2,2,1110.82,294.24,271.04,243.19,101.49,300000.0,100.0,160.92,0
20:33:28,188.0,2,2,2,1110.96,294.34,271.14,243.28,101.53,300000.0,100.0,160.96,0
20:33:28,188.1,2,2,2,1111.1,294.44,271.24,243.38,101.57,300000.0,100.0,161.0,0
20:33:28,188.1,2,2,2,1111.25,294.55,271.35,243.49,101.62,300000.0,100.0,161.04,0
20:33:28,188.2,2,2,2,1111.39,294.66,271.45,243.58,101.66,300000.0,100.0,160.08,0
20:33:28,188.3,2,2,2,1111.53,294.76,271.55,243.68,101.7,300000.0,100.0,160.12,0
20:33:28,188.3,2,2,2,1111.68,294.87,271.66,243.78,101.74,300000.0,100.0,160.17,0
20:33:28,188.4,2,2,2,1111.84,294.98,271.77,243.89,101.79,300000.0,100.0,160.21,0
20:33:28,188.4,2,2,2,1111.98,295.08,271.87,243.98,101.83,300000.0,100.0,159.25,0
20:33:28,188.5,2,2,2,1112.12,295.18,271.97,244.08,101.87,300000.0,100.0,159.29,0
20:33:28,188.5,2,2,2,1112.26,295.29,272.07,244.18,101.91,300000.0,100.0,159.33,0
20:33:28,188.6,2,2,2,1112.41,295.39,272.18,244.28,101.96,300000.0,100.0,158.37,0
20:33:29,188.7,2,2,2,1112.6,295.54,272.32,244.41,102.01,300000.0,100.0,158.41,0
20:33:29,188.7,2,2,2,1112.75,295.64,272.42,244.51,102.06,300000.0,100.0,158.45,0
20:33:29,188.8,2,2,2,1112.9,295.75,272.53,244.61,102.1,300000.0,100.0,158.5,0
20:33:29,188.8,2,2,2,1113.06,295.87,272.64,244.72,102.15,300000.0,100.0,158.54,0
20:33:29,188.9,2,2,2,1113.2,295.97,272.75,244.82,102.19,300000.0,100.0,157.58,0
20:33:29,188.9,2,2,2,1113.36,296.09,272.86,244.93,102.24,300000.0,100.0,157.62,0
20:33:29,189.0,2,2,2,1113.5,296.19,272.96,245.02,102.28,300000.0,100.0,157.66,0
20:33:29,189.1,2,2,2,1113.65,296.3,273.07,245.13,102.32,300000.0,100.0,157.7,0
20:33:29,189.1,2,2,2,1113.81,296.42,273.19,245.24,102.37,300000.0,100.0,157.74,0
20:33:29,189.2,2,2,2,1113.95,296.52,273.29,245.33,102.41,300000.0,100.0,156.78,0
20:33:29,189.2,2,2,2,1114.09,296.63,273.39,245.43,102.45,300000.0,100.0,156.82,0
20:33:29,189.3,2,2,2,1114.26,296.75,273.51,245.54,102.5,300000.0,100.0,155.86,0
20:33:29,189.3,2,2,2,1114.4,296.85,273.61,245.64,102.54,300000.0,100.0,155.91,0
20:33:29,189.4,2,2,2,1114.53,296.95,273.71,245.73,102.58,300000.0,100.0,155.95,0
20:33:29,189.5,2,2,2,1114.68,297.06,273.82,245.84,102.63,300000.0,100.0,154.99,0
20:33:29,189.5,2,2,2,1114.86,297.18,273.94,245.96,102.68,300000.0,100.0,155.04,0
20:33:29,189.6,2,2,2,1115.0,297.29,274.05,246.06,102.72,300000.0,100.0,155.09,0
20:33:30,189.6,2,2,2,1115.14,297.39,274.15,246.15,102.76,300000.0,100.0,155.13,0
20:33:30,189.7,2,2,2,1115.27,297.49,274.24,246.24,102.8,300000.0,100.0,154.18,0
20:33:30,189.8,2,2,2,1115.44,297.61,274.36,246.35,102.85,300000.0,100.0,154.23,0
20:33:30,189.8,2,2,2,1115.59,297.72,274.47,246.46,102.9,300000.0,100.0,154.27,0
20:33:30,189.9,2,2,2,1115.72,297.82,274.57,246.55,102.94,300000.0,100.0,153.32,0
20:33:30,189.9,2,2,2,1115.87,297.92,274.67,246.65,102.98,300000.0,100.0,153.36,0
20:33:30,190.0,2,2,2,1116.03,298.04,274.79,246.76,103.03,300000.0,100.0,153.41,0
20:33:30,190.1,2,2,2,1116.19,298.16,274.91,246.87,103.07,300000.0,100.0,152.46,0
20:33:30,190.1,2,2,2,1116.34,298.27,275.01,246.98,103.12,300000.0,100.0,152.5,0
20:33:30,190.2,2,2,2,1116.48,298.37,275.11,247.07,103.16,300000.0,100.0,152.55,0
20:33:30,190.2,2,2,2,1116.62,298.48,275.22,247.17,103.2,300000.0,100.0,152.6,0
20:33:30,190.3,2,2,2,1116.76,298.58,275.31,247.26,103.24,300000.0,100.0,152.64,0
20:33:30,190.3,2,2,2,1116.89,298.67,275.41,247.35,103.28,300000.0,100.0,152.69,0
20:33:30,190.4,2,2,2,1117.03,298.77,275.51,247.45,103.32,300000.0,100.0,152.73,0
20:33:30,190.4,2,2,2,1117.18,298.88,275.62,247.55,103.37,300000.0,100.0,152.78,0
20:33:30,190.5,2,2,2,1117.32,298.99,275.72,247.65,103.41,300000.0,100.0,152.83,0
20:33:30,190.5,2,2,2,1117.46,299.09,275.82,247.75,103.45,300000.0,100.0,152.87,0
20:33:30,190.6,2,2,2,1117.6,299.2,275.93,247.85,103.49,300000.0,100.0,152.92,0
20:33:31,190.7,2,2,2,1117.75,299.3,276.03,247.95,103.54,300000.0,100.0,152.96,0
20:33:31,190.7,2,2,2,1117.88,299.4,276.13,248.04,103.58,300000.0,100.0,153.01,0
20:33:31,190.8,2,2,2,1118.02,299.5,276.23,248.14,103.62,300000.0,100.0,153.05,0
20:33:31,190.8,2,2,2,1118.16,299.6,276.33,248.23,103.66,300000.0,100.0,153.1,0
20:33:31,190.9,2,2,2,1118.29,299.7,276.42,248.32,103.7,300000.0,100.0,153.15,0
20:33:31,190.9,2,2,2,1118.42,299.8,276.52,248.41,103.74,300000.0,100.0,153.19,0
20:33:31,191.0,2,2,2,1118.56,299.9,276.62,248.51,103.78,300000.0,100.0,153.24,0
20:33:31,191.0,2,2,2,1118.7,300.0,276.72,248.6,103.82,300000.0,100.0,153.28,0
20:33:31,191.1,2,2,2,1118.83,300.1,276.82,248.7,103.86,300000.0,100.0,153.33,0
20:33:31,191.2,2,2,2,1119.0,300.23,276.94,248.81,103.91,300000.0,100.0,153.37,0
20:33:31,191.2,2,2,2,1119.14,300.33,277.04,248.91,103.95,300000.0,100.0,153.42,0
20:33:31,191.3,2,2,2,1119.27,300.42,277.14,249.0,103.99,300000.0,100.0,153.47,0
20:33:31,191.3,2,2,2,1119.4,300.52,277.23,249.09,104.03,300000.0,100.0,153.51,0
20:33:31,191.4,2,2,2,1119.55,300.63,277.34,249.19,104.07,300000.0,100.0,153.56,0
20:33:31,191.4,2,2,2,1119.69,300.73,277.44,249.29,104.11,300000.0,100.0,153.6,0
20:33:31,191.5,2,2,2,1119.82,300.82,277.53,249.38,104.15,300000.0,100.0,153.65,0
20:33:31,191.5,2,2,2,1119.95,300.93,277.63,249.47,104.19,300000.0,100.0,153.69,0
20:33:31,191.6,2,2,2,1120.09,301.02,277.73,249.56,104.23,300000.0,100.0,153.74,0
20:33:32,191.6,2,2,2,1120.22,301.12,277.83,249.66,104.27,300000.0,100.0,153.78,0
20:33:32,191.7,2,2,2,1120.36,301.22,277.93,249.75,104.31,300000.0,100.0,153.83,0
20:33:32,191.7,2,2,2,1120.49,301.32,278.02,249.84,104.35,300000.0,100.0,153.87,0
20:33:32,191.8,2,2,2,1120.62,301.41,278.12,249.93,104.39,300000.0,100.0,153.92,0
20:33:32,191.9,2,2,2,1120.76,301.52,278.22,250.03,104.43,300000.0,100.0,153.97,0
20:33:32,191.9,2,2,2,1120.89,301.62,278.32,250.12,104.47,300000.0,100.0,154.01,0
20:33:32,192.0,2,2,2,1121.02,301.71,278.41,250.21,104.51,300000.0,100.0,154.06,0
20:33:32,192.0,2,2,2,1121.16,301.82,278.51,250.31,104.55,300000.0,100.0,154.1,0
20:33:32,192.1,2,2,2,1121.29,301.91,278.61,250.4,104.59,300000.0,100.0,154.15,0
20:33:32,192.1,2,2,2,1121.42,302.01,278.7,250.49,104.63,300000.0,100.0,154.19,0
20:33:32,192.2,2,2,2,1121.57,302.12,278.81,250.59,104.68,300000.0,100.0,154.24,0
20:33:32,192.2,2,2,2,1121.7,302.22,278.91,250.69,104.72,300000.0,100.0,154.28,0
20:33:32,192.3,2,2,2,1121.83,302.31,279.0,250.78,104.76,300000.0,100.0,154.33,0
20:33:32,192.3,2,2,2,1121.96,302.41,279.1,250.87,104.79,300000.0,100.0,154.37,0
20:33:32,192.4,2,2,2,1122.1,302.51,279.19,250.96,104.83,300000.0,100.0,154.42,0
20:33:32,192.5,2,2,2,1122.22,302.6,279.29,251.05,104.87,300000.0,100.0,154.46,0
20:33:32,192.5,2,2,2,1122.35,302.7,279.38,251.14,104.91,300000.0,100.0,154.51,0
20:33:32,192.6,2,2,2,1122.51,302.82,279.5,251.25,104.96,300000.0,100.0,154.55,0
20:33:32,192.6,2,2,2,1122.64,302.91,279.59,251.34,105.0,300000.0,100.0,154.6,0
20:33:33,192.7,2,2,2,1122.77,303.01,279.69,251.43,105.04,300000.0,100.0,154.64,0
20:33:33,192.7,2,2,2,1122.91,303.11,279.79,251.52,105.08,300000.0,100.0,154.69,0
20:33:33,192.8,2,2,2,1123.04,303.2,279.88,251.61,105.12,300000.0,100.0,154.73,0
20:33:33,192.8,2,2,2,1123.17,303.3,279.98,251.7,105.16,300000.0,100.0,154.78,0
20:33:33,192.9,2,2,2,1123.3,303.39,280.07,251.79,105.19,300000.0,100.0,154.82,0
20:33:33,192.9,2,2,2,1123.44,303.5,280.18,251.89,105.24,300000.0,100.0,154.86,0
20:33:33,193.0,2,2,2,1123.58,303.6,280.27,251.99,105.28,300000.0,100.0,154.91,0
20:33:33,193.1,2,2,2,1123.7,303.7,280.37,252.08,105.32,300000.0,100.0,154.95,0
20:33:33,193.1,2,2,2,1123.85,303.8,280.47,252.18,105.36,300000.0,100.0,155.0,0
20:33:33,193.2,2,2,2,1123.98,303.9,280.57,252.27,105.4,300000.0,100.0,155.04,0
20:33:33,193.2,2,2,2,1124.1,303.99,280.66,252.36,105.44,300000.0,100.0,155.09,0
20:33:33,193.3,2,2,2,1124.24,304.1,280.76,252.45,105.48,300000.0,100.0,155.13,0
20:33:33,193.3,2,2,2,1124.37,304.19,280.86,252.55,105.52,300000.0,100.0,155.18,0
20:33:33,193.4,2,2,2,1124.5,304.29,280.95,252.64,105.56,300000.0,100.0,155.22,0
20:33:33,193.4,2,2,2,1124.63,304.38,281.05,252.73,105.6,300000.0,100.0,155.27,0
20:33:33,193.5,2,2,2,1124.77,304.48,281.15,252.82,105.64,300000.0,100.0,155.31,0
20:33:33,193.5,2,2,2,1124.89,304.58,281.24,252.91,105.67,300000.0,100.0,155.35,0
20:33:33,193.6,2,2,2,1125.02,304.67,281.33,253.0,105.71,300000.0,100.0,155.4,0
20:33:34,193.7,2,2,2,1125.15,304.77,281.43,253.09,105.75,300000.0,100.0,155.44,0
20:33:34,193.7,2,2,2,1125.29,304.88,281.53,253.19,105.8,300000.0,100.0,155.49,0
20:33:34,193.8,2,2,2,1125.42,304.97,281.63,253.28,105.83,300000.0,100.0,155.53,0
20:33:34,193.8,2,2,2,1125.55,305.07,281.72,253.37,105.87,300000.0,100.0,155.58,0
20:33:34,193.9,2,2,2,1125.69,305.17,281.82,253.46,105.91,300000.0,100.0,155.62,0
20:33:34,193.9,2,2,2,1125.81,305.26,281.91,253.55,105.95,300000.0,100.0,155.66,0
20:33:34,194.0,2,2,2,1125.94,305.35,282.0,253.64,105.99,300000.0,100.0,155.71,0
20:33:34,194.0,2,2,2,1126.07,305.45,282.1,253.73,106.03,300000.0,100.0,155.75,0
20:33:34,194.1,2,2,2,1126.19,305.55,282.19,253.82,106.07,300000.0,100.0,155.8,0
20:33:34,194.1,2,2,2,1126.33,305.64,282.29,253.91,106.11,300000.0,100.0,155.84,0
20:33:34,194.2,2,2,2,1126.45,305.74,282.38,254.0,106.15,300000.0,100.0,155.88,0
20:33:34,194.2,2,2,2,1126.59,305.84,282.48,254.09,106.18,300000.0,100.0,155.93,0
20:33:34,194.3,2,2,2,1126.71,305.93,282.57,254.18,106.22,300000.0,100.0,155.97,0
20:33:34,194.4,2,2,2,1126.84,306.02,282.66,254.27,106.26,300000.0,100.0,156.02,0
20:33:34,194.4,2,2,2,1126.97,306.12,282.76,254.36,106.3,300000.0,100.0,156.06,0
20:33:34,194.5,2,2,2,1127.11,306.23,282.87,254.46,106.34,300000.0,100.0,156.1,0
20:33:34,194.5,2,2,2,1127.24,306.32,282.96,254.55,106.38,300000.0,100.0,156.15,0
20:33:34,194.6,2,2,2,1127.38,306.43,283.07,254.65,106.43,300000.0,100.0,156.19,0
20:33:35,194.6,2,2,2,1127.51,306.52,283.16,254.74,106.46,300000.0,100.0,156.24,0
20:33:35,194.7,2,2,2,1127.63,306.62,283.25,254.82,106.5,300000.0,100.0,156.28,0
20:33:35,194.7,2,2,2,1127.78,306.72,283.36,254.92,106.55,300000.0,100.0,156.32,0
20:33:35,194.8,2,2,2,1127.9,306.82,283.45,255.01,106.58,300000.0,100.0,156.37,0
20:33:35,194.9,2,2,2,1128.03,306.91,283.54,255.1,106.62,300000.0,100.0,156.41,0
20:33:35,194.9,2,2,2,1128.17,307.02,283.64,255.2,106.66,300000.0,100.0,156.45,0
20:33:35,195.0,2,2,2,1128.3,307.11,283.74,255.29,106.7,300000.0,100.0,156.5,0
20:33:35,195.0,2,2,2,1128.43,307.21,283.83,255.38,106.74,300000.0,100.0,156.54,0
20:33:35,195.1,2,2,2,1128.57,307.32,283.94,255.48,106.79,300000.0,100.0,156.59,0
20:33:35,195.1,2,2,2,1128.7,307.41,284.03,255.57,106.82,300000.0,100.0,156.63,0
20:33:35,195.2,2,2,2,1128.82,307.5,284.13,255.66,106.86,300000.0,100.0,156.67,0
20:33:35,195.2,2,2,2,1128.95,307.6,284.22,255.75,106.9,300000.0,100.0,156.72,0
20:33:35,195.3,2,2,2,1129.08,307.7,284.32,255.84,106.94,300000.0,100.0,156.76,0
20:33:35,195.3,2,2,2,1129.21,307.79,284.41,255.93,106.98,300000.0,100.0,156.8,0
20:33:35,195.4,2,2,2,1129.33,307.88,284.5,256.02,107.02,300000.0,100.0,156.85,0
20:33:35,195.5,2,2,2,1129.47,307.98,284.6,256.11,107.06,300000.0,100.0,156.89,0
20:33:35,195.5,2,2,2,1129.59,308.08,284.69,256.2,107.1,300000.0,100.0,156.93,0
20:33:35,195.6,2,2,2,1129.72,308.17,284.78,256.29,107.13,300000.0,100.0,156.98,0
20:33:35,195.6,2,2,2,1129.85,308.27,284.88,256.38,107.17,300000.0,100.0,157.02,0
20:33:36,195.7,2,2,2,1129.98,308.36,284.97,256.47,107.21,300000.0,100.0,157.06,0
20:33:36,195.7,2,2,2,1130.1,308.46,285.07,256.55,107.25,300000.0,100.0,157.11,0
20:33:36,195.8,2,2,2,1130.22,308.55,285.16,256.64,107.29,300000.0,100.0,157.15,0
20:33:36,195.8,2,2,2,1130.36,308.65,285.26,256.74,107.33,300000.0,100.0,157.19,0
20:33:36,195.9,2,2,2,1130.48,308.74,285.35,256.82,107.37,300000.0,100.0,157.24,0
20:33:36,195.9,2,2,2,1130.61,308.83,285.44,256.91,107.4,300000.0,100.0,157.28,0
20:33:36,196.0,2,2,2,1130.74,308.94,285.54,257.01,107.45,300000.0,100.0,157.32,0
20:33:36,196.1,2,2,2,1130.87,309.03,285.63,257.1,107.48,300000.0,100.0,157.36,0
20:33:36,196.1,2,2,2,1130.99,309.12,285.72,257.18,107.52,300000.0,100.0,157.41,0
20:33:36,196.2,2,2,2,1131.12,309.22,285.82,257.27,107.56,300000.0,100.0,157.45,0
20:33:36,196.2,2,2,2,1131.24,309.31,285.91,257.36,107.6,300000.0,100.0,157.49,0
20:33:36,196.3,2,2,2,1131.37,309.4,286.0,257.44,107.63,300000.0,100.0,157.54,0
20:33:36,196.3,2,2,2,1131.5,309.5,286.1,257.54,107.67,300000.0,100.0,157.58,0
20:33:36,196.4,2,2,2,1131.62,309.59,286.19,257.63,107.71,300000.0,100.0,157.62,0
20:33:36,196.4,2,2,2,1131.74,309.68,286.28,257.71,107.75,300000.0,100.0,157.67,0
20:33:36,196.5,2,2,2,1131.87,309.78,286.37,257.8,107.79,300000.0,100.0,157.71,0
20:33:36,196.6,2,2,2,1132.02,309.89,286.48,257.9,107.83,300000.0,100.0,157.75,0
20:33:36,196.6,2,2,2,1132.14,309.98,286.57,257.99,107.87,300000.0,100.0,157.79,0
20:33:37,196.7,2,2,2,1132.26,310.07,286.66,258.08,107.91,300000.0,100.0,157.84,0
20:33:37,196.7,2,2,2,1132.4,310.18,286.77,258.18,107.95,300000.0,100.0,157.88,0
20:33:37,196.8,2,2,2,1132.53,310.27,286.86,258.26,107.99,300000.0,100.0,157.92,0
20:33:37,196.8,2,2,2,1132.65,310.36,286.95,258.35,108.02,300000.0,100.0,157.97,0
20:33:37,196.9,2,2,2,1132.78,310.46,287.05,258.44,108.07,300000.0,100.0,158.01,0
20:33:37,196.9,2,2,2,1132.9,310.55,287.14,258.53,108.1,300000.0,100.0,158.05,0
20:33:37,197.0,2,2,2,1133.02,310.64,287.22,258.61,108.14,300000.0,100.0,158.09,0
20:33:37,197.1,2,2,2,1133.19,310.76,287.34,258.73,108.19,300000.0,100.0,158.14,0
20:33:37,197.1,2,2,2,1133.31,310.86,287.44,258.81,108.23,300000.0,100.0,158.18,0
20:33:37,197.2,2,2,2,1133.43,310.95,287.52,258.9,108.26,300000.0,100.0,158.22,0
20:33:37,197.2,2,2,2,1133.57,311.05,287.63,259.0,108.31,300000.0,100.0,158.26,0
20:33:37,197.3,2,2,2,1133.69,311.14,287.72,259.08,108.34,300000.0,100.0,158.31,0
20:33:37,197.3,2,2,2,1133.81,311.23,287.81,259.17,108.38,300000.0,100.0,158.35,0
20:33:37,197.4,2,2,2,1133.94,311.33,287.91,259.26,108.42,300000.0,100.0,158.39,0
20:33:37,197.4,2,2,2,1134.07,311.43,288.0,259.35,108.46,300000.0,100.0,158.43,0
20:33:37,197.5,2,2,2,1134.19,311.52,288.09,259.44,108.5,300000.0,100.0,158.48,0
20:33:37,197.6,2,2,2,1134.31,311.61,288.18,259.52,108.53,300000.0,100.0,158.52,0
20:33:37,197.6,2,2,2,1134.45,311.71,288.28,259.62,108.58,300000.0,100.0,158.56,0
20:33:38,197.7,2,2,2,1134.57,311.8,288.37,259.71,108.61,300000.0,100.0,158.6,0
20:33:38,197.7,2,2,2,1134.69,311.89,288.46,259.79,108.65,300000.0,100.0,158.64,0
20:33:38,197.8,2,2,2,1134.82,311.99,288.56,259.88,108.69,300000.0,100.0,158.69,0
20:33:38,197.8,2,2,2,1134.94,312.08,288.65,259.97,108.73,300000.0,100.0,158.73,0
20:33:38,197.9,2,2,2,1135.06,312.17,288.73,260.05,108.76,300000.0,100.0,158.77,0
20:33:38,197.9,2,2,2,1135.19,312.27,288.83,260.15,108.8,300000.0,100.0,158.81,0
20:33:38,198.0,2,2,2,1135.31,312.36,288.92,260.23,108.84,300000.0,100.0,158.86,0
20:33:38,198.0,2,2,2,1135.43,312.45,289.01,260.31,108.88,300000.0,100.0,158.9,0
20:33:38,198.1,2,2,2,1135.56,312.55,289.11,260.41,108.91,300000.0,100.0,158.94,0
20:33:38,198.1,2,2,2,1135.68,312.64,289.19,260.49,108.95,300000.0,100.0,158.98,0
20:33:38,198.2,2,2,2,1135.8,312.73,289.28,260.57,108.99,300000.0,100.0,159.02,0
20:33:38,198.3,2,2,2,1135.93,312.82,289.38,260.67,109.03,300000.0,100.0,159.07,0
20:33:38,198.3,2,2,2,1136.05,312.92,289.47,260.75,109.06,300000.0,100.0,159.11,0
20:33:38,198.4,2,2,2,1136.17,313.0,289.56,260.84,109.1,300000.0,100.0,159.15,0
20:33:38,198.4,2,2,2,1136.3,313.1,289.65,260.93,109.14,300000.0,100.0,159.19,0
20:33:38,198.5,2,2,2,1136.42,313.19,289.74,261.01,109.18,300000.0,100.0,159.23,0
20:33:38,198.5,2,2,2,1136.54,313.28,289.83,261.1,109.22,300000.0,100.0,159.28,0
20:33:38,198.6,2,2,2,1136.66,313.37,289.92,261.18,109.25,300000.0,100.0,159.32,0
20:33:39,198.6,2,2,2,1136.8,313.48,290.02,261.28,109.29,300000.0,100.0,159.36,0
20:33:39,198.7,2,2,2,1136.92,313.57,290.12,261.37,109.33,300000.0,100.0,159.4,0
20:33:39,198.8,2,2,2,1137.04,313.66,290.2,261.45,109.37,300000.0,100.0,159.44,0
20:33:39,198.8,2,2,2,1137.18,313.76,290.31,261.55,109.41,300000.0,100.0,159.48,0
20:33:39,198.9,2,2,2,1137.29,313.85,290.39,261.63,109.45,300000.0,100.0,159.53,0
20:33:39,198.9,2,2,2,1137.42,313.95,290.49,261.72,109.48,300000.0,100.0,159.57,0
20:33:39,199.0,2,2,2,1137.55,314.04,290.58,261.81,109.52,300000.0,100.0,159.61,0
20:33:39,199.0,2,2,2,1137.67,314.14,290.67,261.9,109.56,300000.0,100.0,159.65,0
20:33:39,199.1,2,2,2,1137.81,314.24,290.78,262.0,109.6,300000.0,100.0,159.69,0
20:33:39,199.2,2,2,2,1137.93,314.33,290.87,262.08,109.64,300000.0,100.0,159.73,0
20:33:39,199.2,2,2,2,1138.05,314.42,290.95,262.17,109.68,300000.0,100.0,159.78,0
20:33:39,199.3,2,2,2,1138.16,314.51,291.04,262.25,109.71,300000.0,100.0,159.82,0
20:33:39,199.3,2,2,2,1138.3,314.61,291.14,262.35,109.76,300000.0,100.0,159.86,0
20:33:39,199.4,2,2,2,1138.42,314.7,291.24,262.44,109.79,300000.0,100.0,159.9,0
20:33:39,199.4,2,2,2,1138.55,314.8,291.33,262.52,109.83,300000.0,100.0,159.94,0
20:33:39,199.5,2,2,2,1138.68,314.89,291.42,262.62,109.87,300000.0,100.0,159.98,0
20:33:39,199.5,2,2,2,1138.8,314.99,291.51,262.7,109.91,300000.0,100.0,160.02,0
20:33:39,199.6,2,2,2,1138.92,315.08,291.6,262.79,109.95,300000.0,100.0,160.07,0
20:33:40,199.6,2,2,2,1139.03,315.16,291.69,262.87,109.98,300000.0,100.0,160.11,0
20:33:40,199.7,2,2,2,1139.15,315.25,291.78,262.95,110.02,300000.0,100.0,160.15,0
20:33:40,199.8,2,2,2,1139.27,315.34,291.86,263.04,110.05,300000.0,100.0,160.19,0
20:33:40,199.8,2,2,2,1139.41,315.45,291.97,263.14,110.1,300000.0,100.0,160.23,0
20:33:40,199.9,2,2,2,1139.54,315.54,292.06,263.23,110.14,300000.0,100.0,160.27,0
20:33:40,199.9,2,2,2,1139.66,315.64,292.16,263.31,110.17,300000.0,100.0,160.31,0
20:33:40,200.0,2,2,2,1139.78,315.72,292.24,263.4,110.21,300000.0,100.0,160.35,0
20:33:40,200.0,2,2,2,1139.92,315.83,292.35,263.5,110.25,300000.0,100.0,160.39,0
20:33:40,200.1,2,2,2,1140.04,315.92,292.44,263.59,110.29,300000.0,100.0,160.44,0
20:33:40,200.2,2,2,2,1140.16,316.01,292.53,263.67,110.33,300000.0,100.0,160.48,0
20:33:40,200.2,2,2,2,1140.31,316.13,292.64,263.77,110.37,300000.0,100.0,160.52,0
20:33:40,200.3,2,2,2,1140.42,316.21,292.73,263.86,110.41,300000.0,100.0,160.56,0
20:33:40,200.3,2,2,2,1140.54,316.3,292.81,263.94,110.45,300000.0,100.0,160.6,0
20:33:40,200.4,2,2,2,1140.67,316.4,292.91,264.03,110.49,300000.0,100.0,160.64,0
20:33:40,200.4,2,2,2,1140.79,316.49,293.0,264.12,110.52,300000.0,100.0,160.68,0
20:33:40,200.5,2,2,2,1140.9,316.57,293.08,264.2,110.56,300000.0,100.0,160.72,0
20:33:40,200.5,2,2,2,1141.02,316.67,293.17,264.29,110.59,300000.0,100.0,160.76,0
20:33:40,200.6,2,2,2,1141.14,316.75,293.26,264.37,110.63,300000.0,100.0,160.8,0
20:33:41,200.7,2,2,2,1141.26,316.84,293.35,264.45,110.67,300000.0,100.0,160.85,0
20:33:41,200.7,2,2,2,1141.39,316.94,293.45,264.54,110.71,300000.0,100.0,160.89,0
20:33:41,200.8,2,2,2,1141.53,317.05,293.55,264.65,110.75,300000.0,100.0,160.93,0
20:33:41,200.8,2,2,2,1141.65,317.14,293.64,264.73,110.79,300000.0,100.0,160.97,0
20:33:41,200.9,2,2,2,1141.76,317.22,293.72,264.81,110.82,300000.0,100.0,161.01,0
20:33:41,201.0,2,2,2,1141.89,317.33,293.82,264.9,110.86,300000.0,100.0,161.05,0
20:33:41,201.0,2,2,2,1142.04,317.44,293.93,265.01,110.91,300000.0,100.0,161.09,0
20:33:41,201.1,2,2,2,1142.15,317.52,294.02,265.09,110.94,300000.0,100.0,161.13,0
20:33:41,201.1,2,2,2,1142.28,317.62,294.11,265.18,110.98,300000.0,100.0,161.17,0
20:33:41,201.2,2,2,2,1142.4,317.71,294.2,265.26,111.02,300000.0,100.0,161.21,0
20:33:41,201.2,2,2,2,1142.52,317.8,294.29,265.35,111.06,300000.0,100.0,161.25,0
20:33:41,201.3,2,2,2,1142.64,317.89,294.38,265.44,111.09,300000.0,100.0,161.29,0
20:33:41,201.3,2,2,2,1142.76,317.98,294.47,265.52,111.13,300000.0,100.0,161.33,0
20:33:41,201.4,2,2,2,1142.87,318.07,294.56,265.6,111.17,300000.0,100.0,161.37,0
20:33:41,201.5,2,2,2,1142.99,318.15,294.64,265.68,111.2,300000.0,100.0,161.41,0
20:33:41,201.5,2,2,2,1143.11,318.25,294.73,265.77,111.24,300000.0,100.0,161.45,0
20:33:41,201.6,2,2,2,1143.22,318.33,294.82,265.85,111.27,300000.0,100.0,161.49,0
20:33:41,201.6,2,2,2,1143.34,318.42,294.9,265.93,111.31,300000.0,100.0,161.53,0
20:33:42,201.7,2,2,2,1143.47,318.52,295.0,266.03,111.35,300000.0,100.0,161.58,0
20:33:42,201.7,2,2,2,1143.59,318.61,295.09,266.11,111.39,300000.0,100.0,161.62,0
20:33:42,201.8,2,2,2,1143.7,318.69,295.17,266.19,111.42,300000.0,100.0,161.66,0
20:33:42,201.9,2,2,2,1143.86,318.82,295.3,266.31,111.47,300000.0,100.0,161.7,0
20:33:42,201.9,2,2,2,1143.98,318.9,295.38,266.39,111.51,300000.0,100.0,161.74,0
20:33:42,202.0,2,2,2,1144.09,318.99,295.47,266.47,111.54,300000.0,100.0,161.78,0
20:33:42,202.0,2,2,2,1144.22,319.08,295.56,266.56,111.58,300000.0,100.0,161.82,0
20:33:42,202.1,2,2,2,1144.35,319.19,295.66,266.66,111.62,300000.0,100.0,161.86,0
20:33:42,202.2,2,2,2,1144.47,319.27,295.75,266.74,111.66,300000.0,100.0,161.9,0
20:33:42,202.2,2,2,2,1144.61,319.38,295.86,266.84,111.7,300000.0,100.0,161.94,0
20:33:42,202.3,2,2,2,1144.72,319.47,295.94,266.92,111.74,300000.0,100.0,161.98,0
20:33:42,202.3,2,2,2,1144.83,319.55,296.02,267.0,111.77,300000.0,100.0,162.02,0
20:33:42,202.4,2,2,2,1144.96,319.65,296.12,267.09,111.81,300000.0,100.0,162.06,0
20:33:42,202.4,2,2,2,1145.08,319.74,296.21,267.18,111.85,300000.0,100.0,162.1,0
20:33:42,202.5,2,2,2,1145.19,319.82,296.29,267.26,111.88,300000.0,100.0,162.14,0
20:33:42,202.5,2,2,2,1145.32,319.93,296.39,267.35,111.93,300000.0,100.0,162.18,0
20:33:42,202.6,2,2,2,1145.44,320.01,296.48,267.44,111.96,300000.0,100.0,162.22,0
20:33:43,202.6,2,2,2,1145.55,320.1,296.56,267.51,111.99,300000.0,100.0,162.26,0
20:33:43,202.7,2,2,2,1145.66,320.18,296.64,267.59,112.03,300000.0,100.0,162.3,0
20:33:43,202.8,2,2,2,1145.81,320.29,296.75,267.7,112.07,300000.0,100.0,162.34,0
20:33:43,202.8,2,2,2,1145.93,320.39,296.85,267.79,112.11,300000.0,100.0,162.38,0
20:33:43,202.9,2,2,2,1146.04,320.47,296.93,267.87,112.15,300000.0,100.0,162.42,0
20:33:43,202.9,2,2,2,1146.16,320.56,297.02,267.95,112.18,300000.0,100.0,162.46,0
20:33:43,203.0,2,2,2,1146.27,320.64,297.1,268.03,112.22,300000.0,100.0,162.5,0
20:33:43,203.0,2,2,2,1146.38,320.73,297.18,268.11,112.25,300000.0,100.0,162.54,0
20:33:43,203.1,2,2,2,1146.49,320.81,297.27,268.19,112.29,300000.0,100.0,162.57,0
20:33:43,203.1,2,2,2,1146.6,320.9,297.35,268.27,112.32,300000.0,100.0,162.61,0
20:33:43,203.2,2,2,2,1146.72,320.98,297.44,268.35,112.36,300000.0,100.0,162.65,0
20:33:43,203.3,2,2,2,1146.83,321.07,297.52,268.43,112.39,300000.0,100.0,162.69,0
20:33:43,203.3,2,2,2,1146.95,321.16,297.61,268.52,112.43,300000.0,100.0,162.73,0
20:33:43,203.4,2,2,2,1147.06,321.24,297.69,268.59,112.46,300000.0,100.0,162.77,0
20:33:43,203.4,2,2,2,1147.18,321.33,297.78,268.68,112.5,300000.0,100.0,162.81,0
20:33:43,203.5,2,2,2,1147.29,321.42,297.87,268.76,112.54,300000.0,100.0,162.85,0
20:33:43,203.5,2,2,2,1147.41,321.51,297.96,268.85,112.57,300000.0,100.0,162.89,0
20:33:43,203.6,2,2,2,1147.53,321.6,298.05,268.93,112.61,300000.0,100.0,162.93,0
20:33:44,203.6,2,2,2,1147.64,321.68,298.13,269.01,112.64,300000.0,100.0,162.97,0
20:33:44,203.7,2,2,2,1147.75,321.77,298.22,269.09,112.68,300000.0,100.0,163.01,0
20:33:44,203.7,2,2,2,1147.87,321.86,298.3,269.18,112.72,300000.0,100.0,163.05,0
20:33:44,203.8,2,2,2,1147.98,321.95,298.39,269.26,112.75,300000.0,100.0,163.09,0
20:33:44,203.9,2,2,2,1148.09,322.03,298.47,269.34,112.79,300000.0,100.0,163.13,0
20:33:44,203.9,2,2,2,1148.22,322.13,298.57,269.43,112.83,300000.0,100.0,163.17,0
20:33:44,204.0,2,2,2,1148.33,322.21,298.65,269.51,112.86,300000.0,100.0,163.21,0
20:33:44,204.0,2,2,2,1148.44,322.3,298.74,269.59,112.9,300000.0,100.0,163.24,0
20:33:44,204.1,2,2,2,1148.57,322.39,298.83,269.68,112.93,300000.0,100.0,163.28,0
20:33:44,204.1,2,2,2,1148.68,322.48,298.91,269.76,112.97,300000.0,100.0,163.32,0
20:33:44,204.2,2,2,2,1148.79,322.56,298.99,269.84,113.0,300000.0,100.0,163.36,0
20:33:44,204.2,2,2,2,1148.9,322.65,299.08,269.92,113.04,300000.0,100.0,163.4,0
20:33:44,204.3,2,2,2,1149.01,322.73,299.17,270.0,113.07,300000.0,100.0,163.44,0
20:33:44,204.4,2,2,2,1149.13,322.82,299.26,270.08,113.11,300000.0,100.0,163.48,0
20:33:44,204.4,2,2,2,1149.24,322.91,299.34,270.16,113.14,300000.0,100.0,163.52,0
20:33:44,204.5,2,2,2,1149.36,322.99,299.42,270.25,113.18,300000.0,100.0,163.56,0
20:33:44,204.5,2,2,2,1149.47,323.08,299.51,270.32,113.21,300000.0,100.0,163.6,0
20:33:44,204.6,2,2,2,1149.57,323.16,299.59,270.4,113.25,300000.0,100.0,163.64,0
20:33:45,204.6,2,2,2,1149.7,323.25,299.68,270.49,113.29,300000.0,100.0,163.67,0
20:33:45,204.7,2,2,2,1149.8,323.34,299.76,270.57,113.32,300000.0,100.0,163.71,0
20:33:45,204.7,2,2,2,1149.91,323.42,299.84,270.65,113.35,300000.0,100.0,163.75,0
20:33:45,204.8,2,2,2,1150.03,323.51,299.93,270.73,113.39,300000.0,100.0,163.79,0
20:33:45,204.8,2,2,2,1150.14,323.59,300.02,270.81,113.42,300000.0,100.0,163.83,0
20:33:45,204.9,2,2,2,1150.25,323.68,300.1,270.89,113.46,300000.0,100.0,163.87,0
20:33:45,205.0,2,2,2,1150.38,323.78,300.2,270.98,113.5,300000.0,100.0,163.91,0
20:33:45,205.0,2,2,2,1150.49,323.86,300.28,271.06,113.53,300000.0,100.0,163.95,0
20:33:45,205.1,2,2,2,1150.6,323.94,300.36,271.14,113.57,300000.0,100.0,163.99,0
20:33:45,205.1,2,2,2,1150.72,324.04,300.45,271.23,113.61,300000.0,100.0,164.02,0
20:33:45,205.2,2,2,2,1150.83,324.12,300.54,271.31,113.64,300000.0,100.0,164.06,0
20:33:45,205.2,2,2,2,1150.94,324.2,300.62,271.38,113.67,300000.0,100.0,164.1,0
20:33:45,205.3,2,2,2,1151.05,324.28,300.7,271.46,113.71,300000.0,100.0,164.14,0
20:33:45,205.3,2,2,2,1151.16,324.37,300.78,271.54,113.74,300000.0,100.0,164.18,0
20:33:45,205.4,2,2,2,1151.26,324.45,300.86,271.62,113.77,300000.0,100.0,164.22,0
20:33:45,205.4,2,2,2,1151.37,324.53,300.94,271.69,113.81,300000.0,100.0,164.26,0
20:33:45,205.5,2,2,2,1151.49,324.62,301.03,271.78,113.84,300000.0,100.0,164.29,0
20:33:45,205.6,2,2,2,1151.62,324.72,301.13,271.87,113.89,300000.0,100.0,164.33,0
20:33:45,205.6,2,2,2,1151.73,324.8,301.21,271.95,113.92,300000.0,100.0,164.37,0
20:33:46,205.7,2,2,2,1151.84,324.89,301.3,272.03,113.96,300000.0,100.0,164.41,0
20:33:46,205.7,2,2,2,1151.95,324.97,301.38,272.11,113.99,300000.0,100.0,164.45,0
20:33:46,205.8,2,2,2,1152.06,325.05,301.46,272.19,114.02,300000.0,100.0,164.49,0
20:33:46,205.8,2,2,2,1152.17,325.14,301.54,272.27,114.06,300000.0,100.0,164.53,0
20:33:46,205.9,2,2,2,1152.27,325.22,301.62,272.34,114.09,300000.0,100.0,164.56,0
20:33:46,205.9,2,2,2,1152.38,325.3,301.71,272.42,114.12,300000.0,100.0,164.6,0
20:33:46,206.0,2,2,2,1152.5,325.39,301.79,272.51,114.16,300000.0,100.0,164.64,0
20:33:46,206.0,2,2,2,1152.6,325.47,301.87,272.58,114.19,300000.0,100.0,164.68,0
20:33:46,206.1,2,2,2,1152.71,325.55,301.95,272.66,114.23,300000.0,100.0,164.72,0
20:33:46,206.2,2,2,2,1152.82,325.63,302.03,272.74,114.26,300000.0,100.0,164.75,0
20:33:46,206.2,2,2,2,1152.94,325.73,302.12,272.82,114.3,300000.0,100.0,164.79,0
20:33:46,206.3,2,2,2,1153.06,325.82,302.22,272.91,114.34,300000.0,100.0,164.83,0
20:33:46,206.3,2,2,2,1153.18,325.91,302.31,273.0,114.37,300000.0,100.0,164.87,0
20:33:46,206.4,2,2,2,1153.3,326.0,302.4,273.08,114.41,300000.0,100.0,164.91,0
20:33:46,206.4,2,2,2,1153.4,326.08,302.48,273.16,114.44,300000.0,100.0,164.95,0
20:33:46,206.5,2,2,2,1153.51,326.16,302.56,273.23,114.48,300000.0,100.0,164.98,0
20:33:46,206.6,2,2,2,1153.62,326.25,302.64,273.32,114.51,300000.0,100.0,165.02,0
20:33:46,206.6,2,2,2,1153.73,326.33,302.72,273.39,114.55,300000.0,100.0,165.05,0
20:33:47,206.7,2,2,2,1153.83,326.41,302.8,273.47,114.58,300000.0,100.0,165.09,0
20:33:47,206.7,2,2,2,1153.95,326.5,302.89,273.55,114.62,300000.0,100.0,165.12,0
20:33:47,206.8,2,2,2,1154.06,326.58,302.97,273.63,114.65,300000.0,100.0,165.15,0
20:33:47,206.8,2,2,2,1154.17,326.67,303.05,273.71,114.68,300000.0,100.0,165.18,0
20:33:47,206.9,2,2,2,1154.28,326.75,303.14,273.79,114.72,300000.0,100.0,165.22,0
20:33:47,206.9,2,2,2,1154.39,326.84,303.22,273.87,114.75,300000.0,100.0,165.25,0
20:33:47,207.0,2,2,2,1154.5,326.92,303.3,273.95,114.79,300000.0,100.0,165.28,0
20:33:47,207.0,2,2,2,1154.61,327.01,303.39,274.03,114.82,300000.0,100.0,165.31,0
20:33:47,207.1,2,2,2,1154.72,327.09,303.47,274.1,114.86,300000.0,100.0,165.35,0
20:33:47,207.2,2,2,2,1154.82,327.17,303.55,274.18,114.89,300000.0,100.0,165.38,0
20:33:47,207.2,2,2,2,1154.95,327.26,303.64,274.27,114.93,300000.0,100.0,165.41,0
20:33:47,207.3,2,2,2,1155.05,327.35,303.72,274.35,114.96,300000.0,100.0,165.44,0
20:33:47,207.3,2,2,2,1155.16,327.43,303.8,274.42,114.99,300000.0,100.0,165.48,0
20:33:47,207.4,2,2,2,1155.28,327.52,303.9,274.51,115.03,300000.0,100.0,165.51,0
20:33:47,207.4,2,2,2,1155.39,327.6,303.98,274.59,115.07,300000.0,100.0,165.54,0
20:33:47,207.5,2,2,2,1155.49,327.68,304.06,274.67,115.1,300000.0,100.0,165.57,0
20:33:47,207.5,2,2,2,1155.6,327.76,304.14,274.74,115.13,300000.0,100.0,165.6,0
20:33:47,207.6,2,2,2,1155.71,327.85,304.22,274.82,115.17,300000.0,100.0,165.64,0
20:33:48,207.6,2,2,2,1155.81,327.93,304.3,274.89,115.2,300000.0,100.0,165.67,0
20:33:48,207.7,2,2,2,1155.91,328.01,304.38,274.97,115.23,300000.0,100.0,165.7,0
20:33:48,207.8,2,2,2,1156.02,328.09,304.46,275.05,115.26,300000.0,100.0,165.73,0
20:33:48,207.8,2,2,2,1156.13,328.17,304.54,275.13,115.3,300000.0,100.0,165.76,0
20:33:48,207.9,2,2,2,1156.23,328.25,304.62,275.2,115.33,300000.0,100.0,165.8,0
20:33:48,207.9,2,2,2,1156.36,328.35,304.72,275.3,115.37,300000.0,100.0,165.83,0
20:33:48,208.0,2,2,2,1156.47,328.43,304.8,275.37,115.41,300000.0,100.0,165.86,0
20:33:48,208.0,2,2,2,1156.57,328.51,304.88,275.45,115.44,300000.0,100.0,165.89,0
20:33:48,208.1,2,2,2,1156.69,328.6,304.96,275.53,115.47,300000.0,100.0,165.92,0
20:33:48,208.1,2,2,2,1156.79,328.68,305.04,275.6,115.51,300000.0,100.0,165.96,0
20:33:48,208.2,2,2,2,1156.89,328.76,305.12,275.68,115.54,300000.0,100.0,165.99,0
20:33:48,208.3,2,2,2,1157.01,328.85,305.21,275.76,115.58,300000.0,100.0,166.02,0
20:33:48,208.3,2,2,2,1157.12,328.93,305.29,275.84,115.61,300000.0,100.0,166.05,0
20:33:48,208.4,2,2,2,1157.22,329.01,305.36,275.91,115.64,300000.0,100.0,166.08,0
20:33:48,208.4,2,2,2,1157.34,329.1,305.46,276.0,115.68,300000.0,100.0,166.11,0
20:33:48,208.5,2,2,2,1157.46,329.19,305.55,276.09,115.72,300000.0,100.0,166.15,0
20:33:48,208.5,2,2,2,1157.56,329.27,305.63,276.16,115.75,300000.0,100.0,166.18,0
20:33:48,208.6,2,2,2,1157.67,329.35,305.71,276.24,115.78,300000.0,100.0,166.21,0
20:33:49,208.6,2,2,2,1157.78,329.43,305.79,276.32,115.82,300000.0,100.0,166.24,0
20:33:49,208.7,2,2,2,1157.88,329.51,305.87,276.39,115.85,300000.0,100.0,166.27,0
20:33:49,208.8,2,2,2,1157.98,329.59,305.94,276.47,115.88,300000.0,100.0,166.3,0
20:33:49,208.8,2,2,2,1158.11,329.69,306.04,276.56,115.92,300000.0,100.0,166.34,0
20:33:49,208.9,2,2,2,1158.21,329.77,306.12,276.63,115.95,300000.0,100.0,166.37,0
20:33:49,208.9,2,2,2,1158.31,329.85,306.2,276.71,115.99,300000.0,100.0,166.4,0
20:33:49,209.0,2,2,2,1158.43,329.94,306.28,276.79,116.02,300000.0,100.0,166.43,0
20:33:49,209.0,2,2,2,1158.53,330.01,306.36,276.86,116.05,300000.0,100.0,166.46,0
20:33:49,209.1,2,2,2,1158.63,330.09,306.44,276.94,116.09,300000.0,100.0,166.49,0
20:33:49,209.1,2,2,2,1158.76,330.19,306.53,277.03,116.13,300000.0,100.0,166.52,0
20:33:49,209.2,2,2,2,1158.86,330.27,306.61,277.1,116.16,300000.0,100.0,166.55,0
20:33:49,209.3,2,2,2,1158.96,330.35,306.69,277.18,116.19,300000.0,100.0,165.59,0
20:33:49,209.3,2,2,2,1159.08,330.44,306.78,277.26,116.23,300000.0,100.0,165.62,0
20:33:49,209.4,2,2,2,1159.19,330.52,306.86,277.34,116.26,300000.0,100.0,164.65,0
20:33:49,209.4,2,2,2,1159.29,330.6,306.94,277.41,116.29,300000.0,100.0,164.68,0
20:33:49,209.5,2,2,2,1159.39,330.67,307.01,277.49,116.33,300000.0,100.0,163.71,0
20:33:49,209.5,2,2,2,1159.51,330.76,307.1,277.57,116.36,300000.0,100.0,163.74,0
20:33:49,209.6,2,2,2,1159.62,330.85,307.19,277.65,116.4,300000.0,100.0,162.77,0
20:33:50,209.7,2,2,2,1159.74,330.94,307.28,277.74,116.44,300000.0,100.0,161.8,0
20:33:50,209.7,2,2,2,1159.84,331.02,307.36,277.81,116.47,300000.0,100.0,161.84,0
20:33:50,209.8,2,2,2,1159.96,331.11,307.44,277.9,116.5,300000.0,100.0,160.87,0
20:33:50,209.8,2,2,2,1160.06,331.19,307.52,277.97,116.54,300000.0,100.0,159.9,0
20:33:50,209.9,2,2,2,1160.17,331.27,307.6,278.05,116.57,300000.0,100.0,159.93,0
20:33:50,209.9,2,2,2,1160.27,331.35,307.68,278.13,116.6,300000.0,100.0,158.96,0
20:33:50,210.0,2,2,2,1160.38,331.44,307.77,278.21,116.64,300000.0,100.0,157.99,0
20:33:50,210.1,2,2,2,1160.5,331.53,307.86,278.29,116.68,300000.0,100.0,158.02,0
20:33:50,210.1,2,2,2,1160.6,331.61,307.94,278.37,116.71,300000.0,100.0,156.05,0
20:33:50,210.2,2,2,2,1160.71,331.69,308.01,278.44,116.74,300000.0,100.0,156.08,0
20:33:50,210.2,2,2,2,1160.82,331.78,308.1,278.53,116.78,300000.0,100.0,155.11,0
20:33:50,210.3,2,2,2,1160.94,331.86,308.19,278.61,116.81,300000.0,100.0,154.15,0
20:33:50,210.3,2,2,2,1161.05,331.95,308.27,278.69,116.85,300000.0,100.0,154.19,0
20:33:50,210.4,2,2,2,1161.15,332.03,308.35,278.76,116.88,300000.0,100.0,154.22,0
20:33:50,210.4,2,2,2,1161.26,332.12,308.44,278.85,116.92,300000.0,100.0,154.26,0
20:33:50,210.5,2,2,2,1161.37,332.19,308.52,278.92,116.95,300000.0,100.0,154.29,0
20:33:50,210.6,2,2,2,1161.47,332.27,308.59,278.99,116.98,300000.0,100.0,154.33,0
20:33:50,210.6,2,2,2,1161.58,332.36,308.68,279.07,117.02,300000.0,100.0,154.37,0
20:33:51,210.7,2,2,2,1161.69,332.44,308.76,279.15,117.05,300000.0,100.0,154.4,0
20:33:51,210.7,2,2,2,1161.8,332.53,308.85,279.24,117.09,300000.0,100.0,154.44,0
20:33:51,210.8,2,2,2,1161.91,332.61,308.93,279.32,117.12,300000.0,100.0,154.48,0
20:33:51,210.8,2,2,2,1162.01,332.69,309.01,279.39,117.15,300000.0,100.0,154.51,0
20:33:51,210.9,2,2,2,1162.11,332.77,309.08,279.46,117.18,300000.0,100.0,154.55,0
20:33:51,211.0,2,2,2,1162.22,332.85,309.17,279.54,117.22,300000.0,100.0,154.58,0
20:33:51,211.0,2,2,2,1162.32,332.93,309.24,279.62,117.25,300000.0,100.0,154.62,0
20:33:51,211.1,2,2,2,1162.42,333.01,309.32,279.69,117.28,300000.0,100.0,154.66,0
20:33:51,211.1,2,2,2,1162.54,333.1,309.41,279.77,117.32,300000.0,100.0,154.69,0
20:33:51,211.2,2,2,2,1162.66,333.19,309.5,279.86,117.36,300000.0,100.0,154.73,0
20:33:51,211.2,2,2,2,1162.76,333.27,309.58,279.93,117.39,300000.0,100.0,154.76,0
20:33:51,211.3,2,2,2,1162.87,333.35,309.66,280.01,117.42,300000.0,100.0,154.8,0
20:33:51,211.3,2,2,2,1162.97,333.43,309.74,280.09,117.46,300000.0,100.0,154.84,0
20:33:51,211.4,2,2,2,1163.07,333.51,309.81,280.16,117.49,300000.0,100.0,154.87,0
20:33:51,211.5,2,2,2,1163.17,333.59,309.89,280.23,117.52,300000.0,100.0,154.91,0
20:33:51,211.5,2,2,2,1163.29,333.67,309.98,280.32,117.56,300000.0,100.0,154.94,0
20:33:51,211.6,2,2,2,1163.39,333.75,310.05,280.39,117.59,300000.0,100.0,154.98,0
20:33:52,211.6,2,2,2,1163.49,333.83,310.13,280.46,117.62,300000.0,100.0,155.02,0
20:33:52,211.7,2,2,2,1163.6,333.91,310.21,280.54,117.65,300000.0,100.0,155.05,0
20:33:52,211.7,2,2,2,1163.71,334.0,310.3,280.62,117.69,300000.0,100.0,155.09,0
20:33:52,211.8,2,2,2,1163.81,334.07,310.37,280.69,117.72,300000.0,100.0,155.12,0
20:33:52,211.9,2,2,2,1163.92,334.16,310.46,280.78,117.76,300000.0,100.0,155.16,0
20:33:52,211.9,2,2,2,1164.02,334.24,310.54,280.85,117.79,300000.0,100.0,155.19,0
20:33:52,212.0,2,2,2,1164.12,334.31,310.61,280.92,117.82,300000.0,100.0,155.23,0
20:33:52,212.0,2,2,2,1164.23,334.4,310.7,281.0,117.85,300000.0,100.0,155.27,0
20:33:52,212.1,2,2,2,1164.33,334.48,310.77,281.08,117.89,300000.0,100.0,155.3,0
20:33:52,212.1,2,2,2,1164.43,334.56,310.85,281.15,117.92,300000.0,100.0,155.34,0
20:33:52,212.2,2,2,2,1164.54,334.64,310.93,281.23,117.95,300000.0,100.0,155.37,0
20:33:52,212.2,2,2,2,1164.64,334.72,311.01,281.3,117.98,300000.0,100.0,155.41,0
20:33:52,212.3,2,2,2,1164.74,334.79,311.08,281.37,118.01,300000.0,100.0,155.44,0
20:33:52,212.4,2,2,2,1164.87,334.89,311.18,281.47,118.06,300000.0,100.0,155.48,0
20:33:52,212.4,2,2,2,1164.96,334.97,311.26,281.54,118.09,300000.0,100.0,155.51,0
20:33:52,212.5,2,2,2,1165.06,335.04,311.33,281.61,118.12,300000.0,100.0,155.55,0
20:33:52,212.5,2,2,2,1165.17,335.13,311.42,281.69,118.15,300000.0,100.0,155.59,0
20:33:52,212.6,2,2,2,1165.28,335.21,311.5,281.76,118.19,300000.0,100.0,155.62,0
20:33:53,212.6,2,2,2,1165.38,335.29,311.58,281.84,118.22,300000.0,100.0,155.66,0
20:33:53,212.7,2,2,2,1165.5,335.38,311.67,281.93,118.26,300000.0,100.0,155.69,0
20:33:53,212.8,2,2,2,1165.6,335.46,311.74,282.0,118.29,300000.0,100.0,155.73,0
20:33:53,212.8,2,2,2,1165.7,335.54,311.82,282.08,118.32,300000.0,100.0,155.76,0
20:33:53,212.9,2,2,2,1165.8,335.62,311.9,282.15,118.35,300000.0,100.0,155.8,0
20:33:53,212.9,2,2,2,1165.91,335.7,311.98,282.23,118.39,300000.0,100.0,155.83,0
20:33:53,213.0,2,2,2,1166.01,335.78,312.06,282.3,118.42,300000.0,100.0,155.87,0
20:33:53,213.0,2,2,2,1166.12,335.86,312.14,282.38,118.45,300000.0,100.0,155.9,0
20:33:53,213.1,2,2,2,1166.22,335.94,312.22,282.45,118.49,300000.0,100.0,155.94,0
20:33:53,213.1,2,2,2,1166.32,336.02,312.29,282.52,118.52,300000.0,100.0,155.97,0
20:33:53,213.2,2,2,2,1166.42,336.09,312.37,282.6,118.55,300000.0,100.0,156.01,0
20:33:53,213.3,2,2,2,1166.52,336.17,312.45,282.67,118.58,300000.0,100.0,156.04,0
20:33:53,213.3,2,2,2,1166.62,336.25,312.52,282.74,118.61,300000.0,100.0,156.08,0
20:33:53,213.4,2,2,2,1166.72,336.32,312.59,282.81,118.64,300000.0,100.0,156.11,0
20:33:53,213.4,2,2,2,1166.83,336.41,312.68,282.89,118.68,300000.0,100.0,156.15,0
20:33:53,213.5,2,2,2,1166.93,336.48,312.76,282.97,118.71,300000.0,100.0,156.18,0
20:33:53,213.5,2,2,2,1167.02,336.56,312.83,283.04,118.74,300000.0,100.0,156.22,0
20:33:53,213.6,2,2,2,1167.13,336.64,312.91,283.12,118.77,300000.0,100.0,156.25,0
20:33:54,213.6,2,2,2,1167.23,336.72,312.99,283.19,118.81,300000.0,100.0,156.29,0
20:33:54,213.7,2,2,2,1167.33,336.79,313.06,283.26,118.84,300000.0,100.0,156.32,0
20:33:54,213.7,2,2,2,1167.43,336.87,313.14,283.33,118.87,300000.0,100.0,156.36,0
20:33:54,213.8,2,2,2,1167.53,336.95,313.21,283.4,118.9,300000.0,100.0,156.39,0
20:33:54,213.9,2,2,2,1167.62,337.02,313.29,283.47,118.93,300000.0,100.0,156.43,0
20:33:54,213.9,2,2,2,1167.73,337.11,313.37,283.55,118.96,300000.0,100.0,156.46,0
20:33:54,214.0,2,2,2,1167.83,337.18,313.45,283.63,119.0,300000.0,100.0,156.5,0
20:33:54,214.0,2,2,2,1167.93,337.26,313.52,283.7,119.03,300000.0,100.0,156.53,0
20:33:54,214.1,2,2,2,1168.02,337.33,313.59,283.76,119.06,300000.0,100.0,156.57,0
20:33:54,214.1,2,2,2,1168.13,337.42,313.68,283.84,119.09,300000.0,100.0,156.6,0
20:33:54,214.2,2,2,2,1168.23,337.49,313.75,283.91,119.12,300000.0,100.0,156.64,0
20:33:54,214.2,2,2,2,1168.33,337.57,313.83,283.99,119.15,300000.0,100.0,156.67,0
20:33:54,214.3,2,2,2,1168.43,337.64,313.9,284.06,119.18,300000.0,100.0,156.71,0
20:33:54,214.3,2,2,2,1168.52,337.72,313.97,284.13,119.22,300000.0,100.0,156.74,0
20:33:54,214.4,2,2,2,1168.62,337.79,314.05,284.2,119.25,300000.0,100.0,156.78,0
20:33:54,214.5,2,2,2,1168.74,337.89,314.14,284.29,119.29,300000.0,100.0,156.81,0
20:33:54,214.5,2,2,2,1168.84,337.96,314.22,284.36,119.32,300000.0,100.0,156.85,0
20:33:54,214.6,2,2,2,1168.93,338.03,314.29,284.43,119.35,300000.0,100.0,156.88,0
20:33:55,214.6,2,2,2,1169.06,338.13,314.38,284.52,119.39,300000.0,100.0,156.92,0
20:33:55,214.7,2,2,2,1169.16,338.21,314.46,284.59,119.42,300000.0,100.0,156.95,0
20:33:55,214.8,2,2,2,1169.25,338.28,314.53,284.66,119.45,300000.0,100.0,156.98,0
20:33:55,214.8,2,2,2,1169.36,338.36,314.61,284.74,119.48,300000.0,100.0,157.02,0
20:33:55,214.9,2,2,2,1169.46,338.44,314.69,284.81,119.51,300000.0,100.0,157.05,0
20:33:55,214.9,2,2,2,1169.56,338.52,314.77,284.89,119.55,300000.0,100.0,157.09,0
20:33:55,215.0,2,2,2,1169.68,338.61,314.86,284.97,119.58,300000.0,100.0,157.12,0
20:33:55,215.0,2,2,2,1169.78,338.69,314.94,285.05,119.62,300000.0,100.0,157.16,0
20:33:55,215.1,2,2,2,1169.87,338.76,315.01,285.12,119.65,300000.0,100.0,157.19,0
20:33:55,215.2,2,2,2,1169.98,338.84,315.09,285.19,119.68,300000.0,100.0,157.23,0
20:33:55,215.2,2,2,2,1170.08,338.92,315.16,285.26,119.71,300000.0,100.0,157.26,0
20:33:55,215.3,2,2,2,1170.17,338.99,315.23,285.33,119.74,300000.0,100.0,157.29,0
20:33:55,215.3,2,2,2,1170.27,339.07,315.31,285.4,119.77,300000.0,100.0,157.33,0
20:33:55,215.4,2,2,2,1170.38,339.15,315.39,285.49,119.81,300000.0,100.0,157.36,0
20:33:55,215.4,2,2,2,1170.48,339.23,315.47,285.56,119.84,300000.0,100.0,157.4,0
20:33:55,215.5,2,2,2,1170.57,339.3,315.54,285.63,119.87,300000.0,100.0,157.43,0
20:33:55,215.5,2,2,2,1170.68,339.38,315.62,285.7,119.9,300000.0,100.0,157.47,0
20:33:55,215.6,2,2,2,1170.77,339.46,315.7,285.77,119.93,300000.0,100.0,157.5,0
20:33:56,215.7,2,2,2,1170.87,339.53,315.77,285.84,119.96,300000.0,100.0,157.53,0
20:33:56,215.7,2,2,2,1170.98,339.62,315.85,285.92,120.0,300000.0,100.0,157.57,0
20:33:56,215.8,2,2,2,1171.08,339.69,315.93,285.99,120.03,300000.0,100.0,157.6,0
20:33:56,215.8,2,2,2,1171.17,339.77,316.0,286.06,120.06,300000.0,100.0,157.64,0
20:33:56,215.9,2,2,2,1171.27,339.84,316.07,286.13,120.09,300000.0,100.0,157.67,0
20:33:56,215.9,2,2,2,1171.38,339.93,316.16,286.21,120.12,300000.0,100.0,157.7,0
20:33:56,216.0,2,2,2,1171.47,340.0,316.23,286.28,120.15,300000.0,100.0,157.74,0
20:33:56,216.1,2,2,2,1171.56,340.07,316.3,286.35,120.18,300000.0,100.0,157.77,0
20:33:56,216.1,2,2,2,1171.69,340.17,316.4,286.44,120.22,300000.0,100.0,157.81,0
20:33:56,216.2,2,2,2,1171.79,340.24,316.47,286.51,120.25,300000.0,100.0,157.84,0
20:33:56,216.2,2,2,2,1171.9,340.33,316.56,286.6,120.29,300000.0,100.0,157.87,0
20:33:56,216.3,2,2,2,1172.0,340.41,316.64,286.67,120.32,300000.0,100.0,157.91,0
20:33:56,216.3,2,2,2,1172.1,340.48,316.71,286.74,120.35,300000.0,100.0,157.94,0
20:33:56,216.4,2,2,2,1172.19,340.56,316.78,286.81,120.38,300000.0,100.0,157.98,0
20:33:56,216.5,2,2,2,1172.33,340.66,316.89,286.91,120.43,300000.0,100.0,158.01,0
20:33:56,216.5,2,2,2,1172.42,340.74,316.96,286.98,120.46,300000.0,100.0,158.04,0
20:33:56,216.6,2,2,2,1172.52,340.81,317.03,287.05,120.49,300000.0,100.0,157.08,0
20:33:57,216.7,2,2,2,1172.63,340.9,317.12,287.13,120.52,300000.0,100.0,156.11,0
20:33:57,216.7,2,2,2,1172.75,340.99,317.21,287.22,120.56,300000.0,100.0,156.14,0
20:33:57,216.8,2,2,2,1172.84,341.06,317.28,287.28,120.59,300000.0,100.0,155.18,0
20:33:57,216.8,2,2,2,1172.93,341.13,317.35,287.35,120.62,300000.0,100.0,155.21,0
20:33:57,216.9,2,2,2,1173.03,341.21,317.42,287.42,120.65,300000.0,100.0,154.25,0
20:33:57,216.9,2,2,2,1173.13,341.29,317.5,287.5,120.68,300000.0,100.0,153.28,0
20:33:57,217.0,2,2,2,1173.23,341.36,317.58,287.57,120.71,300000.0,100.0,153.31,0
20:33:57,217.1,2,2,2,1173.34,341.45,317.66,287.65,120.75,300000.0,100.0,152.35,0
20:33:57,217.1,2,2,2,1173.43,341.52,317.73,287.72,120.78,300000.0,100.0,151.38,0
20:33:57,217.2,2,2,2,1173.53,341.59,317.81,287.79,120.81,300000.0,100.0,150.41,0
20:33:57,217.2,2,2,2,1173.63,341.67,317.89,287.86,120.84,300000.0,100.0,150.45,0
20:33:57,217.3,2,2,2,1173.73,341.75,317.96,287.94,120.87,300000.0,100.0,150.48,0
20:33:57,217.3,2,2,2,1173.83,341.83,318.04,288.01,120.9,300000.0,100.0,150.51,0
20:33:57,217.4,2,2,2,1173.92,341.9,318.11,288.07,120.93,300000.0,100.0,150.55,0
20:33:57,217.5,2,2,2,1174.05,342.0,318.21,288.17,120.98,300000.0,100.0,150.58,0
20:33:57,217.5,2,2,2,1174.14,342.07,318.28,288.24,121.01,300000.0,100.0,150.61,0
20:33:57,217.6,2,2,2,1174.24,342.14,318.35,288.31,121.03,300000.0,100.0,150.65,0
20:33:58,217.6,2,2,2,1174.33,342.22,318.42,288.37,121.06,300000.0,100.0,150.68,0
20:33:58,217.7,2,2,2,1174.44,342.3,318.5,288.45,121.1,300000.0,100.0,150.71,0
20:33:58,217.7,2,2,2,1174.53,342.37,318.58,288.52,121.13,300000.0,100.0,150.75,0
20:33:58,217.8,2,2,2,1174.62,342.44,318.65,288.59,121.16,300000.0,100.0,150.78,0
20:33:58,217.8,2,2,2,1174.72,342.52,318.72,288.66,121.19,300000.0,100.0,150.81,0
20:33:58,217.9,2,2,2,1174.81,342.59,318.79,288.73,121.22,300000.0,100.0,150.85,0
20:33:58,218.0,2,2,2,1174.9,342.66,318.86,288.79,121.25,300000.0,100.0,150.88,0
20:33:58,218.0,2,2,2,1175.0,342.74,318.94,288.87,121.28,300000.0,100.0,150.91,0
20:33:58,218.1,2,2,2,1175.1,342.81,319.01,288.94,121.31,300000.0,100.0,150.95,0
20:33:58,218.1,2,2,2,1175.19,342.88,319.08,289.0,121.34,300000.0,100.0,150.98,0
20:33:58,218.2,2,2,2,1175.28,342.95,319.15,289.07,121.37,300000.0,100.0,151.01,0
20:33:58,218.2,2,2,2,1175.37,343.03,319.22,289.14,121.4,300000.0,100.0,151.05,0
20:33:58,218.3,2,2,2,1175.46,343.1,319.29,289.21,121.43,300000.0,100.0,151.08,0
20:33:58,218.3,2,2,2,1175.55,343.17,319.36,289.27,121.46,300000.0,100.0,151.11,0
20:33:58,218.4,2,2,2,1175.65,343.24,319.44,289.34,121.49,300000.0,100.0,151.15,0
20:33:58,218.4,2,2,2,1175.74,343.31,319.51,289.41,121.52,300000.0,100.0,151.18,0
20:33:58,218.5,2,2,2,1175.83,343.38,319.58,289.48,121.55,300000.0,100.0,151.21,0
20:33:58,218.5,2,2,2,1175.93,343.46,319.65,289.55,121.58,300000.0,100.0,151.24,0
20:33:58,218.6,2,2,2,1176.02,343.53,319.72,289.62,121.61,300000.0,100.0,151.28,0
20:33:59,218.7,2,2,2,1176.11,343.6,319.79,289.68,121.63,300000.0,100.0,151.31,0
20:33:59,218.7,2,2,2,1176.22,343.69,319.88,289.76,121.67,300000.0,100.0,151.34,0
20:33:59,218.8,2,2,2,1176.31,343.76,319.95,289.83,121.7,300000.0,100.0,151.38,0
20:33:59,218.8,2,2,2,1176.4,343.83,320.01,289.9,121.73,300000.0,100.0,151.41,0
20:33:59,218.9,2,2,2,1176.5,343.9,320.09,289.97,121.76,300000.0,100.0,151.44,0
20:33:59,218.9,2,2,2,1176.59,343.97,320.16,290.03,121.79,300000.0,100.0,151.47,0
20:33:59,219.0,2,2,2,1176.68,344.04,320.23,290.1,121.82,300000.0,100.0,151.51,0
20:33:59,219.0,2,2,2,1176.77,344.11,320.3,290.17,121.84,300000.0,100.0,151.54,0
20:33:59,219.1,2,2,2,1176.86,344.18,320.37,290.23,121.87,300000.0,100.0,151.57,0
20:33:59,219.1,2,2,2,1176.95,344.25,320.44,290.3,121.9,300000.0,100.0,151.61,0
20:33:59,219.2,2,2,2,1177.04,344.32,320.51,290.36,121.93,300000.0,100.0,151.64,0
20:33:59,219.3,2,2,2,1177.15,344.4,320.58,290.44,121.96,300000.0,100.0,151.67,0
20:33:59,219.3,2,2,2,1177.24,344.47,320.65,290.51,121.99,300000.0,100.0,151.7,0
20:33:59,219.4,2,2,2,1177.32,344.54,320.72,290.57,122.02,300000.0,100.0,151.74,0
20:33:59,219.4,2,2,2,1177.42,344.62,320.8,290.64,122.05,300000.0,100.0,151.77,0
20:33:59,219.5,2,2,2,1177.51,344.69,320.86,290.71,122.08,300000.0,100.0,151.8,0
20:33:59,219.5,2,2,2,1177.6,344.76,320.94,290.77,122.11,300000.0,100.0,151.83,0
20:33:59,219.6,2,2,2,1177.71,344.84,321.02,290.85,122.15,300000.0,100.0,151.87,0
20:34:00,219.6,2,2,2,1177.8,344.91,321.09,290.92,122.17,300000.0,100.0,151.9,0
20:34:00,219.7,2,2,2,1177.89,344.99,321.16,290.99,122.2,300000.0,100.0,151.93,0
20:34:00,219.8,2,2,2,1178.0,345.07,321.24,291.06,122.24,300000.0,100.0,151.96,0
20:34:00,219.8,2,2,2,1178.09,345.14,321.31,291.13,122.27,300000.0,100.0,152.0,0
20:34:00,219.9,2,2,2,1178.18,345.21,321.38,291.2,122.29,300000.0,100.0,152.03,0
20:34:00,219.9,2,2,2,1178.27,345.28,321.45,291.26,122.32,300000.0,100.0,152.06,0
20:34:00,220.0,2,2,2,1178.38,345.36,321.53,291.34,122.36,300000.0,100.0,152.09,0
20:34:00,220.0,2,2,2,1178.47,345.43,321.6,291.41,122.39,300000.0,100.0,152.13,0
20:34:00,220.1,2,2,2,1178.56,345.5,321.67,291.48,122.42,300000.0,100.0,152.16,0
20:34:00,220.2,2,2,2,1178.67,345.59,321.76,291.56,122.45,300000.0,100.0,152.19,0
20:34:00,220.2,2,2,2,1178.76,345.66,321.83,291.63,122.48,300000.0,100.0,152.22,0
20:34:00,220.3,2,2,2,1178.85,345.73,321.9,291.69,122.51,300000.0,100.0,152.26,0
20:34:00,220.3,2,2,2,1178.95,345.8,321.97,291.76,122.54,300000.0,100.0,152.29,0
20:34:00,220.4,2,2,2,1179.03,345.87,322.04,291.83,122.57,300000.0,100.0,152.32,0
20:34:00,220.4,2,2,2,1179.14,345.96,322.12,291.91,122.6,300000.0,100.0,152.35,0
20:34:00,220.5,2,2,2,1179.23,346.03,322.19,291.97,122.63,300000.0,100.0,152.39,0
20:34:00,220.5,2,2,2,1179.32,346.1,322.26,292.04,122.66,300000.0,100.0,152.42,0
20:34:00,220.6,2,2,2,1179.41,346.16,322.32,292.1,122.69,300000.0,100.0,152.45,0
20:34:01,220.7,2,2,2,1179.5,346.23,322.4,292.17,122.72,300000.0,100.0,152.48,0
20:34:01,220.7,2,2,2,1179.59,346.31,322.47,292.24,122.75,300000.0,100.0,152.51,0
20:34:01,220.8,2,2,2,1179.68,346.38,322.53,292.3,122.78,300000.0,100.0,152.55,0
20:34:01,220.8,2,2,2,1179.78,346.46,322.61,292.38,122.81,300000.0,100.0,152.58,0
20:34:01,220.9,2,2,2,1179.87,346.52,322.68,292.44,122.84,300000.0,100.0,152.61,0
20:34:01,220.9,2,2,2,1179.96,346.59,322.75,292.51,122.87,300000.0,100.0,152.64,0
20:34:01,221.0,2,2,2,1180.06,346.67,322.83,292.58,122.9,300000.0,100.0,152.67,0
20:34:01,221.0,2,2,2,1180.15,346.74,322.9,292.65,122.93,300000.0,100.0,152.71,0
20:34:01,221.1,2,2,2,1180.24,346.81,322.96,292.71,122.95,300000.0,100.0,152.74,0
20:34:01,221.2,2,2,2,1180.35,346.9,323.05,292.79,122.99,300000.0,100.0,152.77,0
20:34:01,221.2,2,2,2,1180.44,346.96,323.12,292.86,123.02,300000.0,100.0,152.8,0
20:34:01,221.3,2,2,2,1180.52,347.03,323.18,292.92,123.05,300000.0,100.0,152.83,0
20:34:01,221.3,2,2,2,1180.62,347.11,323.26,292.99,123.08,300000.0,100.0,152.87,0
20:34:01,221.4,2,2,2,1180.71,347.17,323.32,293.06,123.1,300000.0,100.0,152.9,0
20:34:01,221.4,2,2,2,1180.8,347.24,323.39,293.12,123.13,300000.0,100.0,152.93,0
20:34:01,221.5,2,2,2,1180.88,347.31,323.46,293.19,123.16,300000.0,100.0,152.96,0
20:34:01,221.5,2,2,2,1180.98,347.39,323.54,293.26,123.19,300000.0,100.0,152.99,0
20:34:01,221.6,2,2,2,1181.07,347.46,323.6,293.32,123.22,300000.0,100.0,153.03,0
20:34:02,221.6,2,2,2,1181.16,347.52,323.67,293.39,123.25,300000.0,100.0,153.06,0
20:34:02,221.7,2,2,2,1181.24,347.59,323.74,293.45,123.28,300000.0,100.0,153.09,0
20:34:02,221.8,2,2,2,1181.33,347.66,323.81,293.51,123.3,300000.0,100.0,153.12,0
20:34:02,221.8,2,2,2,1181.42,347.73,323.87,293.58,123.33,300000.0,100.0,153.15,0
20:34:02,221.9,2,2,2,1181.53,347.81,323.96,293.66,123.37,300000.0,100.0,153.18,0
20:34:02,221.9,2,2,2,1181.62,347.88,324.02,293.72,123.4,300000.0,100.0,153.22,0
20:34:02,222.0,2,2,2,1181.7,347.95,324.09,293.79,123.42,300000.0,100.0,153.25,0
20:34:02,222.0,2,2,2,1181.81,348.03,324.17,293.86,123.46,300000.0,100.0,153.28,0
20:34:02,222.1,2,2,2,1181.89,348.1,324.24,293.93,123.49,300000.0,100.0,153.31,0
20:34:02,222.2,2,2,2,1181.98,348.17,324.31,293.99,123.51,300000.0,100.0,153.34,0
20:34:02,222.2,2,2,2,1182.1,348.26,324.4,294.08,123.55,300000.0,100.0,153.37,0
20:34:02,222.3,2,2,2,1182.19,348.33,324.46,294.14,123.58,300000.0,100.0,153.41,0
20:34:02,222.3,2,2,2,1182.28,348.4,324.54,294.21,123.61,300000.0,100.0,153.44,0
20:34:02,222.4,2,2,2,1182.39,348.48,324.62,294.29,123.64,300000.0,100.0,153.47,0
20:34:02,222.5,2,2,2,1182.47,348.55,324.69,294.35,123.67,300000.0,100.0,153.5,0
20:34:02,222.5,2,2,2,1182.56,348.62,324.75,294.42,123.7,300000.0,100.0,153.53,0
20:34:02,222.6,2,2,2,1182.66,348.7,324.83,294.49,123.73,300000.0,100.0,153.56,0
20:34:02,222.6,2,2,2,1182.75,348.77,324.9,294.56,123.76,300000.0,100.0,153.59,0
20:34:03,222.7,2,2,2,1182.84,348.83,324.96,294.62,123.79,300000.0,100.0,153.63,0
20:34:03,222.7,2,2,2,1182.92,348.9,325.03,294.69,123.82,300000.0,100.0,153.66,0
20:34:03,222.8,2,2,2,1183.01,348.97,325.1,294.75,123.84,300000.0,100.0,153.69,0
20:34:03,222.9,2,2,2,1183.1,349.04,325.17,294.82,123.87,300000.0,100.0,153.72,0
20:34:03,222.9,2,2,2,1183.22,349.13,325.26,294.9,123.91,300000.0,100.0,153.75,0
20:34:03,223.0,2,2,2,1183.31,349.2,325.33,294.97,123.94,300000.0,100.0,153.78,0
20:34:03,223.0,2,2,2,1183.39,349.27,325.39,295.03,123.97,300000.0,100.0,153.81,0
20:34:03,223.1,2,2,2,1183.48,349.33,325.46,295.09,123.99,300000.0,100.0,153.84,0
20:34:03,223.1,2,2,2,1183.59,349.42,325.54,295.17,124.03,300000.0,100.0,153.88,0
20:34:03,223.2,2,2,2,1183.68,349.49,325.61,295.24,124.06,300000.0,100.0,153.91,0
20:34:03,223.3,2,2,2,1183.76,349.56,325.68,295.3,124.08,300000.0,100.0,153.94,0
20:34:03,223.3,2,2,2,1183.88,349.65,325.77,295.39,124.12,300000.0,100.0,153.97,0
20:34:03,223.4,2,2,2,1183.97,349.72,325.84,295.46,124.15,300000.0,100.0,154.0,0
20:34:03,223.4,2,2,2,1184.05,349.78,325.9,295.52,124.18,300000.0,100.0,154.03,0
20:34:03,223.5,2,2,2,1184.15,349.86,325.98,295.59,124.21,300000.0,100.0,154.06,0
20:34:03,223.5,2,2,2,1184.24,349.93,326.05,295.66,124.24,300000.0,100.0,154.09,0
20:34:03,223.6,2,2,2,1184.32,349.99,326.11,295.72,124.27,300000.0,100.0,154.12,0
20:34:04,223.7,2,2,2,1184.42,350.07,326.18,295.79,124.3,300000.0,100.0,154.16,0
20:34:04,223.7,2,2,2,1184.51,350.14,326.25,295.85,124.32,300000.0,100.0,154.19,0
20:34:04,223.8,2,2,2,1184.59,350.2,326.32,295.91,124.35,300000.0,100.0,154.22,0
20:34:04,223.8,2,2,2,1184.68,350.27,326.38,295.98,124.38,300000.0,100.0,154.25,0
20:34:04,223.9,2,2,2,1184.78,350.35,326.46,296.05,124.41,300000.0,100.0,154.28,0
20:34:04,223.9,2,2,2,1184.87,350.42,326.53,296.12,124.44,300000.0,100.0,154.31,0
20:34:04,224.0,2,2,2,1184.96,350.49,326.6,296.18,124.47,300000.0,100.0,154.34,0
20:34:04,224.1,2,2,2,1185.06,350.57,326.68,296.26,124.5,300000.0,100.0,154.37,0
20:34:04,224.1,2,2,2,1185.15,350.64,326.75,296.32,124.53,300000.0,100.0,154.4,0
20:34:04,224.2,2,2,2,1185.23,350.7,326.81,296.38,124.56,300000.0,100.0,154.43,0
20:34:04,224.2,2,2,2,1185.32,350.77,326.88,296.45,124.59,300000.0,100.0,154.46,0
20:34:04,224.3,2,2,2,1185.41,350.84,326.95,296.52,124.61,300000.0,100.0,154.5,0
20:34:04,224.3,2,2,2,1185.49,350.91,327.01,296.58,124.64,300000.0,100.0,154.53,0
20:34:04,224.4,2,2,2,1185.59,350.98,327.09,296.65,124.67,300000.0,100.0,154.56,0
20:34:04,224.4,2,2,2,1185.67,351.04,327.15,296.71,124.7,300000.0,100.0,154.59,0
20:34:04,224.5,2,2,2,1185.75,351.11,327.21,296.77,124.72,300000.0,100.0,154.62,0
20:34:04,224.5,2,2,2,1185.84,351.17,327.28,296.83,124.75,300000.0,100.0,154.65,0
20:34:04,224.6,2,2,2,1185.93,351.25,327.35,296.9,124.78,300000.0,100.0,154.68,0
20:34:05,224.7,2,2,2,1186.02,351.32,327.42,296.97,124.81,300000.0,100.0,154.71,0
20:34:05,224.7,2,2,2,1186.1,351.38,327.49,297.03,124.84,300000.0,100.0,154.74,0
20:34:05,224.8,2,2,2,1186.2,351.46,327.56,297.1,124.87,300000.0,100.0,154.77,0
20:34:05,224.8,2,2,2,1186.29,351.53,327.63,297.16,124.9,300000.0,100.0,154.8,0
20:34:05,224.9,2,2,2,1186.37,351.59,327.69,297.23,124.92,300000.0,100.0,154.83,0
20:34:05,224.9,2,2,2,1186.48,351.68,327.78,297.31,124.96,300000.0,100.0,154.86,0
20:34:05,225.0,2,2,2,1186.56,351.74,327.84,297.37,124.99,300000.0,100.0,154.89,0
20:34:05,225.1,2,2,2,1186.65,351.81,327.9,297.43,125.01,300000.0,100.0,154.92,0
20:34:05,225.1,2,2,2,1186.74,351.88,327.97,297.49,125.04,300000.0,100.0,154.96,0
20:34:05,225.2,2,2,2,1186.82,351.94,328.04,297.56,125.07,300000.0,100.0,154.99,0
20:34:05,225.2,2,2,2,1186.9,352.01,328.1,297.62,125.09,300000.0,100.0,155.02,0
20:34:05,225.3,2,2,2,1186.99,352.07,328.17,297.68,125.12,300000.0,100.0,155.05,0
20:34:05,225.3,2,2,2,1187.07,352.14,328.23,297.74,125.15,300000.0,100.0,155.08,0
20:34:05,225.4,2,2,2,1187.15,352.2,328.29,297.8,125.17,300000.0,100.0,155.11,0
20:34:05,225.4,2,2,2,1187.24,352.27,328.37,297.87,125.2,300000.0,100.0,155.14,0
20:34:05,225.5,2,2,2,1187.33,352.34,328.43,297.93,125.23,300000.0,100.0,155.17,0
20:34:05,225.5,2,2,2,1187.42,352.41,328.5,298.0,125.26,300000.0,100.0,155.2,0
20:34:05,225.6,2,2,2,1187.5,352.47,328.56,298.06,125.29,300000.0,100.0,155.23,0
20:34:06,225.6,2,2,2,1187.58,352.54,328.63,298.12,125.31,300000.0,100.0,155.26,0
20:34:06,225.7,2,2,2,1187.66,352.6,328.69,298.18,125.34,300000.0,100.0,155.29,0
20:34:06,225.8,2,2,2,1187.75,352.67,328.75,298.24,125.37,300000.0,100.0,155.32,0
20:34:06,225.8,2,2,2,1187.84,352.74,328.83,298.31,125.4,300000.0,100.0,155.35,0
20:34:06,225.9,2,2,2,1187.92,352.8,328.89,298.37,125.42,300000.0,100.0,155.38,0
20:34:06,225.9,2,2,2,1188.0,352.87,328.95,298.43,125.45,300000.0,100.0,155.41,0
20:34:06,226.0,2,2,2,1188.09,352.93,329.02,298.49,125.47,300000.0,100.0,155.44,0
20:34:06,226.0,2,2,2,1188.18,353.0,329.09,298.56,125.5,300000.0,100.0,155.47,0
20:34:06,226.1,2,2,2,1188.27,353.08,329.16,298.63,125.53,300000.0,100.0,155.5,0
20:34:06,226.1,2,2,2,1188.36,353.14,329.23,298.69,125.56,300000.0,100.0,155.53,0
20:34:06,226.2,2,2,2,1188.45,353.21,329.29,298.75,125.59,300000.0,100.0,155.56,0
20:34:06,226.2,2,2,2,1188.53,353.28,329.36,298.81,125.62,300000.0,100.0,155.59,0
20:34:06,226.3,2,2,2,1188.61,353.34,329.42,298.87,125.64,300000.0,100.0,155.62,0
20:34:06,226.4,2,2,2,1188.7,353.41,329.49,298.94,125.67,300000.0,100.0,155.65,0
20:34:06,226.4,2,2,2,1188.79,353.48,329.56,299.01,125.7,300000.0,100.0,155.68,0
20:34:06,226.5,2,2,2,1188.87,353.54,329.62,299.07,125.73,300000.0,100.0,155.71,0
20:34:06,226.5,2,2,2,1188.96,353.61,329.69,299.13,125.76,300000.0,100.0,155.74,0
20:34:06,226.6,2,2,2,1189.04,353.68,329.76,299.2,125.78,300000.0,100.0,155.77,0
20:34:07,226.6,2,2,2,1189.13,353.74,329.82,299.26,125.81,300000.0,100.0,155.8,0
20:34:07,226.7,2,2,2,1189.21,353.81,329.88,299.32,125.84,300000.0,100.0,155.83,0
20:34:07,226.7,2,2,2,1189.3,353.88,329.95,299.38,125.87,300000.0,100.0,155.86,0
20:34:07,226.8,2,2,2,1189.38,353.94,330.02,299.45,125.89,300000.0,100.0,155.89,0
20:34:07,226.9,2,2,2,1189.46,354.01,330.08,299.51,125.92,300000.0,100.0,155.92,0
20:34:07,226.9,2,2,2,1189.55,354.08,330.15,299.57,125.95,300000.0,100.0,155.95,0
20:34:07,227.0,2,2,2,1189.63,354.14,330.21,299.63,125.97,300000.0,100.0,155.98,0
20:34:07,227.0,2,2,2,1189.71,354.2,330.27,299.69,126.0,300000.0,100.0,156.01,0
20:34:07,227.1,2,2,2,1189.79,354.27,330.34,299.75,126.03,300000.0,100.0,156.04,0
20:34:07,227.1,2,2,2,1189.88,354.33,330.4,299.81,126.05,300000.0,100.0,156.07,0
20:34:07,227.2,2,2,2,1189.96,354.4,330.47,299.87,126.08,300000.0,100.0,156.1,0
20:34:07,227.2,2,2,2,1190.05,354.47,330.53,299.94,126.11,300000.0,100.0,156.13,0
20:34:07,227.3,2,2,2,1190.14,354.54,330.6,300.0,126.14,300000.0,100.0,156.16,0
20:34:07,227.3,2,2,2,1190.22,354.6,330.67,300.07,126.16,300000.0,100.0,156.19,0
20:34:07,227.4,2,2,2,1190.3,354.66,330.73,300.13,126.19,300000.0,100.0,156.22,0
20:34:07,227.5,2,2,2,1190.39,354.73,330.8,300.19,126.22,300000.0,100.0,156.25,0
20:34:07,227.5,2,2,2,1190.47,354.8,330.86,300.25,126.24,300000.0,100.0,156.28,0
20:34:07,227.6,2,2,2,1190.55,354.86,330.92,300.31,126.27,300000.0,100.0,156.31,0
20:34:08,227.6,2,2,2,1190.64,354.92,330.99,300.37,126.3,300000.0,100.0,156.34,0
20:34:08,227.7,2,2,2,1190.73,354.99,331.06,300.44,126.33,300000.0,100.0,156.37,0
20:34:08,227.7,2,2,2,1190.81,355.06,331.12,300.5,126.35,300000.0,100.0,156.4,0
20:34:08,227.8,2,2,2,1190.89,355.12,331.18,300.56,126.38,300000.0,100.0,156.42,0
20:34:08,227.8,2,2,2,1190.97,355.18,331.24,300.62,126.4,300000.0,100.0,156.45,0
20:34:08,227.9,2,2,2,1191.05,355.25,331.31,300.67,126.43,300000.0,100.0,156.48,0
20:34:08,227.9,2,2,2,1191.13,355.31,331.37,300.73,126.45,300000.0,100.0,156.51,0
20:34:08,228.0,2,2,2,1191.21,355.38,331.43,300.8,126.48,300000.0,100.0,156.54,0
20:34:08,228.0,2,2,2,1191.29,355.44,331.49,300.86,126.51,300000.0,100.0,156.57,0
20:34:08,228.1,2,2,2,1191.38,355.5,331.56,300.92,126.54,300000.0,100.0,156.6,0
20:34:08,228.2,2,2,2,1191.46,355.57,331.63,300.98,126.56,300000.0,100.0,156.63,0
20:34:08,228.2,2,2,2,1191.54,355.64,331.69,301.04,126.59,300000.0,100.0,156.66,0
20:34:08,228.3,2,2,2,1191.62,355.7,331.75,301.1,126.61,300000.0,100.0,156.69,0
20:34:08,228.3,2,2,2,1191.71,355.77,331.82,301.17,126.64,300000.0,100.0,156.72,0
20:34:08,228.4,2,2,2,1191.8,355.84,331.89,301.23,126.67,300000.0,100.0,156.75,0
20:34:08,228.4,2,2,2,1191.88,355.9,331.95,301.29,126.7,300000.0,100.0,156.78,0
20:34:08,228.5,2,2,2,1191.97,355.96,332.02,301.35,126.73,300000.0,100.0,156.81,0
20:34:08,228.5,2,2,2,1192.05,356.03,332.08,301.41,126.75,300000.0,100.0,156.84,0
20:34:08,228.6,2,2,2,1192.13,356.09,332.14,301.47,126.78,300000.0,100.0,156.87,0
20:34:09,228.7,2,2,2,1192.21,356.15,332.2,301.53,126.8,300000.0,100.0,156.89,0
20:34:09,228.7,2,2,2,1192.3,356.22,332.27,301.6,126.83,300000.0,100.0,156.92,0
20:34:09,228.8,2,2,2,1192.38,356.29,332.33,301.66,126.86,300000.0,100.0,156.95,0
20:34:09,228.8,2,2,2,1192.46,356.35,332.4,301.72,126.88,300000.0,100.0,156.98,0
20:34:09,228.9,2,2,2,1192.54,356.42,332.46,301.78,126.91,300000.0,100.0,157.01,0
20:34:09,228.9,2,2,2,1192.62,356.48,332.53,301.84,126.94,300000.0,100.0,157.04,0
20:34:09,229.0,2,2,2,1192.7,356.54,332.59,301.9,126.96,300000.0,100.0,157.07,0
20:34:09,229.0,2,2,2,1192.78,356.6,332.65,301.96,126.99,300000.0,100.0,157.1,0
20:34:09,229.1,2,2,2,1192.87,356.67,332.71,302.02,127.02,300000.0,100.0,157.13,0
20:34:09,229.1,2,2,2,1192.95,356.73,332.77,302.08,127.04,300000.0,100.0,157.16,0
20:34:09,229.2,2,2,2,1193.03,356.79,332.84,302.14,127.07,300000.0,100.0,157.19,0
20:34:09,229.3,2,2,2,1193.12,356.87,332.91,302.21,127.1,300000.0,100.0,157.21,0
20:34:09,229.3,2,2,2,1193.2,356.93,332.97,302.26,127.12,300000.0,100.0,157.24,0
20:34:09,229.4,2,2,2,1193.27,356.99,333.03,302.32,127.15,300000.0,100.0,157.27,0
20:34:09,229.4,2,2,2,1193.36,357.06,333.1,302.39,127.18,300000.0,100.0,157.3,0
20:34:09,229.5,2,2,2,1193.44,357.12,333.16,302.44,127.2,300000.0,100.0,157.33,0
20:34:09,229.5,2,2,2,1193.52,357.18,333.22,302.5,127.23,300000.0,100.0,157.36,0
20:34:09,229.6,2,2,2,1193.6,357.25,333.28,302.56,127.25,300000.0,100.0,157.39,0
20:34:10,229.6,2,2,2,1193.68,357.31,333.35,302.62,127.28,300000.0,100.0,157.42,0
20:34:10,229.7,2,2,2,1193.76,357.37,333.41,302.68,127.3,300000.0,100.0,157.45,0
20:34:10,229.8,2,2,2,1193.85,357.44,333.47,302.74,127.33,300000.0,100.0,157.47,0
20:34:10,229.8,2,2,2,1193.94,357.51,333.54,302.81,127.36,300000.0,100.0,157.5,0
20:34:10,229.9,2,2,2,1194.02,357.57,333.6,302.87,127.39,300000.0,100.0,157.53,0
20:34:10,229.9,2,2,2,1194.1,357.63,333.67,302.93,127.41,300000.0,100.0,157.56,0
20:34:10,230.0,2,2,2,1194.18,357.7,333.73,302.99,127.44,300000.0,100.0,157.59,0
20:34:10,230.0,2,2,2,1194.26,357.76,333.79,303.05,127.46,300000.0,100.0,157.62,0
20:34:10,230.1,2,2,2,1194.34,357.82,333.85,303.11,127.49,300000.0,100.0,157.65,0
20:34:10,230.1,2,2,2,1194.43,357.89,333.92,303.17,127.52,300000.0,100.0,157.68,0
20:34:10,230.2,2,2,2,1194.51,357.96,333.99,303.24,127.55,300000.0,100.0,157.7,0
20:34:10,230.2,2,2,2,1194.59,358.02,334.05,303.29,127.57,300000.0,100.0,157.73,0
20:34:10,230.3,2,2,2,1194.67,358.09,334.11,303.36,127.6,300000.0,100.0,157.76,0
20:34:10,230.4,2,2,2,1194.75,358.15,334.17,303.41,127.62,300000.0,100.0,157.79,0
20:34:10,230.4,2,2,2,1194.83,358.21,334.23,303.47,127.65,300000.0,100.0,157.82,0
20:34:10,230.5,2,2,2,1194.91,358.27,334.29,303.53,127.67,300000.0,100.0,157.85,0
20:34:10,230.5,2,2,2,1195.0,358.34,334.37,303.6,127.71,300000.0,100.0,157.88,0
20:34:10,230.6,2,2,2,1195.08,358.41,334.43,303.66,127.73,300000.0,100.0,157.91,0
20:34:11,230.6,2,2,2,1195.16,358.47,334.49,303.72,127.76,300000.0,100.0,157.93,0
20:34:11,230.7,2,2,2,1195.24,358.53,334.55,303.78,127.78,300000.0,100.0,157.96,0
20:34:11,230.7,2,2,2,1195.33,358.6,334.62,303.84,127.81,300000.0,100.0,157.99,0
20:34:11,230.8,2,2,2,1195.41,358.66,334.68,303.9,127.84,300000.0,100.0,158.02,0
20:34:11,230.9,2,2,2,1195.5,358.73,334.75,303.97,127.87,300000.0,100.0,158.05,0
20:34:11,230.9,2,2,2,1195.58,358.79,334.81,304.02,127.89,300000.0,100.0,158.08,0
20:34:11,231.0,2,2,2,1195.65,358.85,334.87,304.08,127.92,300000.0,100.0,158.1,0
20:34:11,231.0,2,2,2,1195.74,358.92,334.94,304.14,127.94,300000.0,100.0,158.13,0
20:34:11,231.1,2,2,2,1195.82,358.98,335.0,304.2,127.97,300000.0,100.0,158.16,0
20:34:11,231.1,2,2,2,1195.9,359.04,335.06,304.26,127.99,300000.0,100.0,158.19,0
20:34:11,231.2,2,2,2,1195.97,359.1,335.12,304.32,128.02,300000.0,100.0,158.22,0
20:34:11,231.2,2,2,2,1196.05,359.16,335.18,304.38,128.04,300000.0,100.0,158.25,0
20:34:11,231.3,2,2,2,1196.13,359.22,335.24,304.43,128.07,300000.0,100.0,158.27,0
20:34:11,231.3,2,2,2,1196.21,359.29,335.3,304.49,128.1,300000.0,100.0,158.3,0
20:34:11,231.4,2,2,2,1196.29,359.35,335.36,304.55,128.12,300000.0,100.0,158.33,0
20:34:11,231.5,2,2,2,1196.37,359.41,335.43,304.61,128.15,300000.0,100.0,158.36,0
20:34:11,231.5,2,2,2,1196.44,359.47,335.49,304.67,128.17,300000.0,100.0,158.39,0
20:34:11,231.6,2,2,2,1196.52,359.53,335.54,304.72,128.2,300000.0,100.0,158.42,0
20:34:12,231.6,2,2,2,1196.62,359.61,335.62,304.8,128.23,300000.0,100.0,158.44,0
20:34:12,231.7,2,2,2,1196.7,359.67,335.68,304.85,128.25,300000.0,100.0,158.47,0
20:34:12,231.7,2,2,2,1196.77,359.73,335.74,304.91,128.28,300000.0,100.0,158.5,0
20:34:12,231.8,2,2,2,1196.85,359.79,335.8,304.97,128.3,300000.0,100.0,158.53,0
20:34:12,231.8,2,2,2,1196.93,359.86,335.86,305.03,128.33,300000.0,100.0,158.56,0
20:34:12,231.9,2,2,2,1197.01,359.91,335.92,305.08,128.35,300000.0,100.0,158.58,0
20:34:12,231.9,2,2,2,1197.08,359.97,335.98,305.14,128.38,300000.0,100.0,158.61,0
20:34:12,232.0,2,2,2,1197.16,360.03,336.04,305.2,128.4,300000.0,100.0,158.64,0
20:34:12,232.1,2,2,2,1197.24,360.09,336.1,305.25,128.43,300000.0,100.0,158.67,0
20:34:12,232.1,2,2,2,1197.33,360.16,336.17,305.32,128.46,300000.0,100.0,158.7,0
20:34:12,232.2,2,2,2,1197.4,360.22,336.23,305.38,128.48,300000.0,100.0,158.72,0
20:34:12,232.2,2,2,2,1197.48,360.28,336.29,305.43,128.51,300000.0,100.0,158.75,0
20:34:12,232.3,2,2,2,1197.56,360.34,336.35,305.49,128.53,300000.0,100.0,158.78,0
20:34:12,232.3,2,2,2,1197.63,360.4,336.41,305.55,128.56,300000.0,100.0,158.81,0
20:34:12,232.4,2,2,2,1197.71,360.46,336.47,305.6,128.58,300000.0,100.0,158.84,0
20:34:12,232.4,2,2,2,1197.79,360.53,336.53,305.66,128.61,300000.0,100.0,158.86,0
20:34:12,232.5,2,2,2,1197.87,360.59,336.59,305.72,128.63,300000.0,100.0,158.89,0
20:34:12,232.5,2,2,2,1197.95,360.65,336.65,305.78,128.66,300000.0,100.0,158.92,0
20:34:12,232.6,2,2,2,1198.02,360.71,336.71,305.84,128.68,300000.0,100.0,158.95,0
20:34:13,232.7,2,2,2,1198.11,360.78,336.78,305.9,128.71,300000.0,100.0,158.98,0
20:34:13,232.7,2,2,2,1198.19,360.84,336.84,305.96,128.73,300000.0,100.0,159.0,0
20:34:13,232.8,2,2,2,1198.26,360.9,336.89,306.01,128.76,300000.0,100.0,159.03,0
20:34:13,232.8,2,2,2,1198.35,360.96,336.96,306.08,128.79,300000.0,100.0,159.06,0
20:34:13,232.9,2,2,2,1198.44,361.04,337.03,306.14,128.82,300000.0,100.0,159.09,0
20:34:13,232.9,2,2,2,1198.51,361.1,337.09,306.2,128.84,300000.0,100.0,159.11,0
20:34:13,233.0,2,2,2,1198.59,361.15,337.15,306.25,128.86,300000.0,100.0,159.14,0
20:34:13,233.1,2,2,2,1198.67,361.21,337.21,306.31,128.89,300000.0,100.0,159.17,0
20:34:13,233.1,2,2,2,1198.74,361.28,337.27,306.37,128.91,300000.0,100.0,159.2,0
20:34:13,233.2,2,2,2,1198.82,361.33,337.33,306.43,128.94,300000.0,100.0,159.23,0
20:34:13,233.2,2,2,2,1198.9,361.4,337.39,306.48,128.96,300000.0,100.0,159.25,0
20:34:13,233.3,2,2,2,1198.97,361.46,337.45,306.54,128.99,300000.0,100.0,159.28,0
20:34:13,233.3,2,2,2,1199.05,361.51,337.51,306.6,129.01,300000.0,100.0,159.31,0
20:34:13,233.4,2,2,2,1199.13,361.58,337.57,306.66,129.04,300000.0,100.0,159.34,0
20:34:13,233.4,2,2,2,1199.21,361.64,337.63,306.71,129.06,300000.0,100.0,159.36,0
20:34:13,233.5,2,2,2,1199.28,361.7,337.69,306.77,129.09,300000.0,100.0,159.39,0
20:34:13,233.5,2,2,2,1199.37,361.76,337.75,306.83,129.12,300000.0,100.0,159.42,0
20:34:13,233.6,2,2,2,1199.44,361.82,337.81,306.89,129.14,300000.0,100.0,159.45,0
20:34:14,233.7,2,2,2,1199.51,361.88,337.87,306.94,129.16,300000.0,100.0,159.47,0
20:34:14,233.7,2,2,2,1199.6,361.95,337.93,307.0,129.19,300000.0,100.0,159.5,0
20:34:14,233.8,2,2,2,1199.67,362.01,337.99,307.06,129.22,300000.0,100.0,159.53,0
20:34:14,233.8,2,2,2,1199.75,362.06,338.05,307.11,129.24,300000.0,100.0,159.56,0
20:34:14,233.9,2,2,2,1199.82,362.12,338.11,307.17,129.26,300000.0,100.0,159.58,0
20:34:14,233.9,2,2,2,1199.91,362.19,338.17,307.23,129.29,300000.0,100.0,159.61,0
20:34:14,234.0,2,2,2,1199.98,362.24,338.23,307.28,129.31,300000.0,100.0,159.64,0
20:34:14,234.0,2,2,2,1200.06,362.31,338.29,307.35,129.34,300000.0,100.0,159.67,0
20:34:14,234.1,2,2,2,1200.14,362.37,338.35,307.4,129.37,300000.0,100.0,159.69,0
20:34:14,234.1,2,2,2,1200.22,362.43,338.41,307.46,129.39,300000.0,100.0,159.72,0
20:34:14,234.2,2,2,2,1200.29,362.49,338.47,307.52,129.42,300000.0,100.0,159.75,0
20:34:14,234.3,2,2,2,1200.38,362.56,338.53,307.58,129.44,300000.0,100.0,159.78,0
20:34:14,234.3,2,2,2,1200.46,362.62,338.6,307.64,129.47,300000.0,100.0,159.8,0
20:34:14,234.4,2,2,2,1200.53,362.68,338.65,307.69,129.49,300000.0,100.0,159.83,0
20:34:14,234.4,2,2,2,1200.61,362.74,338.71,307.75,129.52,300000.0,100.0,159.86,0
20:34:14,234.5,2,2,2,1200.69,362.81,338.78,307.82,129.55,300000.0,100.0,159.88,0
20:34:14,234.5,2,2,2,1200.77,362.87,338.84,307.87,129.57,300000.0,100.0,159.91,0
20:34:14,234.6,2,2,2,1200.85,362.93,338.91,307.93,129.6,300000.0,100.0,159.94,0
20:34:15,234.6,2,2,2,1200.93,362.99,338.96,307.99,129.62,300000.0,100.0,159.97,0
20:34:15,234.7,2,2,2,1201.0,363.05,339.02,308.04,129.64,300000.0,100.0,159.99,0
20:34:15,234.8,2,2,2,1201.07,363.1,339.08,308.09,129.67,300000.0,100.0,160.02,0
20:34:15,234.8,2,2,2,1201.15,363.16,339.14,308.15,129.69,300000.0,100.0,160.05,0
20:34:15,234.9,2,2,2,1201.22,363.22,339.19,308.21,129.72,300000.0,100.0,160.07,0
20:34:15,234.9,2,2,2,1201.3,363.28,339.25,308.26,129.74,300000.0,100.0,160.1,0
20:34:15,235.0,2,2,2,1201.38,363.34,339.31,308.32,129.77,300000.0,100.0,160.13,0
20:34:15,235.0,2,2,2,1201.45,363.4,339.37,308.37,129.79,300000.0,100.0,160.16,0
20:34:15,235.1,2,2,2,1201.52,363.46,339.42,308.43,129.81,300000.0,100.0,160.18,0
20:34:15,235.1,2,2,2,1201.61,363.52,339.49,308.49,129.84,300000.0,100.0,160.21,0
20:34:15,235.2,2,2,2,1201.68,363.58,339.55,308.55,129.86,300000.0,100.0,160.24,0
20:34:15,235.2,2,2,2,1201.76,363.64,339.61,308.6,129.89,300000.0,100.0,160.26,0
20:34:15,235.3,2,2,2,1201.84,363.7,339.67,308.66,129.92,300000.0,100.0,160.29,0
20:34:15,235.4,2,2,2,1201.92,363.76,339.73,308.72,129.94,300000.0,100.0,160.32,0
20:34:15,235.4,2,2,2,1201.99,363.82,339.79,308.77,129.96,300000.0,100.0,160.34,0
20:34:15,235.5,2,2,2,1202.07,363.89,339.85,308.84,129.99,300000.0,100.0,160.37,0
20:34:15,235.5,2,2,2,1202.14,363.94,339.91,308.89,130.02,300000.0,100.0,160.4,0
20:34:15,235.6,2,2,2,1202.22,364.0,339.96,308.94,130.04,300000.0,100.0,160.43,0
20:34:16,235.6,2,2,2,1202.29,364.06,340.02,309.0,130.06,300000.0,100.0,160.45,0
20:34:16,235.7,2,2,2,1202.36,364.12,339.55,309.05,130.09,300000.0,100.0,160.29,0
20:34:16,235.7,2,2,2,1202.44,364.06,339.08,309.1,130.11,300000.0,100.0,160.13,0
20:34:16,235.8,2,2,2,1202.52,363.91,338.63,309.14,130.14,300000.0,100.0,159.96,0
20:34:16,235.8,2,2,2,1202.59,363.71,338.23,309.17,130.16,300000.0,100.0,159.8,0
20:34:16,235.9,2,2,2,1202.66,363.47,337.85,309.2,130.18,300000.0,100.0,159.64,0
20:34:16,236.0,2,2,2,1202.74,363.17,337.44,309.22,130.21,300000.0,100.0,159.47,0
20:34:16,236.0,2,2,2,1202.81,362.86,337.06,309.23,130.23,300000.0,100.0,159.3,0
20:34:16,236.1,2,2,2,1202.88,362.55,336.71,309.24,130.26,300000.0,100.0,159.14,0
20:34:16,236.1,2,2,2,1202.95,362.24,336.37,309.24,130.28,300000.0,100.0,158.98,0
20:34:16,236.2,2,2,2,1203.02,361.9,336.01,309.23,130.31,300000.0,100.0,158.81,0
20:34:16,236.2,2,2,2,1203.08,361.58,335.68,309.22,130.33,300000.0,100.0,158.65,0
20:34:16,236.3,2,2,2,1203.14,361.27,335.37,309.21,130.35,300000.0,100.0,158.5,0
20:34:16,236.3,2,2,2,1203.22,360.9,335.0,309.18,130.38,300000.0,100.0,158.31,0
20:34:16,236.4,2,2,2,1203.28,360.59,334.7,309.16,130.4,300000.0,100.0,158.15,0
20:34:16,236.5,2,2,2,1203.34,360.29,334.41,309.13,130.42,300000.0,100.0,157.99,0
20:34:16,236.5,2,2,2,1203.4,359.96,334.1,309.1,130.45,300000.0,100.0,157.82,0
20:34:16,236.6,2,2,2,1203.46,359.67,333.81,309.06,130.47,300000.0,100.0,157.67,0
20:34:16,236.6,2,2,2,1203.51,359.38,333.53,309.02,130.49,300000.0,100.0,157.51,0
20:34:17,236.7,2,2,2,1203.57,359.06,333.23,308.97,130.51,300000.0,100.0,157.34,0
20:34:17,236.7,2,2,2,1203.62,358.78,332.96,308.93,130.53,300000.0,100.0,157.18,0
20:34:17,236.8,2,2,2,1203.68,358.51,332.7,308.88,130.55,300000.0,100.0,157.02,0
20:34:17,236.8,2,2,2,1203.73,358.23,332.44,308.82,130.57,300000.0,100.0,156.87,0
20:34:17,236.9,2,2,2,1203.78,357.95,332.16,308.76,130.6,300000.0,100.0,156.7,0
20:34:17,236.9,2,2,2,1203.83,357.68,331.9,308.7,130.62,300000.0,100.0,156.54,0
20:34:17,237.0,2,2,2,1203.88,357.42,331.66,308.64,130.64,300000.0,100.0,156.38,0
20:34:17,237.0,2,2,2,1203.93,357.14,331.39,308.57,130.66,300000.0,100.0,156.21,0
20:34:17,237.1,2,2,2,1203.98,356.9,331.15,308.51,130.68,300000.0,100.0,156.05,0
20:34:17,237.2,2,2,2,1204.02,356.65,330.91,308.44,130.7,300000.0,100.0,155.9,0
20:34:17,237.2,2,2,2,1204.07,356.38,330.65,308.36,130.72,300000.0,100.0,155.72,0
20:34:17,237.3,2,2,2,1204.12,356.11,330.39,308.27,130.74,300000.0,100.0,155.54,0
20:34:17,237.3,2,2,2,1204.17,355.87,330.16,308.19,130.76,300000.0,100.0,155.38,0
20:34:17,237.4,2,2,2,1204.21,355.62,329.92,308.11,130.78,300000.0,100.0,155.21,0
20:34:17,237.4,2,2,2,1204.25,355.39,329.7,308.03,130.79,300000.0,100.0,155.06,0
20:34:17,237.5,2,2,2,1204.29,355.17,329.48,307.94,130.81,300000.0,100.0,154.9,0
20:34:17,237.5,2,2,2,1204.34,354.91,329.23,307.84,130.83,300000.0,100.0,154.72,0
20:34:17,237.6,2,2,2,1204.38,354.67,329.0,307.75,130.85,300000.0,100.0,154.55,0
20:34:18,237.6,2,2,2,1204.42,354.46,328.8,307.66,130.87,300000.0,100.0,154.39,0
20:34:18,237.7,2,2,2,1204.45,354.24,328.58,307.57,130.88,300000.0,100.0,154.23,0
20:34:18,237.8,2,2,2,1204.5,353.98,328.33,307.46,130.9,300000.0,100.0,154.04,0
20:34:18,237.8,2,2,2,1204.53,353.77,328.12,307.36,130.92,300000.0,100.0,153.87,0
20:34:18,237.9,2,2,2,1204.57,353.56,327.92,307.27,130.94,300000.0,100.0,153.72,0
20:34:18,237.9,2,2,2,1204.61,353.34,327.7,307.16,130.95,300000.0,100.0,153.54,0
20:34:18,238.0,2,2,2,1204.64,353.14,327.5,307.06,130.97,300000.0,100.0,153.39,0
20:34:18,238.0,2,2,2,1204.67,352.94,327.31,306.96,130.98,300000.0,100.0,153.23,0
20:34:18,238.1,2,2,2,1204.71,352.73,327.1,306.85,131.0,300000.0,100.0,153.06,0
20:34:18,238.1,2,2,2,1204.74,352.53,326.91,306.75,131.01,300000.0,100.0,152.9,0
20:34:18,238.2,2,2,2,1204.77,352.34,326.72,306.65,131.03,300000.0,100.0,152.74,0
20:34:18,238.3,2,2,2,1204.8,352.14,326.52,306.53,131.04,300000.0,100.0,152.57,0
20:34:18,238.3,2,2,2,1204.83,351.95,326.33,306.43,131.05,300000.0,100.0,152.41,0
20:34:18,238.4,2,2,2,1204.85,351.77,326.15,306.32,131.07,300000.0,100.0,152.26,0
20:34:18,238.4,2,2,2,1204.89,351.54,325.93,306.19,131.08,300000.0,100.0,152.08,0
20:34:18,238.5,2,2,2,1204.92,351.35,325.74,306.08,131.09,300000.0,100.0,151.92,0
20:34:18,238.5,2,2,2,1204.94,351.17,325.57,305.97,131.11,300000.0,100.0,151.76,0
20:34:18,238.6,2,2,2,1204.97,350.98,325.38,305.86,131.12,300000.0,100.0,151.6,0
20:34:19,238.6,2,2,2,1204.99,350.8,325.19,305.74,131.13,300000.0,100.0,151.43,0
20:34:19,238.7,2,2,2,1205.02,350.62,325.02,305.63,131.14,300000.0,100.0,151.27,0
20:34:19,238.8,2,2,2,1205.04,350.45,324.85,305.52,131.15,300000.0,100.0,151.12,0
20:34:19,238.8,2,2,2,1205.07,350.25,324.65,305.39,131.17,300000.0,100.0,150.95,0
20:34:19,238.9,2,2,2,1205.09,350.08,324.48,305.27,131.18,300000.0,100.0,150.8,0
20:34:19,238.9,2,2,2,1205.11,349.91,324.31,305.16,131.19,300000.0,100.0,150.64,0
20:34:19,239.0,2,2,2,1205.13,349.73,324.13,305.04,131.2,300000.0,100.0,150.48,0
20:34:19,239.0,2,2,2,1205.15,349.56,323.96,304.92,131.21,300000.0,100.0,150.32,0
20:34:19,239.1,2,2,2,1205.17,349.4,323.8,304.8,131.21,300000.0,100.0,150.16,0
20:34:19,239.1,2,2,2,1205.2,349.22,323.62,304.68,131.22,300000.0,100.0,150.01,0
20:34:19,239.2,2,2,2,1205.21,349.06,323.46,304.56,131.23,300000.0,100.0,149.85,0
20:34:19,239.2,2,2,2,1205.23,348.89,323.29,304.44,131.24,300000.0,100.0,149.7,0
20:34:19,239.3,2,2,2,1205.25,348.71,323.11,304.31,131.25,300000.0,100.0,149.54,0
20:34:19,239.3,2,2,2,1205.27,348.55,322.96,304.19,131.26,300000.0,100.0,149.39,0
20:34:19,239.4,2,2,2,1205.28,348.4,322.8,304.08,131.26,300000.0,100.0,149.24,0
20:34:19,239.5,2,2,2,1205.3,348.21,322.61,303.94,131.27,300000.0,100.0,149.09,0
20:34:19,239.5,2,2,2,1205.32,348.05,322.45,303.82,131.28,300000.0,100.0,148.94,0
20:34:19,239.6,2,2,2,1205.33,347.9,322.3,303.7,131.28,300000.0,100.0,148.79,0
20:34:19,239.6,2,2,2,1205.35,347.74,322.14,303.58,131.29,300000.0,100.0,148.64,0
20:34:20,239.7,2,2,2,1205.36,347.59,321.99,303.46,131.3,300000.0,100.0,148.5,0
20:34:20,239.7,2,2,2,1205.37,347.44,321.83,303.34,131.3,300000.0,100.0,148.35,0
20:34:20,239.8,2,2,2,1205.39,347.28,321.67,303.21,131.31,300000.0,100.0,148.2,0
20:34:20,239.8,2,2,2,1205.4,347.13,321.52,303.09,131.31,300000.0,100.0,148.06,0
20:34:20,239.9,2,2,2,1205.41,346.98,321.37,302.97,131.32,300000.0,100.0,147.91,0
20:34:20,239.9,2,2,2,1205.42,346.8,321.19,302.83,131.32,300000.0,100.0,147.77,0
20:34:20,240.0,2,2,2,1205.43,346.65,321.04,302.71,131.33,300000.0,100.0,147.63,0
20:34:20,240.1,2,2,2,1205.44,346.5,320.89,302.59,131.33,300000.0,100.0,147.49,0
20:34:20,240.1,2,2,2,1205.45,346.35,320.74,302.46,131.33,300000.0,100.0,147.34,0
20:34:20,240.2,2,2,2,1205.47,346.14,320.53,302.29,131.34,300000.0,100.0,147.2,0
20:34:20,240.2,2,2,2,1205.47,345.99,320.38,302.16,131.34,300000.0,100.0,147.06,0
20:34:20,240.3,2,2,2,1205.48,345.85,320.23,302.04,131.34,300000.0,100.0,146.92,0
20:34:20,240.3,2,2,2,1205.49,345.69,320.07,301.91,131.35,300000.0,100.0,146.78,0
20:34:20,240.4,2,2,2,1205.5,345.55,319.92,301.78,131.35,300000.0,100.0,146.64,0
20:34:20,240.5,2,2,2,1205.5,345.4,320.3,301.66,131.35,300000.0,100.0,146.8,0
20:34:20,240.5,2,2,2,1205.51,345.36,320.73,301.52,131.35,300000.0,100.0,146.97,0
20:34:20,240.6,2,2,2,1205.52,345.43,321.07,301.41,131.35,300000.0,100.0,147.13,0
20:34:21,240.6,2,2,2,1205.52,345.55,321.38,301.31,131.35,300000.0,100.0,147.27,0
20:34:21,240.7,2,2,2,1205.53,345.74,321.72,301.21,131.36,300000.0,100.0,147.41,0
20:34:21,240.7,2,2,2,1205.54,345.94,322.01,301.12,131.36,300000.0,100.0,147.55,0
20:34:21,240.8,2,2,2,1205.55,346.15,322.28,301.04,131.36,300000.0,100.0,147.68,0
20:34:21,240.8,2,2,2,1205.55,346.38,322.56,300.96,131.36,300000.0,100.0,147.8,0
20:34:21,240.9,2,2,2,1205.56,346.63,322.83,300.89,131.36,300000.0,100.0,147.92,0
20:34:21,241.0,2,2,2,1205.57,346.87,323.08,300.82,131.36,300000.0,100.0,148.04,0
20:34:21,241.0,2,2,2,1205.58,347.1,323.32,300.76,131.36,300000.0,100.0,148.15,0
20:34:21,241.1,2,2,2,1205.6,347.35,323.56,300.71,131.36,300000.0,100.0,148.26,0
20:34:21,241.1,2,2,2,1205.61,347.58,323.79,300.66,131.36,300000.0,100.0,148.37,0
20:34:21,241.2,2,2,2,1205.62,347.81,324.0,300.61,131.36,300000.0,100.0,148.47,0
20:34:21,241.2,2,2,2,1205.63,348.03,324.21,300.57,131.35,300000.0,100.0,148.57,0
20:34:21,241.3,2,2,2,1205.65,348.27,324.44,300.53,131.35,300000.0,100.0,148.67,0
20:34:21,241.3,2,2,2,1205.66,348.49,324.64,300.5,131.35,300000.0,100.0,148.77,0
20:34:21,241.4,2,2,2,1205.68,348.7,324.84,300.47,131.35,300000.0,100.0,148.86,0
20:34:21,241.4,2,2,2,1205.69,348.93,325.05,300.44,131.35,300000.0,100.0,148.95,0
20:34:21,241.5,2,2,2,1205.71,349.13,325.24,300.42,131.35,300000.0,100.0,149.04,0
20:34:21,241.5,2,2,2,1205.73,349.34,325.43,300.4,131.35,300000.0,100.0,149.13,0
20:34:21,241.6,2,2,2,1205.74,349.53,325.61,300.38,131.35,300000.0,100.0,149.22,0
20:34:22,241.7,2,2,2,1205.76,349.74,325.8,300.36,131.35,300000.0,100.0,149.3,0
20:34:22,241.7,2,2,2,1205.78,349.93,325.98,300.35,131.35,300000.0,100.0,149.38,0
20:34:22,241.8,2,2,2,1205.8,350.11,326.15,300.35,131.34,300000.0,100.0,149.46,0
20:34:22,241.8,2,2,2,1205.82,350.31,326.33,300.34,131.34,300000.0,100.0,149.54,0
20:34:22,241.9,2,2,2,1205.84,350.48,326.49,300.34,131.34,300000.0,100.0,149.62,0
20:34:22,241.9,2,2,2,1205.86,350.67,326.67,300.34,131.34,300000.0,100.0,149.7,0
20:34:22,242.0,2,2,2,1205.89,350.86,326.84,300.34,131.34,300000.0,100.0,149.77,0
20:34:22,242.0,2,2,2,1205.91,351.04,327.02,300.35,131.34,300000.0,100.0,149.84,0
20:34:22,242.1,2,2,2,1205.93,351.21,327.17,300.36,131.34,300000.0,100.0,149.92,0
20:34:22,242.2,2,2,2,1205.97,351.42,327.37,300.37,131.34,300000.0,100.0,149.99,0
20:34:22,242.2,2,2,2,1205.99,351.58,327.51,300.39,131.33,300000.0,100.0,150.05,0
20:34:22,242.3,2,2,2,1206.01,351.73,327.65,300.4,131.33,300000.0,100.0,150.12,0
20:34:22,242.3,2,2,2,1206.04,351.89,327.81,300.42,131.33,300000.0,100.0,150.19,0
20:34:22,242.4,2,2,2,1206.06,352.03,327.94,300.44,131.33,300000.0,100.0,150.25,0
20:34:22,242.4,2,2,2,1206.09,352.18,328.08,300.46,131.33,300000.0,100.0,150.31,0
20:34:22,242.5,2,2,2,1206.11,352.33,328.22,300.49,131.33,300000.0,100.0,150.38,0
20:34:22,242.5,2,2,2,1206.14,352.46,328.35,300.51,131.33,300000.0,100.0,150.44,0
20:34:22,242.6,2,2,2,1206.16,352.6,328.48,300.54,131.33,300000.0,100.0,150.5,0
20:34:23,242.7,2,2,2,1206.19,352.73,328.6,300.56,131.33,300000.0,100.0,150.56,0
20:34:23,242.7,2,2,2,1206.22,352.88,328.74,300.59,131.33,300000.0,100.0,150.62,0
20:34:23,242.8,2,2,2,1206.25,353.0,328.86,300.62,131.33,300000.0,100.0,150.67,0
20:34:23,242.8,2,2,2,1206.27,353.13,328.98,300.66,131.33,300000.0,100.0,150.73,0
20:34:23,242.9,2,2,2,1206.3,353.26,329.1,300.69,131.33,300000.0,100.0,150.79,0
20:34:23,242.9,2,2,2,1206.33,353.38,329.22,300.72,131.33,300000.0,100.0,150.84,0
20:34:23,243.0,2,2,2,1206.36,353.5,329.33,300.76,131.33,300000.0,100.0,150.9,0
20:34:23,243.0,2,2,2,1206.39,353.64,329.46,300.8,131.33,300000.0,100.0,150.95,0
20:34:23,243.1,2,2,2,1206.42,353.77,329.59,300.84,131.33,300000.0,100.0,151.0,0
20:34:23,243.2,2,2,2,1206.45,353.89,329.7,300.88,131.33,300000.0,100.0,151.06,0
20:34:23,243.2,2,2,2,1206.48,354.01,329.82,300.93,131.33,300000.0,100.0,151.11,0
20:34:23,243.3,2,2,2,1206.51,354.13,329.93,300.97,131.33,300000.0,100.0,151.16,0
20:34:23,243.3,2,2,2,1206.54,354.23,330.03,301.01,131.33,300000.0,100.0,151.21,0
20:34:23,243.4,2,2,2,1206.57,354.35,330.15,301.05,131.33,300000.0,100.0,151.26,0
20:34:23,243.4,2,2,2,1206.61,354.46,330.25,301.1,131.33,300000.0,100.0,151.31,0
20:34:23,243.5,2,2,2,1206.64,354.57,330.36,301.14,131.33,300000.0,100.0,151.36,0
20:34:23,243.5,2,2,2,1206.67,354.68,330.46,301.19,131.33,300000.0,100.0,151.4,0
20:34:23,243.6,2,2,2,1206.7,354.79,330.57,301.24,131.33,300000.0,100.0,151.45,0
20:34:24,243.6,2,2,2,1206.73,354.89,330.67,301.29,131.33,300000.0,100.0,151.5,0
20:34:24,243.7,2,2,2,1206.76,354.99,330.76,301.33,131.33,300000.0,100.0,151.54,0
20:34:24,243.8,2,2,2,1206.79,355.09,330.86,301.38,131.33,300000.0,100.0,151.59,0
20:34:24,243.8,2,2,2,1206.83,355.19,330.96,301.43,131.33,300000.0,100.0,151.63,0
20:34:24,243.9,2,2,2,1206.86,355.29,331.05,301.48,131.33,300000.0,100.0,151.68,0
20:34:24,243.9,2,2,2,1206.89,355.4,331.16,301.54,131.33,300000.0,100.0,151.72,0
20:34:24,244.0,2,2,2,1206.93,355.5,331.26,301.59,131.34,300000.0,100.0,151.77,0
20:34:24,244.0,2,2,2,1206.96,355.6,331.35,301.64,131.34,300000.0,100.0,151.81,0
20:34:24,244.1,2,2,2,1207.0,355.69,331.44,301.7,131.34,300000.0,100.0,151.85,0
20:34:24,244.1,2,2,2,1207.03,355.79,331.54,301.75,131.34,300000.0,100.0,151.9,0
20:34:24,244.2,2,2,2,1207.06,355.89,331.63,301.8,131.34,300000.0,100.0,151.94,0
20:34:24,244.3,2,2,2,1207.1,355.98,331.72,301.86,131.34,300000.0,100.0,151.98,0
20:34:24,244.3,2,2,2,1207.14,356.09,331.83,301.93,131.35,300000.0,100.0,152.02,0
20:34:24,244.4,2,2,2,1207.18,356.18,331.92,301.98,131.35,300000.0,100.0,152.07,0
20:34:24,244.4,2,2,2,1207.21,356.27,332.01,302.04,131.35,300000.0,100.0,152.11,0
20:34:24,244.5,2,2,2,1207.25,356.37,332.11,302.1,131.35,300000.0,100.0,152.15,0
20:34:24,244.5,2,2,2,1207.28,356.46,332.19,302.15,131.36,300000.0,100.0,152.19,0
20:34:24,244.6,2,2,2,1207.32,356.54,332.28,302.21,131.36,300000.0,100.0,152.23,0
20:34:25,244.6,2,2,2,1207.35,356.64,332.37,302.27,131.36,300000.0,100.0,152.27,0
20:34:25,244.7,2,2,2,1207.39,356.72,332.45,302.33,131.36,300000.0,100.0,152.31,0
20:34:25,244.7,2,2,2,1207.42,356.8,332.53,302.38,131.37,300000.0,100.0,152.35,0
20:34:25,244.8,2,2,2,1207.46,356.89,332.62,302.44,131.37,300000.0,100.0,152.39,0
20:34:25,244.9,2,2,2,1207.5,356.98,332.7,302.5,131.37,300000.0,100.0,152.42,0
20:34:25,244.9,2,2,2,1207.53,357.06,332.79,302.56,131.38,300000.0,100.0,152.46,0
20:34:25,245.0,2,2,2,1207.57,357.14,332.87,302.62,131.38,300000.0,100.0,152.5,0
20:34:25,245.0,2,2,2,1207.61,357.24,332.96,302.68,131.38,300000.0,100.0,152.54,0
20:34:25,245.1,2,2,2,1207.65,357.33,333.05,302.75,131.39,300000.0,100.0,152.58,0
20:34:25,245.1,2,2,2,1207.68,357.41,333.13,302.8,131.39,300000.0,100.0,152.62,0
20:34:25,245.2,2,2,2,1207.72,357.49,333.21,302.87,131.4,300000.0,100.0,152.65,0
20:34:25,245.2,2,2,2,1207.76,357.58,333.3,302.93,131.4,300000.0,100.0,152.69,0
20:34:25,245.3,2,2,2,1207.8,357.66,333.37,302.99,131.4,300000.0,100.0,152.73,0
20:34:25,245.4,2,2,2,1207.84,357.74,333.46,303.05,131.41,300000.0,100.0,152.76,0
20:34:25,245.4,2,2,2,1207.88,357.83,333.55,303.12,131.41,300000.0,100.0,152.8,0
20:34:25,245.5,2,2,2,1207.92,357.91,333.62,303.18,131.42,300000.0,100.0,152.84,0
20:34:25,245.5,2,2,2,1207.95,357.98,333.7,303.24,131.42,300000.0,100.0,152.87,0
20:34:25,245.6,2,2,2,1207.99,358.07,333.79,303.31,131.43,300000.0,100.0,152.91,0
20:34:26,245.6,2,2,2,1208.03,358.15,333.86,303.37,131.43,300000.0,100.0,152.95,0
20:34:26,245.7,2,2,2,1208.07,358.23,333.94,303.43,131.44,300000.0,100.0,152.98,0
20:34:26,245.7,2,2,2,1208.11,358.32,334.03,303.5,131.44,300000.0,100.0,153.02,0
20:34:26,245.8,2,2,2,1208.15,358.39,334.1,303.56,131.45,300000.0,100.0,153.05,0
20:34:26,245.9,2,2,2,1208.19,358.47,334.18,303.62,131.45,300000.0,100.0,153.09,0
20:34:26,245.9,2,2,2,1208.23,358.56,334.27,303.69,131.46,300000.0,100.0,153.12,0
20:34:26,246.0,2,2,2,1208.27,358.64,334.35,303.76,131.46,300000.0,100.0,153.16,0
20:34:26,246.0,2,2,2,1208.31,358.71,334.42,303.82,131.47,300000.0,100.0,153.19,0
20:34:26,246.1,2,2,2,1208.35,358.78,334.5,303.88,131.47,300000.0,100.0,153.23,0
20:34:26,246.1,2,2,2,1208.4,358.87,334.58,303.95,131.48,300000.0,100.0,153.26,0
20:34:26,246.2,2,2,2,1208.44,358.94,334.65,304.01,131.49,300000.0,100.0,153.3,0
20:34:26,246.3,2,2,2,1208.48,359.02,334.73,304.08,131.49,300000.0,100.0,153.33,0
20:34:26,246.3,2,2,2,1208.52,359.1,334.81,304.15,131.5,300000.0,100.0,153.36,0
20:34:26,246.4,2,2,2,1208.56,359.18,334.89,304.21,131.5,300000.0,100.0,153.4,0
20:34:26,246.4,2,2,2,1208.6,359.25,334.96,304.27,131.51,300000.0,100.0,153.43,0
20:34:26,246.5,2,2,2,1208.64,359.33,335.04,304.34,131.52,300000.0,100.0,153.47,0
20:34:26,246.5,2,2,2,1208.69,359.41,335.12,304.41,131.52,300000.0,100.0,153.5,0
20:34:26,246.6,2,2,2,1208.73,359.48,335.19,304.47,131.53,300000.0,100.0,153.53,0
20:34:27,246.7,2,2,2,1208.77,359.56,335.27,304.54,131.54,300000.0,100.0,153.57,0
20:34:27,246.7,2,2,2,1208.81,359.64,335.35,304.6,131.54,300000.0,100.0,153.6,0
20:34:27,246.8,2,2,2,1208.85,359.71,335.41,304.67,131.55,300000.0,100.0,153.63,0
20:34:27,246.8,2,2,2,1208.9,359.79,335.5,304.74,131.56,300000.0,100.0,153.67,0
20:34:27,246.9,2,2,2,1208.94,359.87,335.57,304.8,131.57,300000.0,100.0,153.7,0
20:34:27,246.9,2,2,2,1208.98,359.93,335.64,304.86,131.57,300000.0,100.0,153.73,0
20:34:27,247.0,2,2,2,1209.02,360.01,335.72,304.93,131.58,300000.0,100.0,153.77,0
20:34:27,247.0,2,2,2,1209.06,360.08,335.79,305.0,131.59,300000.0,100.0,153.8,0
20:34:27,247.1,2,2,2,1209.1,360.15,335.86,305.06,131.59,300000.0,100.0,153.83,0
20:34:27,247.2,2,2,2,1209.16,360.24,335.95,305.13,131.6,300000.0,100.0,153.87,0
20:34:27,247.2,2,2,2,1209.2,360.31,336.02,305.2,131.61,300000.0,100.0,153.9,0
20:34:27,247.3,2,2,2,1209.24,360.38,336.09,305.26,131.62,300000.0,100.0,153.93,0
20:34:27,247.3,2,2,2,1209.28,360.45,336.15,305.32,131.63,300000.0,100.0,153.96,0
20:34:27,247.4,2,2,2,1209.32,360.53,336.23,305.39,131.64,300000.0,100.0,154.0,0
20:34:27,247.4,2,2,2,1209.36,360.59,336.3,305.45,131.64,300000.0,100.0,154.03,0
20:34:27,247.5,2,2,2,1209.41,360.67,336.38,305.52,131.65,300000.0,100.0,154.06,0
20:34:27,247.5,2,2,2,1209.45,360.74,336.44,305.58,131.66,300000.0,100.0,154.09,0
20:34:27,247.6,2,2,2,1209.49,360.8,336.51,305.64,131.67,300000.0,100.0,154.12,0
20:34:28,247.7,2,2,2,1209.54,360.89,336.59,305.72,131.68,300000.0,100.0,154.16,0
20:34:28,247.7,2,2,2,1209.58,360.95,336.66,305.78,131.69,300000.0,100.0,154.19,0
20:34:28,247.8,2,2,2,1209.62,361.02,336.73,305.84,131.69,300000.0,100.0,154.22,0
20:34:28,247.8,2,2,2,1209.66,361.09,336.8,305.9,131.7,300000.0,100.0,154.25,0
20:34:28,247.9,2,2,2,1209.71,361.17,336.88,305.97,131.71,300000.0,100.0,154.28,0
20:34:28,247.9,2,2,2,1209.75,361.23,336.94,306.04,131.72,300000.0,100.0,154.32,0
20:34:28,248.0,2,2,2,1209.8,361.3,337.01,306.1,131.73,300000.0,100.0,154.35,0
20:34:28,248.0,2,2,2,1209.84,361.38,337.09,306.17,131.74,300000.0,100.0,154.38,0
20:34:28,248.1,2,2,2,1209.89,361.45,337.16,306.23,131.75,300000.0,100.0,154.41,0
20:34:28,248.2,2,2,2,1209.93,361.51,337.22,306.29,131.76,300000.0,100.0,154.44,0
20:34:28,248.2,2,2,2,1209.97,361.58,337.29,306.35,131.77,300000.0,100.0,154.47,0
20:34:28,248.3,2,2,2,1210.01,361.65,337.36,306.42,131.78,300000.0,100.0,154.5,0
20:34:28,248.3,2,2,2,1210.06,361.71,337.42,306.48,131.78,300000.0,100.0,154.54,0
20:34:28,248.4,2,2,2,1210.1,361.78,337.49,306.54,131.79,300000.0,100.0,154.57,0
20:34:28,248.4,2,2,2,1210.14,361.84,337.56,306.6,131.8,300000.0,100.0,154.6,0
20:34:28,248.5,2,2,2,1210.18,361.91,337.62,306.66,131.81,300000.0,100.0,154.63,0
20:34:28,248.5,2,2,2,1210.23,361.99,337.7,306.73,131.82,300000.0,100.0,154.66,0
20:34:28,248.6,2,2,2,1210.28,362.06,337.77,306.8,131.83,300000.0,100.0,154.69,0
20:34:29,248.6,2,2,2,1210.32,362.12,337.83,306.86,131.84,300000.0,100.0,154.72,0
20:34:29,248.7,2,2,2,1210.36,362.19,337.9,306.92,131.85,300000.0,100.0,154.75,0
20:34:29,248.8,2,2,2,1210.41,362.26,337.97,306.99,131.86,300000.0,100.0,154.78,0
20:34:29,248.8,2,2,2,1210.45,362.32,338.04,307.05,131.87,300000.0,100.0,154.82,0
20:34:29,248.9,2,2,2,1210.49,362.39,338.1,307.11,131.88,300000.0,100.0,154.85,0
20:34:29,248.9,2,2,2,1210.54,362.47,338.18,307.18,131.89,300000.0,100.0,154.88,0
20:34:29,249.0,2,2,2,1210.59,362.53,338.24,307.24,131.9,300000.0,100.0,154.91,0
20:34:29,249.0,2,2,2,1210.63,362.59,338.31,307.3,131.92,300000.0,100.0,154.94,0
20:34:29,249.1,2,2,2,1210.68,362.67,338.38,307.37,131.93,300000.0,100.0,154.97,0
20:34:29,249.1,2,2,2,1210.72,362.73,338.44,307.43,131.94,300000.0,100.0,155.0,0
20:34:29,249.2,2,2,2,1210.76,362.79,338.51,307.49,131.95,300000.0,100.0,155.03,0
20:34:29,249.3,2,2,2,1210.81,362.86,338.57,307.55,131.96,300000.0,100.0,155.06,0
20:34:29,249.3,2,2,2,1210.86,362.93,338.65,307.62,131.97,300000.0,100.0,155.09,0
20:34:29,249.4,2,2,2,1210.9,363.0,338.71,307.68,131.98,300000.0,100.0,155.12,0
20:34:29,249.4,2,2,2,1210.95,363.06,338.78,307.74,131.99,300000.0,100.0,155.15,0
20:34:29,249.5,2,2,2,1210.99,363.13,338.85,307.81,132.0,300000.0,100.0,155.18,0
20:34:29,249.5,2,2,2,1211.04,363.2,338.91,307.87,132.01,300000.0,100.0,155.21,0
20:34:29,249.6,2,2,2,1211.08,363.26,338.98,307.93,132.02,300000.0,100.0,155.24,0
20:34:30,249.7,2,2,2,1211.14,363.35,339.06,308.01,132.04,300000.0,100.0,155.27,0
20:34:30,249.7,2,2,2,1211.19,363.41,339.13,308.07,132.05,300000.0,100.0,155.3,0
20:34:30,249.8,2,2,2,1211.23,363.48,339.19,308.13,132.06,300000.0,100.0,155.33,0
20:34:30,249.8,2,2,2,1211.28,363.55,339.26,308.2,132.07,300000.0,100.0,155.36,0
20:34:30,249.9,2,2,2,1211.33,363.62,339.33,308.26,132.09,300000.0,100.0,155.39,0
20:34:30,249.9,2,2,2,1211.37,363.68,339.39,308.32,132.1,300000.0,100.0,155.42,0
20:34:30,250.0,2,2,2,1211.42,363.75,339.46,308.39,132.11,300000.0,100.0,155.45,0
20:34:30,250.0,2,2,2,1211.46,363.81,339.52,308.45,132.12,300000.0,100.0,155.48,0
20:34:30,250.1,2,2,2,1211.5,363.87,339.59,308.5,132.13,300000.0,100.0,155.51,0
20:34:30,250.1,2,2,2,1211.55,363.94,339.66,308.57,132.15,300000.0,100.0,155.54,0
20:34:30,250.2,2,2,2,1211.6,364.0,339.72,308.63,132.16,300000.0,100.0,155.57,0
20:34:30,250.3,2,2,2,1211.64,364.06,339.78,308.69,132.17,300000.0,100.0,155.6,0
20:34:30,250.3,2,2,2,1211.69,364.14,339.85,308.76,132.18,300000.0,100.0,155.63,0
20:34:30,250.4,2,2,2,1211.74,364.2,339.92,308.82,132.19,300000.0,100.0,155.66,0
20:34:30,250.4,2,2,2,1211.78,364.27,339.98,308.88,132.21,300000.0,100.0,155.69,0
20:34:30,250.5,2,2,2,1211.83,364.33,340.05,308.94,132.22,300000.0,100.0,155.72,0
20:34:30,250.5,2,2,2,1211.88,364.4,339.48,309.01,132.23,300000.0,100.0,155.53,0
20:34:30,250.6,2,2,2,1211.93,364.33,339.04,309.06,132.24,300000.0,100.0,155.37,0
20:34:31,250.7,2,2,2,1211.97,364.18,338.63,309.1,132.26,300000.0,100.0,155.21,0
20:34:31,250.7,2,2,2,1212.02,363.95,338.19,309.14,132.27,300000.0,100.0,155.03,0
20:34:31,250.8,2,2,2,1212.07,363.7,337.81,309.17,132.28,300000.0,100.0,154.87,0
20:34:31,250.8,2,2,2,1212.11,363.43,337.45,309.19,132.29,300000.0,100.0,154.72,0
20:34:31,250.9,2,2,2,1212.15,363.11,337.06,309.21,132.31,300000.0,100.0,154.54,0
20:34:31,250.9,2,2,2,1212.19,362.8,336.7,309.22,132.32,300000.0,100.0,154.37,0
20:34:31,251.0,2,2,2,1212.23,362.5,336.38,309.22,132.33,300000.0,100.0,154.22,0
20:34:31,251.0,2,2,2,1212.27,362.18,336.05,309.22,132.34,300000.0,100.0,154.06,0
20:34:31,251.1,2,2,2,1212.31,361.84,335.71,309.21,132.36,300000.0,100.0,153.89,0
20:34:31,251.1,2,2,2,1212.35,361.54,335.4,309.2,132.37,300000.0,100.0,153.73,0
20:34:31,251.2,2,2,2,1212.38,361.22,335.09,309.19,132.38,300000.0,100.0,153.57,0
20:34:31,251.3,2,2,2,1212.42,360.88,334.76,309.17,132.39,300000.0,100.0,153.39,0
20:34:31,251.3,2,2,2,1212.45,360.58,334.46,309.14,132.41,300000.0,100.0,153.23,0
20:34:31,251.4,2,2,2,1212.48,360.28,334.18,309.11,132.42,300000.0,100.0,153.08,0
20:34:31,251.4,2,2,2,1212.52,359.95,333.86,309.08,132.43,300000.0,100.0,152.9,0
20:34:31,251.5,2,2,2,1212.54,359.67,333.59,309.04,132.44,300000.0,100.0,152.74,0
20:34:31,251.5,2,2,2,1212.57,359.38,333.32,309.0,132.45,300000.0,100.0,152.58,0
20:34:31,251.6,2,2,2,1212.6,359.07,333.02,308.95,132.46,300000.0,100.0,152.41,0
20:34:32,251.6,2,2,2,1212.63,358.77,332.74,308.9,132.47,300000.0,100.0,152.23,0
20:34:32,251.7,2,2,2,1212.66,358.48,332.46,308.85,132.49,300000.0,100.0,152.06,0
20:34:32,251.8,2,2,2,1212.69,358.19,332.18,308.79,132.5,300000.0,100.0,151.88,0
20:34:32,251.8,2,2,2,1212.71,357.92,331.93,308.73,132.51,300000.0,100.0,151.72,0
20:34:32,251.9,2,2,2,1212.73,357.67,331.69,308.67,132.52,300000.0,100.0,151.57,0
20:34:32,251.9,2,2,2,1212.75,357.42,331.45,308.61,132.53,300000.0,100.0,151.41,0
20:34:32,252.0,2,2,2,1212.77,357.16,331.2,308.54,132.54,300000.0,100.0,151.24,0
20:34:32,252.0,2,2,2,1212.79,356.91,330.96,308.48,132.55,300000.0,100.0,151.08,0
20:34:32,252.1,2,2,2,1212.81,356.68,330.73,308.41,132.56,300000.0,100.0,150.92,0
20:34:32,252.1,2,2,2,1212.84,356.38,330.44,308.31,132.57,300000.0,100.0,150.72,0
20:34:32,252.2,2,2,2,1212.86,356.12,330.2,308.23,132.58,300000.0,100.0,150.54,0
20:34:32,252.3,2,2,2,1212.87,355.9,329.98,308.16,132.59,300000.0,100.0,150.39,0
20:34:32,252.3,2,2,2,1212.89,355.65,329.74,308.07,132.6,300000.0,100.0,150.21,0
20:34:32,252.4,2,2,2,1212.9,355.42,329.53,307.99,132.6,300000.0,100.0,150.05,0
20:34:32,252.4,2,2,2,1212.92,355.21,329.31,307.9,132.61,300000.0,100.0,149.89,0
20:34:32,252.5,2,2,2,1212.93,354.97,329.09,307.81,132.62,300000.0,100.0,149.72,0
20:34:32,252.5,2,2,2,1212.95,354.71,328.83,307.71,132.63,300000.0,100.0,149.53,0
20:34:32,252.6,2,2,2,1212.96,354.5,328.63,307.62,132.64,300000.0,100.0,149.37,0
20:34:33,252.6,2,2,2,1212.97,354.3,328.44,307.53,132.64,300000.0,100.0,149.21,0
20:34:33,252.7,2,2,2,1212.98,354.08,328.23,307.43,132.65,300000.0,100.0,149.05,0
20:34:33,252.8,2,2,2,1212.99,353.89,328.03,307.34,132.66,300000.0,100.0,148.89,0
20:34:33,252.8,2,2,2,1213.0,353.67,327.82,307.24,132.66,300000.0,100.0,148.71,0
20:34:33,252.9,2,2,2,1213.01,353.47,327.62,307.14,132.67,300000.0,100.0,148.56,0
20:34:33,252.9,2,2,2,1213.02,353.28,327.44,307.05,132.68,300000.0,100.0,148.4,0
20:34:33,253.0,2,2,2,1213.02,353.07,327.23,306.94,132.68,300000.0,100.0,148.23,0
20:34:33,253.0,2,2,2,1213.03,352.87,327.04,306.83,132.69,300000.0,100.0,148.06,0
20:34:33,253.1,2,2,2,1213.04,352.68,326.85,306.73,132.69,300000.0,100.0,147.9,0
20:34:33,253.1,2,2,2,1213.04,352.48,326.66,306.63,132.7,300000.0,100.0,147.73,0
20:34:33,253.2,2,2,2,1213.05,352.28,326.46,306.51,132.7,300000.0,100.0,147.56,0
20:34:33,253.3,2,2,2,1213.05,352.1,326.28,306.41,132.71,300000.0,100.0,147.4,0
20:34:33,253.3,2,2,2,1213.06,351.91,326.1,306.3,132.71,300000.0,100.0,147.24,0
20:34:33,253.4,2,2,2,1213.06,351.72,325.91,306.19,132.72,300000.0,100.0,147.08,0
20:34:33,253.4,2,2,2,1213.06,351.54,325.73,306.08,132.72,300000.0,100.0,146.92,0
20:34:33,253.5,2,2,2,1213.06,351.37,325.56,305.97,132.72,300000.0,100.0,146.76,0
20:34:33,253.5,2,2,2,1213.06,351.16,325.36,305.85,132.73,300000.0,100.0,146.6,0
20:34:33,253.6,2,2,2,1213.06,350.99,325.18,305.74,132.73,300000.0,100.0,146.44,0
20:34:34,253.6,2,2,2,1213.06,350.82,325.01,305.63,132.73,300000.0,100.0,146.28,0
20:34:34,253.7,2,2,2,1213.06,350.63,324.83,305.51,132.73,300000.0,100.0,146.12,0
20:34:34,253.7,2,2,2,1213.06,350.47,324.67,305.4,132.74,300000.0,100.0,145.96,0
20:34:34,253.8,2,2,2,1213.06,350.3,324.5,305.28,132.74,300000.0,100.0,145.81,0
20:34:34,253.9,2,2,2,1213.06,350.14,324.34,305.17,132.74,300000.0,100.0,145.65,0
20:34:34,253.9,2,2,2,1213.06,349.97,324.17,305.06,132.74,300000.0,100.0,145.5,0
20:34:34,254.0,2,2,2,1213.05,349.81,324.01,304.94,132.74,300000.0,100.0,145.34,0
20:34:34,254.0,2,2,2,1213.05,349.63,323.84,304.82,132.74,300000.0,100.0,145.19,0
20:34:34,254.1,2,2,2,1213.04,349.45,323.65,304.69,132.74,300000.0,100.0,145.04,0
20:34:34,254.1,2,2,2,1213.04,349.27,323.48,304.56,132.74,300000.0,100.0,144.89,0
20:34:34,254.2,2,2,2,1213.03,349.11,323.31,304.44,132.74,300000.0,100.0,144.74,0
20:34:34,254.3,2,2,2,1213.03,348.94,323.14,304.32,132.74,300000.0,100.0,144.59,0
20:34:34,254.3,2,2,2,1213.02,348.77,322.98,304.19,132.74,300000.0,100.0,144.45,0
20:34:34,254.4,2,2,2,1213.01,348.62,322.82,304.08,132.74,300000.0,100.0,144.3,0
20:34:34,254.4,2,2,2,1213.01,348.45,322.66,303.95,132.74,300000.0,100.0,144.15,0
20:34:34,254.5,2,2,2,1213.0,348.3,322.51,303.84,132.74,300000.0,100.0,144.01,0
20:34:34,254.5,2,2,2,1212.99,348.12,322.33,303.7,132.74,300000.0,100.0,143.87,0
20:34:34,254.6,2,2,2,1212.98,347.97,322.18,303.58,132.74,300000.0,100.0,143.72,0
20:34:35,254.6,2,2,2,1212.97,347.82,322.03,303.47,132.74,300000.0,100.0,143.58,0
20:34:35,254.7,2,2,2,1212.96,347.67,321.88,303.35,132.73,300000.0,100.0,143.44,0
20:34:35,254.7,2,2,2,1212.95,347.51,321.71,303.22,132.73,300000.0,100.0,143.3,0
20:34:35,254.8,2,2,2,1212.94,347.36,321.56,303.1,132.73,300000.0,100.0,143.16,0
20:34:35,254.9,2,2,2,1212.93,347.21,321.41,302.98,132.72,300000.0,100.0,143.02,0
20:34:35,254.9,2,2,2,1212.92,347.05,321.25,302.84,132.72,300000.0,100.0,142.88,0
20:34:35,255.0,2,2,2,1212.91,346.9,321.1,302.72,132.72,300000.0,100.0,142.74,0
20:34:35,255.0,2,2,2,1212.89,346.75,320.95,302.6,132.71,300000.0,100.0,142.6,0
20:34:35,255.1,2,2,2,1212.88,346.6,320.8,302.47,132.71,300000.0,100.0,142.46,0
20:34:35,255.1,2,2,2,1212.87,346.45,320.65,302.35,132.71,300000.0,100.0,142.33,0
20:34:35,255.2,2,2,2,1212.85,346.31,320.5,302.23,132.7,300000.0,100.0,142.19,0
20:34:35,255.2,2,2,2,1212.84,346.15,320.34,302.1,132.7,300000.0,100.0,142.06,0
20:34:35,255.3,2,2,2,1212.82,346.01,320.2,301.98,132.69,300000.0,100.0,141.92,0
20:34:35,255.3,2,2,2,1212.81,345.87,320.06,301.86,132.69,300000.0,100.0,141.79,0
20:34:35,255.4,2,2,2,1212.79,345.72,319.91,301.73,132.68,300000.0,100.0,141.65,0
20:34:35,255.5,2,2,2,1212.78,345.55,320.39,301.59,132.67,300000.0,100.0,141.84,0
20:34:35,255.5,2,2,2,1212.76,345.55,320.75,301.47,132.67,300000.0,100.0,142.0,0
20:34:35,255.6,2,2,2,1212.74,345.62,321.08,301.37,132.66,300000.0,100.0,142.15,0
20:34:36,255.6,2,2,2,1212.73,345.75,321.41,301.27,132.66,300000.0,100.0,142.3,0
20:34:36,255.7,2,2,2,1212.71,345.92,321.71,301.18,132.65,300000.0,100.0,142.45,0
20:34:36,255.7,2,2,2,1212.7,346.12,322.0,301.1,132.64,300000.0,100.0,142.58,0
20:34:36,255.8,2,2,2,1212.68,346.34,322.29,301.01,132.64,300000.0,100.0,142.71,0
20:34:36,255.8,2,2,2,1212.67,346.58,322.56,300.94,132.63,300000.0,100.0,142.84,0
20:34:36,255.9,2,2,2,1212.66,346.81,322.82,300.88,132.62,300000.0,100.0,142.96,0
20:34:36,255.9,2,2,2,1212.65,347.04,323.07,300.81,132.62,300000.0,100.0,143.08,0
20:34:36,256.0,2,2,2,1212.64,347.28,323.31,300.76,132.61,300000.0,100.0,143.2,0
20:34:36,256.1,2,2,2,1212.63,347.52,323.55,300.71,132.6,300000.0,100.0,143.31,0
20:34:36,256.1,2,2,2,1212.62,347.75,323.78,300.66,132.6,300000.0,100.0,143.42,0
20:34:36,256.2,2,2,2,1212.61,348.03,324.04,300.61,132.59,300000.0,100.0,143.53,0
20:34:36,256.2,2,2,2,1212.6,348.26,324.27,300.57,132.58,300000.0,100.0,143.63,0
20:34:36,256.3,2,2,2,1212.59,348.49,324.48,300.53,132.57,300000.0,100.0,143.73,0
20:34:36,256.3,2,2,2,1212.58,348.76,324.74,300.49,132.56,300000.0,100.0,143.83,0
20:34:36,256.4,2,2,2,1212.58,348.98,324.94,300.47,132.56,300000.0,100.0,143.92,0
20:34:36,256.5,2,2,2,1212.57,349.19,325.14,300.44,132.55,300000.0,100.0,144.02,0
20:34:36,256.5,2,2,2,1212.57,349.43,325.36,300.42,132.54,300000.0,100.0,144.11,0
20:34:36,256.6,2,2,2,1212.57,349.63,325.55,300.41,132.53,300000.0,100.0,144.2,0
20:34:37,256.6,2,2,2,1212.56,349.87,325.77,300.39,132.52,300000.0,100.0,144.29,0
20:34:37,256.7,2,2,2,1212.56,350.07,325.95,300.38,132.52,300000.0,100.0,144.37,0
20:34:37,256.7,2,2,2,1212.56,350.26,326.13,300.38,132.51,300000.0,100.0,144.46,0
20:34:37,256.8,2,2,2,1212.56,350.45,326.31,300.37,132.5,300000.0,100.0,144.54,0
20:34:37,256.8,2,2,2,1212.56,350.63,326.48,300.37,132.49,300000.0,100.0,144.62,0
20:34:37,256.9,2,2,2,1212.56,350.81,326.64,300.37,132.49,300000.0,100.0,144.7,0
20:34:37,257.0,2,2,2,1212.56,350.99,326.81,300.38,132.48,300000.0,100.0,144.77,0
20:34:37,257.0,2,2,2,1212.56,351.18,326.99,300.39,132.47,300000.0,100.0,144.85,0
20:34:37,257.1,2,2,2,1212.56,351.35,327.15,300.39,132.46,300000.0,100.0,144.92,0
20:34:37,257.1,2,2,2,1212.57,351.51,327.3,300.41,132.46,300000.0,100.0,145.0,0
20:34:37,257.2,2,2,2,1212.57,351.68,327.46,300.42,132.45,300000.0,100.0,145.07,0
20:34:37,257.2,2,2,2,1212.57,351.85,327.62,300.44,132.44,300000.0,100.0,145.14,0
20:34:37,257.3,2,2,2,1212.58,352.0,327.76,300.45,132.44,300000.0,100.0,145.21,0
20:34:37,257.3,2,2,2,1212.58,352.15,327.9,300.47,132.43,300000.0,100.0,145.27,0
20:34:37,257.4,2,2,2,1212.59,352.31,328.06,300.5,132.42,300000.0,100.0,145.34,0
20:34:37,257.4,2,2,2,1212.59,352.46,328.2,300.52,132.41,300000.0,100.0,145.41,0
20:34:37,257.5,2,2,2,1212.6,352.61,328.33,300.55,132.41,300000.0,100.0,145.47,0
20:34:37,257.5,2,2,2,1212.61,352.76,328.48,300.58,132.4,300000.0,100.0,145.53,0
20:34:37,257.6,2,2,2,1212.61,352.9,328.61,300.6,132.39,300000.0,100.0,145.6,0
20:34:38,257.7,2,2,2,1212.62,353.04,328.74,300.63,132.39,300000.0,100.0,145.66,0
20:34:38,257.7,2,2,2,1212.63,353.18,328.88,300.67,132.38,300000.0,100.0,145.72,0
20:34:38,257.8,2,2,2,1212.64,353.31,329.0,300.7,132.38,300000.0,100.0,145.78,0
20:34:38,257.8,2,2,2,1212.65,353.46,329.15,300.74,132.37,300000.0,100.0,145.83,0
20:34:38,257.9,2,2,2,1212.66,353.59,329.27,300.78,132.36,300000.0,100.0,145.89,0
20:34:38,257.9,2,2,2,1212.66,353.72,329.39,300.81,132.36,300000.0,100.0,145.95,0
20:34:38,258.0,2,2,2,1212.67,353.84,329.51,300.85,132.35,300000.0,100.0,146.0,0
20:34:38,258.0,2,2,2,1212.69,353.97,329.63,300.89,132.35,300000.0,100.0,146.06,0
20:34:38,258.1,2,2,2,1212.7,354.09,329.75,300.93,132.34,300000.0,100.0,146.11,0
20:34:38,258.1,2,2,2,1212.71,354.21,329.86,300.97,132.34,300000.0,100.0,146.17,0
20:34:38,258.2,2,2,2,1212.72,354.33,329.98,301.02,132.33,300000.0,100.0,146.22,0
20:34:38,258.3,2,2,2,1212.73,354.45,330.09,301.06,132.32,300000.0,100.0,146.27,0
20:34:38,258.3,2,2,2,1212.74,354.56,330.2,301.11,132.32,300000.0,100.0,146.32,0
20:34:38,258.4,2,2,2,1212.75,354.68,330.32,301.16,132.31,300000.0,100.0,146.38,0
20:34:38,258.4,2,2,2,1212.77,354.79,330.42,301.2,132.31,300000.0,100.0,146.43,0
20:34:38,258.5,2,2,2,1212.78,354.9,330.53,301.25,132.31,300000.0,100.0,146.48,0
20:34:38,258.5,2,2,2,1212.79,355.02,330.64,301.3,132.3,300000.0,100.0,146.53,0
20:34:38,258.6,2,2,2,1212.81,355.12,330.75,301.35,132.3,300000.0,100.0,146.57,0
20:34:39,258.6,2,2,2,1212.82,355.23,330.85,301.4,132.29,300000.0,100.0,146.62,0
20:34:39,258.7,2,2,2,1212.83,355.34,330.95,301.45,132.29,300000.0,100.0,146.67,0
20:34:39,258.7,2,2,2,1212.85,355.44,331.06,301.5,132.28,300000.0,100.0,146.72,0
20:34:39,258.8,2,2,2,1212.86,355.54,331.16,301.55,132.28,300000.0,100.0,146.76,0
20:34:39,258.9,2,2,2,1212.88,355.66,331.27,301.61,132.28,300000.0,100.0,146.81,0
20:34:39,258.9,2,2,2,1212.89,355.76,331.37,301.67,132.27,300000.0,100.0,146.86,0
20:34:39,259.0,2,2,2,1212.91,355.86,331.46,301.72,132.27,300000.0,100.0,146.9,0
20:34:39,259.0,2,2,2,1212.93,355.96,331.57,301.78,132.26,300000.0,100.0,146.95,0
20:34:39,259.1,2,2,2,1212.94,356.06,331.66,301.83,132.26,300000.0,100.0,146.99,0
20:34:39,259.1,2,2,2,1212.96,356.16,331.76,301.89,132.26,300000.0,100.0,147.04,0
20:34:39,259.2,2,2,2,1212.98,356.27,331.87,301.96,132.26,300000.0,100.0,147.08,0
20:34:39,259.2,2,2,2,1212.99,356.37,331.96,302.01,132.25,300000.0,100.0,147.12,0
20:34:39,259.3,2,2,2,1213.01,356.46,332.06,302.07,132.25,300000.0,100.0,147.17,0
20:34:39,259.4,2,2,2,1213.03,356.55,332.15,302.13,132.25,300000.0,100.0,147.21,0
20:34:39,259.4,2,2,2,1213.05,356.65,332.24,302.19,132.24,300000.0,100.0,147.25,0
20:34:39,259.5,2,2,2,1213.06,356.74,332.33,302.24,132.24,300000.0,100.0,147.29,0
20:34:39,259.5,2,2,2,1213.08,356.83,332.42,302.3,132.24,300000.0,100.0,147.34,0
20:34:39,259.6,2,2,2,1213.1,356.92,332.51,302.36,132.24,300000.0,100.0,147.38,0
20:34:39,259.6,2,2,2,1213.12,357.01,332.6,302.42,132.24,300000.0,100.0,147.42,0
20:34:40,259.7,2,2,2,1213.14,357.09,332.68,302.48,132.24,300000.0,100.0,147.46,0
20:34:40,259.7,2,2,2,1213.16,357.19,332.78,302.54,132.23,300000.0,100.0,147.5,0
20:34:40,259.8,2,2,2,1213.18,357.28,332.87,302.61,132.23,300000.0,100.0,147.54,0
20:34:40,259.8,2,2,2,1213.19,357.37,332.95,302.66,132.23,300000.0,100.0,147.58,0
20:34:40,259.9,2,2,2,1213.21,357.45,333.03,302.72,132.23,300000.0,100.0,147.62,0
20:34:40,259.9,2,2,2,1213.23,357.54,333.12,302.78,132.23,300000.0,100.0,147.66,0
20:34:40,260.0,2,2,2,1213.25,357.62,333.2,302.84,132.23,300000.0,100.0,147.7,0
20:34:40,260.1,2,2,2,1213.27,357.7,333.28,302.9,132.23,300000.0,100.0,147.74,0
20:34:40,260.1,2,2,2,1213.29,357.79,333.37,302.97,132.23,300000.0,100.0,147.78,0
20:34:40,260.2,2,2,2,1213.31,357.87,333.45,303.03,132.23,300000.0,100.0,147.81,0
20:34:40,260.2,2,2,2,1213.33,357.95,333.53,303.09,132.23,300000.0,100.0,147.85,0
20:34:40,260.3,2,2,2,1213.36,358.04,333.62,303.16,132.23,300000.0,100.0,147.89,0
20:34:40,260.3,2,2,2,1213.38,358.12,333.7,303.22,132.23,300000.0,100.0,147.93,0
20:34:40,260.4,2,2,2,1213.4,358.2,333.78,303.28,132.23,300000.0,100.0,147.97,0
20:34:40,260.4,2,2,2,1213.42,358.28,333.86,303.34,132.23,300000.0,100.0,148.01,0
20:34:40,260.5,2,2,2,1213.44,358.37,333.94,303.41,132.23,300000.0,100.0,148.04,0
20:34:40,260.5,2,2,2,1213.46,358.45,334.02,303.47,132.23,300000.0,100.0,148.08,0
20:34:40,260.6,2,2,2,1213.49,358.53,334.11,303.53,132.23,300000.0,100.0,148.12,0
20:34:41,260.6,2,2,2,1213.51,358.61,334.18,303.6,132.23,300000.0,100.0,148.15,0
20:34:41,260.7,2,2,2,1213.53,358.68,334.26,303.66,132.23,300000.0,100.0,148.19,0
20:34:41,260.8,2,2,2,1213.55,358.77,334.35,303.73,132.23,300000.0,100.0,148.23,0
20:34:41,260.8,2,2,2,1213.58,358.85,334.43,303.79,132.23,300000.0,100.0,148.26,0
20:34:41,260.9,2,2,2,1213.6,358.93,334.5,303.85,132.23,300000.0,100.0,148.3,0
20:34:41,260.9,2,2,2,1213.62,359.0,334.58,303.92,132.23,300000.0,100.0,148.34,0
20:34:41,261.0,2,2,2,1213.64,359.08,334.66,303.98,132.24,300000.0,100.0,148.37,0
20:34:41,261.0,2,2,2,1213.67,359.16,334.73,304.04,132.24,300000.0,100.0,148.41,0
20:34:41,261.1,2,2,2,1213.69,359.24,334.81,304.11,132.24,300000.0,100.0,148.44,0
20:34:41,261.2,2,2,2,1213.72,359.34,334.91,304.2,132.24,300000.0,100.0,148.48,0
20:34:41,261.2,2,2,2,1213.75,359.41,334.99,304.26,132.24,300000.0,100.0,148.52,0
20:34:41,261.3,2,2,2,1213.77,359.49,335.06,304.32,132.25,300000.0,100.0,148.55,0
20:34:41,261.3,2,2,2,1213.8,359.57,335.15,304.39,132.25,300000.0,100.0,148.59,0
20:34:41,261.4,2,2,2,1213.82,359.64,335.22,304.46,132.25,300000.0,100.0,148.62,0
20:34:41,261.4,2,2,2,1213.85,359.72,335.3,304.52,132.25,300000.0,100.0,148.66,0
20:34:41,261.5,2,2,2,1213.87,359.8,335.38,304.59,132.26,300000.0,100.0,148.69,0
20:34:41,261.5,2,2,2,1213.9,359.87,335.45,304.65,132.26,300000.0,100.0,148.73,0
20:34:41,261.6,2,2,2,1213.92,359.94,335.52,304.72,132.26,300000.0,100.0,148.76,0
20:34:42,261.6,2,2,2,1213.95,360.02,335.6,304.78,132.26,300000.0,100.0,148.79,0
20:34:42,261.7,2,2,2,1213.97,360.09,335.67,304.85,132.27,300000.0,100.0,148.83,0
20:34:42,261.7,2,2,2,1214.0,360.17,335.75,304.91,132.27,300000.0,100.0,148.86,0
20:34:42,261.8,2,2,2,1214.02,360.24,335.82,304.97,132.27,300000.0,100.0,148.9,0
20:34:42,261.9,2,2,2,1214.05,360.32,335.9,305.04,132.28,300000.0,100.0,148.93,0
20:34:42,261.9,2,2,2,1214.08,360.39,335.97,305.11,132.28,300000.0,100.0,148.97,0
20:34:42,262.0,2,2,2,1214.1,360.46,336.04,305.17,132.29,300000.0,100.0,149.0,0
20:34:42,262.0,2,2,2,1214.13,360.53,336.11,305.23,132.29,300000.0,100.0,149.03,0
20:34:42,262.1,2,2,2,1214.16,360.61,336.2,305.31,132.29,300000.0,100.0,149.07,0
20:34:42,262.1,2,2,2,1214.18,360.68,336.27,305.37,132.3,300000.0,100.0,149.1,0
20:34:42,262.2,2,2,2,1214.21,360.76,336.34,305.44,132.3,300000.0,100.0,149.13,0
20:34:42,262.2,2,2,2,1214.24,360.83,336.42,305.51,132.31,300000.0,100.0,149.17,0
20:34:42,262.3,2,2,2,1214.27,360.9,336.49,305.57,132.31,300000.0,100.0,149.2,0
20:34:42,262.3,2,2,2,1214.29,360.97,336.56,305.63,132.32,300000.0,100.0,149.24,0
20:34:42,262.4,2,2,2,1214.32,361.04,336.63,305.7,132.32,300000.0,100.0,149.27,0
20:34:42,262.5,2,2,2,1214.35,361.12,336.7,305.76,132.32,300000.0,100.0,149.3,0
20:34:42,262.5,2,2,2,1214.38,361.19,336.77,305.83,132.33,300000.0,100.0,149.33,0
20:34:42,262.6,2,2,2,1214.4,361.26,336.84,305.89,132.33,300000.0,100.0,149.37,0
20:34:43,262.6,2,2,2,1214.44,361.34,336.92,305.96,132.34,300000.0,100.0,149.4,0
20:34:43,262.7,2,2,2,1214.46,361.41,336.99,306.03,132.35,300000.0,100.0,149.43,0
20:34:43,262.7,2,2,2,1214.49,361.47,337.06,306.09,132.35,300000.0,100.0,149.47,0
20:34:43,262.8,2,2,2,1214.52,361.55,337.13,306.16,132.36,300000.0,100.0,149.5,0
20:34:43,262.8,2,2,2,1214.55,361.62,337.2,306.22,132.36,300000.0,100.0,149.53,0
20:34:43,262.9,2,2,2,1214.57,361.68,337.27,306.28,132.37,300000.0,100.0,149.56,0
20:34:43,262.9,2,2,2,1214.6,361.75,337.34,306.34,132.37,300000.0,100.0,149.6,0
20:34:43,263.0,2,2,2,1214.63,361.82,337.41,306.41,132.38,300000.0,100.0,149.63,0
20:34:43,263.1,2,2,2,1214.66,361.9,337.49,306.48,132.39,300000.0,100.0,149.66,0
20:34:43,263.1,2,2,2,1214.69,361.96,337.56,306.54,132.39,300000.0,100.0,149.69,0
20:34:43,263.2,2,2,2,1214.72,362.04,337.63,306.61,132.4,300000.0,100.0,149.73,0
20:34:43,263.2,2,2,2,1214.75,362.1,337.69,306.67,132.4,300000.0,100.0,149.76,0
20:34:43,263.3,2,2,2,1214.78,362.17,337.76,306.73,132.41,300000.0,100.0,149.79,0
20:34:43,263.3,2,2,2,1214.81,362.24,337.84,306.8,132.42,300000.0,100.0,149.82,0
20:34:43,263.4,2,2,2,1214.84,362.31,337.9,306.87,132.42,300000.0,100.0,149.85,0
20:34:43,263.4,2,2,2,1214.87,362.38,337.97,306.93,132.43,300000.0,100.0,149.89,0
20:34:43,263.5,2,2,2,1214.9,362.45,338.04,306.99,132.44,300000.0,100.0,149.92,0
20:34:43,263.5,2,2,2,1214.93,362.52,338.12,307.06,132.44,300000.0,100.0,149.95,0
20:34:43,263.6,2,2,2,1214.96,362.59,338.18,307.13,132.45,300000.0,100.0,149.98,0
20:34:44,263.7,2,2,2,1214.99,362.66,338.25,307.19,132.46,300000.0,100.0,150.01,0
20:34:44,263.7,2,2,2,1215.03,362.73,338.33,307.26,132.47,300000.0,100.0,150.05,0
20:34:44,263.8,2,2,2,1215.06,362.8,338.4,307.33,132.47,300000.0,100.0,150.08,0
20:34:44,263.8,2,2,2,1215.09,362.87,338.47,307.39,132.48,300000.0,100.0,150.11,0
20:34:44,263.9,2,2,2,1215.12,362.94,338.54,307.46,132.49,300000.0,100.0,150.14,0
20:34:44,263.9,2,2,2,1215.15,363.0,338.6,307.52,132.5,300000.0,100.0,150.17,0
20:34:44,264.0,2,2,2,1215.18,363.07,338.67,307.58,132.5,300000.0,100.0,150.2,0
20:34:44,264.0,2,2,2,1215.21,363.13,338.73,307.64,132.51,300000.0,100.0,150.23,0
20:34:44,264.1,2,2,2,1215.24,363.2,338.8,307.71,132.52,300000.0,100.0,150.27,0
20:34:44,264.1,2,2,2,1215.27,363.27,338.87,307.77,132.53,300000.0,100.0,150.3,0
20:34:44,264.2,2,2,2,1215.3,363.33,338.94,307.83,132.54,300000.0,100.0,150.33,0
20:34:44,264.3,2,2,2,1215.34,363.4,339.01,307.9,132.54,300000.0,100.0,150.36,0
20:34:44,264.3,2,2,2,1215.37,363.47,339.07,307.96,132.55,300000.0,100.0,150.39,0
20:34:44,264.4,2,2,2,1215.4,363.54,339.14,308.02,132.56,300000.0,100.0,150.42,0
20:34:44,264.4,2,2,2,1215.44,363.61,339.21,308.09,132.57,300000.0,100.0,150.45,0
20:34:44,264.5,2,2,2,1215.47,363.68,339.28,308.16,132.58,300000.0,100.0,150.48,0
20:34:44,264.5,2,2,2,1215.5,363.74,339.35,308.22,132.59,300000.0,100.0,150.51,0
20:34:44,264.6,2,2,2,1215.53,363.81,339.42,308.28,132.6,300000.0,100.0,150.55,0
20:34:45,264.6,2,2,2,1215.57,363.87,339.48,308.34,132.6,300000.0,100.0,150.58,0
20:34:45,264.7,2,2,2,1215.6,363.94,339.54,308.4,132.61,300000.0,100.0,150.61,0
20:34:45,264.7,2,2,2,1215.63,364.01,339.61,308.47,132.62,300000.0,100.0,150.64,0
20:34:45,264.8,2,2,2,1215.66,364.07,339.68,308.53,132.63,300000.0,100.0,150.67,0
20:34:45,264.9,2,2,2,1215.69,364.13,339.74,308.59,132.64,300000.0,100.0,150.7,0
20:34:45,264.9,2,2,2,1215.73,364.21,339.82,308.66,132.65,300000.0,100.0,150.73,0
20:34:45,265.0,2,2,2,1215.76,364.27,339.88,308.72,132.66,300000.0,100.0,150.76,0
20:34:45,265.0,2,2,2,1215.8,364.34,339.95,308.79,132.67,300000.0,100.0,150.79,0
20:34:45,265.1,2,2,2,1215.83,364.4,340.01,308.85,132.68,300000.0,100.0,150.82,0
20:34:45,265.1,2,2,2,1215.87,364.47,339.48,308.92,132.69,300000.0,100.0,150.64,0
20:34:45,265.2,2,2,2,1215.9,364.4,338.98,308.98,132.7,300000.0,100.0,150.45,0
20:34:45,265.2,2,2,2,1215.94,364.25,338.58,309.02,132.71,300000.0,100.0,150.3,0
20:34:45,265.3,2,2,2,1215.97,364.02,338.14,309.06,132.72,300000.0,100.0,150.12,0
20:34:45,265.4,2,2,2,1216.0,363.77,337.76,309.09,132.73,300000.0,100.0,149.96,0
20:34:45,265.4,2,2,2,1216.03,363.49,337.39,309.11,132.74,300000.0,100.0,149.8,0
20:34:45,265.5,2,2,2,1216.06,363.2,337.04,309.13,132.75,300000.0,100.0,149.64,0
20:34:45,265.5,2,2,2,1216.09,362.86,336.66,309.14,132.76,300000.0,100.0,149.47,0
20:34:45,265.6,2,2,2,1216.12,362.56,336.33,309.15,132.77,300000.0,100.0,149.31,0
20:34:46,265.6,2,2,2,1216.15,362.25,336.02,309.15,132.78,300000.0,100.0,149.15,0
20:34:46,265.7,2,2,2,1216.17,361.93,335.69,309.14,132.79,300000.0,100.0,148.99,0
20:34:46,265.7,2,2,2,1216.2,361.61,335.38,309.13,132.8,300000.0,100.0,148.83,0
20:34:46,265.8,2,2,2,1216.22,361.31,335.07,309.12,132.81,300000.0,100.0,148.67,0
20:34:46,265.8,2,2,2,1216.24,361.01,334.78,309.1,132.81,300000.0,100.0,148.51,0
20:34:46,265.9,2,2,2,1216.26,360.69,334.47,309.08,132.82,300000.0,100.0,148.34,0
20:34:46,265.9,2,2,2,1216.28,360.39,334.19,309.05,132.83,300000.0,100.0,148.18,0
20:34:46,266.0,2,2,2,1216.3,360.1,333.91,309.02,132.84,300000.0,100.0,148.03,0
20:34:46,266.1,2,2,2,1216.32,359.79,333.62,308.99,132.85,300000.0,100.0,147.86,0
20:34:46,266.1,2,2,2,1216.34,359.51,333.34,308.95,132.86,300000.0,100.0,147.7,0
20:34:46,266.2,2,2,2,1216.36,359.23,333.08,308.91,132.87,300000.0,100.0,147.54,0
20:34:46,266.2,2,2,2,1216.37,358.96,332.82,308.86,132.88,300000.0,100.0,147.38,0
20:34:46,266.3,2,2,2,1216.39,358.64,332.52,308.81,132.89,300000.0,100.0,147.19,0
20:34:46,266.3,2,2,2,1216.4,358.37,332.27,308.75,132.89,300000.0,100.0,147.03,0
20:34:46,266.4,2,2,2,1216.41,358.11,332.02,308.7,132.9,300000.0,100.0,146.87,0
20:34:46,266.4,2,2,2,1216.43,357.85,331.77,308.64,132.91,300000.0,100.0,146.71,0
20:34:46,266.5,2,2,2,1216.44,357.6,331.53,308.58,132.92,300000.0,100.0,146.55,0
20:34:46,266.6,2,2,2,1216.45,357.35,331.29,308.52,132.93,300000.0,100.0,146.39,0
20:34:46,266.6,2,2,2,1216.46,357.08,331.03,308.45,132.93,300000.0,100.0,146.21,0
20:34:47,266.7,2,2,2,1216.46,356.85,330.8,308.38,132.94,300000.0,100.0,146.06,0
20:34:47,266.7,2,2,2,1216.47,356.61,330.58,308.31,132.95,300000.0,100.0,145.9,0
20:34:47,266.8,2,2,2,1216.48,356.38,330.36,308.24,132.95,300000.0,100.0,145.75,0
20:34:47,266.8,2,2,2,1216.48,356.14,330.13,308.16,132.96,300000.0,100.0,145.58,0
20:34:47,266.9,2,2,2,1216.49,355.92,329.91,308.09,132.97,300000.0,100.0,145.42,0
20:34:47,266.9,2,2,2,1216.49,355.69,329.7,308.01,132.97,300000.0,100.0,145.26,0
20:34:47,267.0,2,2,2,1216.5,355.48,329.49,307.93,132.98,300000.0,100.0,145.1,0
20:34:47,267.0,2,2,2,1216.5,355.21,329.23,307.83,132.99,300000.0,100.0,144.91,0
20:34:47,267.1,2,2,2,1216.5,355.0,329.02,307.74,132.99,300000.0,100.0,144.75,0
20:34:47,267.2,2,2,2,1216.51,354.79,328.82,307.66,133.0,300000.0,100.0,144.59,0
20:34:47,267.2,2,2,2,1216.51,354.57,328.61,307.57,133.0,300000.0,100.0,144.42,0
20:34:47,267.3,2,2,2,1216.51,354.36,328.41,307.48,133.01,300000.0,100.0,144.26,0
20:34:47,267.3,2,2,2,1216.51,354.16,328.21,307.39,133.01,300000.0,100.0,144.1,0
20:34:47,267.4,2,2,2,1216.51,353.95,328.01,307.29,133.02,300000.0,100.0,143.94,0
20:34:47,267.4,2,2,2,1216.51,353.76,327.82,307.2,133.02,300000.0,100.0,143.78,0
20:34:47,267.5,2,2,2,1216.5,353.56,327.63,307.11,133.03,300000.0,100.0,143.62,0
20:34:47,267.5,2,2,2,1216.5,353.37,327.44,307.01,133.03,300000.0,100.0,143.46,0
20:34:47,267.6,2,2,2,1216.5,353.16,327.24,306.9,133.03,300000.0,100.0,143.29,0
20:34:48,267.6,2,2,2,1216.49,352.98,327.05,306.81,133.04,300000.0,100.0,143.13,0
20:34:48,267.7,2,2,2,1216.49,352.79,326.87,306.71,133.04,300000.0,100.0,142.98,0
20:34:48,267.7,2,2,2,1216.48,352.59,326.68,306.6,133.04,300000.0,100.0,142.8,0
20:34:48,267.8,2,2,2,1216.48,352.41,326.5,306.5,133.05,300000.0,100.0,142.65,0
20:34:48,267.9,2,2,2,1216.47,352.23,326.32,306.4,133.05,300000.0,100.0,142.49,0
20:34:48,267.9,2,2,2,1216.46,352.04,326.13,306.28,133.05,300000.0,100.0,142.32,0
20:34:48,268.0,2,2,2,1216.46,351.84,325.94,306.17,133.05,300000.0,100.0,142.15,0
20:34:48,268.0,2,2,2,1216.45,351.67,325.77,306.07,133.05,300000.0,100.0,142.0,0
20:34:48,268.1,2,2,2,1216.44,351.5,325.6,305.96,133.06,300000.0,100.0,141.84,0
20:34:48,268.1,2,2,2,1216.43,351.31,325.42,305.85,133.06,300000.0,100.0,141.68,0
20:34:48,268.2,2,2,2,1216.42,351.12,325.23,305.73,133.06,300000.0,100.0,141.52,0
20:34:48,268.2,2,2,2,1216.41,350.95,325.05,305.62,133.06,300000.0,100.0,141.36,0
20:34:48,268.3,2,2,2,1216.4,350.77,324.88,305.5,133.06,300000.0,100.0,141.2,0
20:34:48,268.3,2,2,2,1216.39,350.6,324.71,305.39,133.06,300000.0,100.0,141.05,0
20:34:48,268.4,2,2,2,1216.38,350.44,324.55,305.28,133.06,300000.0,100.0,140.89,0
20:34:48,268.5,2,2,2,1216.36,350.26,324.38,305.16,133.06,300000.0,100.0,140.74,0
20:34:48,268.5,2,2,2,1216.35,350.09,324.21,305.05,133.06,300000.0,100.0,140.59,0
20:34:48,268.6,2,2,2,1216.34,349.93,324.05,304.94,133.06,300000.0,100.0,140.44,0
20:34:49,268.6,2,2,2,1216.33,349.77,323.89,304.82,133.06,300000.0,100.0,140.29,0
20:34:49,268.7,2,2,2,1216.31,349.6,323.72,304.7,133.06,300000.0,100.0,140.14,0
20:34:49,268.7,2,2,2,1216.3,349.44,323.56,304.59,133.06,300000.0,100.0,139.99,0
20:34:49,268.8,2,2,2,1216.28,349.29,323.41,304.48,133.05,300000.0,100.0,139.84,0
20:34:49,268.8,2,2,2,1216.27,349.11,323.23,304.35,133.05,300000.0,100.0,139.69,0
20:34:49,268.9,2,2,2,1216.25,348.96,323.08,304.23,133.05,300000.0,100.0,139.55,0
20:34:49,269.0,2,2,2,1216.23,348.8,322.92,304.11,133.05,300000.0,100.0,139.4,0
20:34:49,269.0,2,2,2,1216.21,348.63,322.75,303.99,133.05,300000.0,100.0,139.26,0
20:34:49,269.1,2,2,2,1216.2,348.48,322.6,303.87,133.04,300000.0,100.0,139.11,0
20:34:49,269.1,2,2,2,1216.18,348.32,322.45,303.75,133.04,300000.0,100.0,138.97,0
20:34:49,269.2,2,2,2,1216.16,348.17,322.3,303.64,133.04,300000.0,100.0,138.83,0
20:34:49,269.2,2,2,2,1216.14,348.02,322.14,303.52,133.03,300000.0,100.0,138.69,0
20:34:49,269.3,2,2,2,1216.12,347.87,321.99,303.4,133.03,300000.0,100.0,138.55,0
20:34:49,269.3,2,2,2,1216.11,347.72,321.84,303.28,133.03,300000.0,100.0,138.41,0
20:34:49,269.4,2,2,2,1216.09,347.58,321.7,303.17,133.02,300000.0,100.0,138.27,0
20:34:49,269.4,2,2,2,1216.07,347.42,321.54,303.04,133.02,300000.0,100.0,138.13,0
20:34:49,269.5,2,2,2,1216.05,347.27,321.39,302.92,133.01,300000.0,100.0,137.99,0
20:34:49,269.6,2,2,2,1216.02,347.13,321.25,302.8,133.01,300000.0,100.0,137.85,0
20:34:49,269.6,2,2,2,1216.0,346.96,321.07,302.66,133.0,300000.0,100.0,137.72,0
20:34:50,269.7,2,2,2,1215.98,346.79,320.91,302.53,133.0,300000.0,100.0,137.58,0
20:34:50,269.7,2,2,2,1215.95,346.64,320.76,302.41,132.99,300000.0,100.0,137.44,0
20:34:50,269.8,2,2,2,1215.93,346.5,320.61,302.28,132.98,300000.0,100.0,137.31,0
20:34:50,269.8,2,2,2,1215.91,346.35,320.47,302.16,132.98,300000.0,100.0,137.17,0
20:34:50,269.9,2,2,2,1215.88,346.22,320.33,302.05,132.97,300000.0,100.0,137.04,0
20:34:50,269.9,2,2,2,1215.86,346.08,320.19,301.93,132.97,300000.0,100.0,136.91,0
20:34:50,270.0,2,2,2,1215.84,345.93,320.04,301.8,132.96,300000.0,100.0,136.77,0
20:34:50,270.0,2,2,2,1215.81,345.79,319.9,301.68,132.95,300000.0,100.0,136.64,0
20:34:50,270.1,2,2,2,1215.79,345.64,320.3,301.56,132.94,300000.0,100.0,136.8,0
20:34:50,270.2,2,2,2,1215.76,345.62,320.72,301.43,132.94,300000.0,100.0,136.98,0
20:34:50,270.2,2,2,2,1215.73,345.69,321.05,301.33,132.93,300000.0,100.0,137.13,0
20:34:50,270.3,2,2,2,1215.71,345.81,321.37,301.23,132.92,300000.0,100.0,137.28,0
20:34:50,270.3,2,2,2,1215.68,346.0,321.7,301.13,132.91,300000.0,100.0,137.43,0
20:34:50,270.4,2,2,2,1215.66,346.19,322.0,301.05,132.9,300000.0,100.0,137.56,0
20:34:50,270.4,2,2,2,1215.64,346.41,322.27,300.97,132.9,300000.0,100.0,137.7,0
20:34:50,270.5,2,2,2,1215.61,346.66,322.57,300.89,132.89,300000.0,100.0,137.82,0
20:34:50,270.5,2,2,2,1215.59,346.93,322.87,300.82,132.88,300000.0,100.0,137.95,0
20:34:50,270.6,2,2,2,1215.57,347.16,323.12,300.76,132.87,300000.0,100.0,138.06,0
20:34:51,270.7,2,2,2,1215.55,347.43,323.39,300.7,132.86,300000.0,100.0,138.18,0
20:34:51,270.7,2,2,2,1215.53,347.67,323.62,300.65,132.85,300000.0,100.0,138.29,0
20:34:51,270.8,2,2,2,1215.51,347.91,323.85,300.61,132.84,300000.0,100.0,138.4,0
20:34:51,270.8,2,2,2,1215.49,348.17,324.11,300.56,132.83,300000.0,100.0,138.51,0
20:34:51,270.9,2,2,2,1215.47,348.41,324.34,300.52,132.82,300000.0,100.0,138.61,0
20:34:51,270.9,2,2,2,1215.46,348.63,324.55,300.49,132.82,300000.0,100.0,138.71,0
20:34:51,271.0,2,2,2,1215.44,348.87,324.77,300.46,132.81,300000.0,100.0,138.81,0
20:34:51,271.0,2,2,2,1215.43,349.1,324.99,300.43,132.8,300000.0,100.0,138.91,0
20:34:51,271.1,2,2,2,1215.42,349.32,325.18,300.41,132.79,300000.0,100.0,139.0,0
20:34:51,271.2,2,2,2,1215.4,349.52,325.38,300.39,132.78,300000.0,100.0,139.09,0
20:34:51,271.2,2,2,2,1215.39,349.77,325.6,300.38,132.77,300000.0,100.0,139.18,0
20:34:51,271.3,2,2,2,1215.38,349.97,325.79,300.36,132.76,300000.0,100.0,139.27,0
20:34:51,271.3,2,2,2,1215.37,350.16,325.97,300.36,132.75,300000.0,100.0,139.36,0
20:34:51,271.4,2,2,2,1215.36,350.35,326.15,300.35,132.74,300000.0,100.0,139.44,0
20:34:51,271.4,2,2,2,1215.35,350.55,326.34,300.35,132.73,300000.0,100.0,139.52,0
20:34:51,271.5,2,2,2,1215.34,350.74,326.51,300.35,132.72,300000.0,100.0,139.6,0
20:34:51,271.5,2,2,2,1215.33,350.91,326.68,300.35,132.72,300000.0,100.0,139.68,0
20:34:51,271.6,2,2,2,1215.33,351.1,326.85,300.36,132.71,300000.0,100.0,139.76,0
20:34:52,271.7,2,2,2,1215.32,351.31,327.05,300.37,132.7,300000.0,100.0,139.84,0
20:34:52,271.7,2,2,2,1215.31,351.48,327.21,300.38,132.69,300000.0,100.0,139.91,0
20:34:52,271.8,2,2,2,1215.31,351.65,327.37,300.39,132.68,300000.0,100.0,139.98,0
20:34:52,271.8,2,2,2,1215.3,351.82,327.52,300.41,132.67,300000.0,100.0,140.06,0
20:34:52,271.9,2,2,2,1215.3,351.97,327.67,300.43,132.66,300000.0,100.0,140.13,0
20:34:52,271.9,2,2,2,1215.29,352.13,327.82,300.44,132.66,300000.0,100.0,140.2,0
20:34:52,272.0,2,2,2,1215.29,352.29,327.97,300.47,132.65,300000.0,100.0,140.26,0
20:34:52,272.0,2,2,2,1215.29,352.44,328.11,300.49,132.64,300000.0,100.0,140.33,0
20:34:52,272.1,2,2,2,1215.28,352.58,328.25,300.51,132.63,300000.0,100.0,140.4,0
20:34:52,272.1,2,2,2,1215.28,352.74,328.39,300.54,132.62,300000.0,100.0,140.46,0
20:34:52,272.2,2,2,2,1215.28,352.88,328.53,300.57,132.62,300000.0,100.0,140.52,0
20:34:52,272.2,2,2,2,1215.28,353.02,328.67,300.6,132.61,300000.0,100.0,140.59,0
20:34:52,272.3,2,2,2,1215.28,353.16,328.79,300.63,132.6,300000.0,100.0,140.65,0
20:34:52,272.4,2,2,2,1215.28,353.29,328.92,300.66,132.59,300000.0,100.0,140.71,0
20:34:52,272.4,2,2,2,1215.28,353.43,329.05,300.7,132.59,300000.0,100.0,140.77,0
20:34:52,272.5,2,2,2,1215.28,353.56,329.17,300.73,132.58,300000.0,100.0,140.83,0
20:34:52,272.5,2,2,2,1215.28,353.69,329.31,300.77,132.57,300000.0,100.0,140.89,0
20:34:52,272.6,2,2,2,1215.28,353.83,329.43,300.81,132.56,300000.0,100.0,140.94,0
20:34:53,272.6,2,2,2,1215.28,353.96,329.56,300.85,132.56,300000.0,100.0,141.0,0
20:34:53,272.7,2,2,2,1215.29,354.09,329.68,300.9,132.55,300000.0,100.0,141.06,0
20:34:53,272.7,2,2,2,1215.29,354.22,329.81,300.94,132.54,300000.0,100.0,141.11,0
20:34:53,272.8,2,2,2,1215.29,354.34,329.92,300.98,132.54,300000.0,100.0,141.16,0
20:34:53,272.9,2,2,2,1215.3,354.48,330.06,301.04,132.53,300000.0,100.0,141.22,0
20:34:53,272.9,2,2,2,1215.3,354.59,330.17,301.08,132.52,300000.0,100.0,141.27,0
20:34:53,273.0,2,2,2,1215.3,354.7,330.28,301.12,132.52,300000.0,100.0,141.32,0
20:34:53,273.0,2,2,2,1215.31,354.83,330.4,301.18,132.51,300000.0,100.0,141.37,0
20:34:53,273.1,2,2,2,1215.31,354.94,330.51,301.22,132.5,300000.0,100.0,141.42,0
20:34:53,273.1,2,2,2,1215.32,355.05,330.62,301.27,132.5,300000.0,100.0,141.47,0
20:34:53,273.2,2,2,2,1215.33,355.17,330.73,301.33,132.49,300000.0,100.0,141.52,0
20:34:53,273.2,2,2,2,1215.33,355.28,330.84,301.38,132.49,300000.0,100.0,141.57,0
20:34:53,273.3,2,2,2,1215.34,355.39,330.94,301.43,132.48,300000.0,100.0,141.62,0
20:34:53,273.4,2,2,2,1215.35,355.51,331.06,301.49,132.48,300000.0,100.0,141.67,0
20:34:53,273.4,2,2,2,1215.35,355.61,331.16,301.54,132.47,300000.0,100.0,141.72,0
20:34:53,273.5,2,2,2,1215.36,355.71,331.26,301.59,132.47,300000.0,100.0,141.77,0
20:34:53,273.5,2,2,2,1215.37,355.81,331.36,301.65,132.46,300000.0,100.0,141.81,0
20:34:53,273.6,2,2,2,1215.38,355.92,331.46,301.7,132.46,300000.0,100.0,141.86,0
20:34:53,273.6,2,2,2,1215.38,356.02,331.56,301.76,132.45,300000.0,100.0,141.9,0
20:34:54,273.7,2,2,2,1215.39,356.12,331.65,301.81,132.45,300000.0,100.0,141.95,0
20:34:54,273.7,2,2,2,1215.4,356.21,331.75,301.87,132.45,300000.0,100.0,141.99,0
20:34:54,273.8,2,2,2,1215.41,356.32,331.86,301.93,132.44,300000.0,100.0,142.04,0
20:34:54,273.8,2,2,2,1215.42,356.42,331.95,301.99,132.44,300000.0,100.0,142.08,0
20:34:54,273.9,2,2,2,1215.43,356.51,332.04,302.04,132.43,300000.0,100.0,142.13,0
20:34:54,273.9,2,2,2,1215.44,356.61,332.14,302.1,132.43,300000.0,100.0,142.17,0
20:34:54,274.0,2,2,2,1215.45,356.7,332.23,302.16,132.43,300000.0,100.0,142.21,0
20:34:54,274.1,2,2,2,1215.46,356.79,332.32,302.22,132.42,300000.0,100.0,142.26,0
20:34:54,274.1,2,2,2,1215.47,356.89,332.42,302.28,132.42,300000.0,100.0,142.3,0
20:34:54,274.2,2,2,2,1215.48,356.99,332.52,302.35,132.42,300000.0,100.0,142.34,0
20:34:54,274.2,2,2,2,1215.49,357.08,332.61,302.41,132.41,300000.0,100.0,142.38,0
20:34:54,274.3,2,2,2,1215.5,357.17,332.69,302.47,132.41,300000.0,100.0,142.42,0
20:34:54,274.3,2,2,2,1215.52,357.27,332.8,302.54,132.41,300000.0,100.0,142.46,0
20:34:54,274.4,2,2,2,1215.53,357.36,332.88,302.6,132.41,300000.0,100.0,142.51,0
20:34:54,274.4,2,2,2,1215.54,357.45,332.97,302.66,132.4,300000.0,100.0,142.55,0
20:34:54,274.5,2,2,2,1215.55,357.54,333.06,302.72,132.4,300000.0,100.0,142.59,0
20:34:54,274.5,2,2,2,1215.57,357.62,333.14,302.78,132.4,300000.0,100.0,142.63,0
20:34:54,274.6,2,2,2,1215.58,357.71,333.23,302.84,132.4,300000.0,100.0,142.67,0
20:34:55,274.7,2,2,2,1215.59,357.79,333.31,302.9,132.4,300000.0,100.0,142.71,0
20:34:55,274.7,2,2,2,1215.61,357.88,333.4,302.97,132.39,300000.0,100.0,142.75,0
20:34:55,274.8,2,2,2,1215.62,357.96,333.48,303.03,132.39,300000.0,100.0,142.78,0
20:34:55,274.8,2,2,2,1215.63,358.05,333.57,303.09,132.39,300000.0,100.0,142.82,0
20:34:55,274.9,2,2,2,1215.65,358.14,333.65,303.16,132.39,300000.0,100.0,142.86,0
20:34:55,274.9,2,2,2,1215.66,358.22,333.74,303.22,132.39,300000.0,100.0,142.9,0
20:34:55,275.0,2,2,2,1215.68,358.3,333.82,303.28,132.39,300000.0,100.0,142.94,0
20:34:55,275.0,2,2,2,1215.69,358.38,333.9,303.34,132.39,300000.0,100.0,142.98,0
20:34:55,275.1,2,2,2,1215.7,358.46,333.98,303.41,132.39,300000.0,100.0,143.02,0
20:34:55,275.2,2,2,2,1215.72,358.55,334.07,303.48,132.39,300000.0,100.0,143.05,0
20:34:55,275.2,2,2,2,1215.74,358.64,334.16,303.55,132.39,300000.0,100.0,143.09,0
20:34:55,275.3,2,2,2,1215.75,358.72,334.24,303.62,132.39,300000.0,100.0,143.13,0
20:34:55,275.3,3,2,2,1215.77,363.68,334.25,303.24,132.39,300000.0,100.0,143.29,0
20:34:55,275.4,3,2,2,1215.81,370.83,334.29,302.68,132.39,300000.0,100.0,143.52,0
20:34:55,275.5,3,2,2,1215.88,376.49,334.32,302.23,132.38,300000.0,100.0,143.7,0
20:34:55,275.5,3,2,2,1216.0,384.69,334.39,301.57,132.38,300000.0,100.0,143.98,0
20:34:55,275.6,3,2,2,1216.09,389.21,334.44,301.19,132.37,300000.0,100.0,144.14,0
20:34:56,275.7,3,2,2,1216.2,393.78,334.5,300.81,132.37,300000.0,100.0,144.3,0
20:34:56,275.7,3,2,2,1216.33,398.53,334.57,300.41,132.36,300000.0,100.0,144.47,0
20:34:56,275.8,3,2,2,1216.48,403.11,334.64,300.01,132.36,300000.0,100.0,144.64,0
20:34:56,275.8,3,2,2,1216.63,407.5,334.72,299.63,132.35,300000.0,100.0,144.8,0
20:34:56,275.9,3,2,2,1216.82,412.38,334.82,299.19,132.34,300000.0,100.0,144.98,0
20:34:56,275.9,3,2,2,1217.01,416.83,334.92,298.79,132.33,300000.0,100.0,145.16,0
20:34:56,276.0,3,2,2,1217.21,421.07,335.02,298.4,132.32,300000.0,100.0,145.32,0
20:34:56,276.0,3,2,2,1217.41,425.09,335.12,298.03,132.31,300000.0,100.0,145.48,0
20:34:56,276.1,3,2,2,1217.63,429.01,335.23,297.66,132.3,300000.0,100.0,145.64,0
20:34:56,276.2,3,2,2,1217.89,433.52,335.36,297.23,132.28,300000.0,100.0,145.83,0
20:34:56,276.2,3,2,2,1218.15,437.56,335.49,296.84,132.27,300000.0,100.0,146.0,0
20:34:56,276.3,3,2,2,1218.41,441.46,335.62,296.45,132.26,300000.0,100.0,146.17,0
20:34:56,276.3,3,2,2,1218.69,445.44,335.77,296.06,132.24,300000.0,100.0,146.34,0
20:34:56,276.4,3,2,2,1218.97,449.12,335.91,295.68,132.23,300000.0,100.0,146.5,0
20:34:56,276.5,3,2,2,1219.31,453.31,336.07,295.25,132.21,300000.0,100.0,146.69,0
20:34:56,276.5,3,2,2,1219.73,458.29,336.28,294.73,132.18,300000.0,100.0,146.92,0
20:34:56,276.6,3,2,2,1220.06,461.82,336.44,294.36,132.17,300000.0,100.0,147.08,0
20:34:57,276.6,3,2,2,1220.39,465.26,336.61,293.99,132.15,300000.0,100.0,147.25,0
20:34:57,276.7,3,2,2,1220.8,469.4,336.81,293.53,132.12,300000.0,100.0,147.45,0
20:34:57,276.8,3,2,2,1221.16,472.77,336.99,293.16,132.1,300000.0,100.0,147.62,0
20:34:57,276.8,3,2,2,1221.53,476.1,337.17,292.79,132.08,300000.0,100.0,147.78,0
20:34:57,276.9,3,2,2,1221.88,479.16,337.34,292.44,132.06,300000.0,100.0,147.94,0
20:34:57,276.9,3,2,2,1222.27,482.46,337.54,292.06,132.04,300000.0,100.0,148.11,0
20:34:57,277.0,3,2,2,1222.65,485.49,337.72,291.7,132.02,300000.0,100.0,148.27,0
20:34:57,277.0,3,2,2,1223.03,488.43,337.91,291.35,131.99,300000.0,100.0,148.43,0
20:34:57,277.1,3,2,2,1223.48,491.75,338.13,290.95,131.97,300000.0,100.0,148.61,0
20:34:57,277.1,3,2,2,1223.89,494.72,338.33,290.59,131.94,300000.0,100.0,148.77,0
20:34:57,277.2,3,2,2,1224.29,497.48,338.53,290.25,131.92,300000.0,100.0,148.93,0
20:34:57,277.3,3,2,2,1224.71,500.28,338.73,289.9,131.89,300000.0,100.0,149.09,0
20:34:57,277.3,3,2,2,1225.15,503.16,338.95,289.54,131.87,300000.0,100.0,149.26,0
20:34:57,277.4,3,2,2,1225.58,505.81,339.16,289.2,131.84,300000.0,100.0,149.41,0
20:34:57,277.4,3,2,2,1226.08,508.84,339.4,288.8,131.81,300000.0,100.0,149.59,0
20:34:57,277.5,3,2,2,1226.67,512.32,339.7,288.35,131.77,300000.0,100.0,149.8,0
20:34:57,277.5,3,2,2,1227.16,515.07,339.93,287.98,131.74,300000.0,100.0,149.98,0
20:34:57,277.6,3,2,2,1227.63,517.69,340.17,287.62,131.71,300000.0,100.0,150.14,0
20:34:58,277.7,3,2,2,1228.18,520.61,339.81,287.22,131.68,300000.0,100.0,150.33,0
20:34:58,277.7,3,2,2,1228.69,523.21,339.5,286.86,131.64,300000.0,100.0,150.5,0
20:34:58,277.8,3,2,2,1229.17,525.58,339.21,286.52,131.61,300000.0,100.0,150.65,0
20:34:58,277.8,3,2,2,1229.71,528.19,338.89,286.15,131.58,300000.0,100.0,150.83,0
20:34:58,277.9,3,2,2,1230.26,530.75,338.57,285.77,131.54,300000.0,100.0,151.01,0
20:34:58,277.9,3,2,2,1230.8,533.19,338.27,285.41,131.51,300000.0,100.0,151.18,0
20:34:58,278.0,3,2,2,1231.33,535.51,337.99,285.06,131.47,300000.0,100.0,151.35,0
20:34:58,278.1,3,2,2,1231.96,538.2,337.65,284.65,131.43,300000.0,100.0,151.54,0
20:34:58,278.1,3,2,2,1232.48,540.39,337.38,284.3,131.4,300000.0,100.0,151.7,0
20:34:58,278.2,3,2,2,1233.01,542.51,337.12,283.97,131.36,300000.0,100.0,151.86,0
20:34:58,278.2,3,2,2,1233.63,544.93,336.81,283.58,131.32,300000.0,100.0,152.05,0
20:34:58,278.3,3,2,2,1234.18,547.04,336.55,283.23,131.28,300000.0,100.0,152.22,0
20:34:58,278.3,3,2,2,1234.73,549.06,336.29,282.9,131.25,300000.0,100.0,152.38,0
20:34:58,278.4,3,2,2,1235.3,551.13,336.03,282.55,131.21,300000.0,100.0,152.54,0
20:34:58,278.5,3,2,2,1235.87,553.15,335.77,282.2,131.17,300000.0,100.0,152.71,0
20:34:58,278.5,3,2,2,1236.43,555.06,335.53,281.87,131.13,300000.0,100.0,152.87,0
20:34:58,278.6,3,2,2,1237.04,557.11,335.27,281.51,131.09,300000.0,100.0,153.05,0
20:34:58,278.6,3,2,2,1237.61,558.96,335.03,281.18,131.05,300000.0,100.0,153.21,0
20:34:59,278.7,3,2,2,1238.16,560.72,334.8,280.85,131.01,300000.0,100.0,153.36,0
20:34:59,278.7,3,2,2,1238.73,562.5,334.57,280.52,130.97,300000.0,100.0,153.52,0
20:34:59,278.8,3,2,2,1239.45,564.69,334.29,280.12,130.92,300000.0,100.0,153.72,0
20:34:59,278.8,3,2,2,1240.04,566.44,334.06,279.78,130.88,300000.0,100.0,153.89,0
20:34:59,278.9,3,2,2,1240.62,568.13,333.84,279.46,130.84,300000.0,100.0,154.05,0
20:34:59,279.0,3,2,2,1241.25,569.9,333.61,279.11,130.79,300000.0,100.0,154.22,0
20:34:59,279.0,3,2,2,1241.83,571.52,333.4,278.79,130.75,300000.0,100.0,154.38,0
20:34:59,279.1,3,2,2,1242.41,573.09,333.19,278.47,130.71,300000.0,100.0,154.53,0
20:34:59,279.1,3,2,2,1243.08,574.87,332.95,278.1,130.66,300000.0,100.0,154.71,0
20:34:59,279.2,3,2,2,1243.7,576.47,332.74,277.77,130.61,300000.0,100.0,154.88,0
20:34:59,279.2,3,2,2,1244.31,578.01,332.54,277.45,130.57,300000.0,100.0,155.04,0
20:34:59,279.3,3,2,2,1244.97,579.65,332.32,277.09,130.52,300000.0,100.0,155.21,0
20:34:59,279.3,3,2,2,1245.63,581.26,332.1,276.74,130.47,300000.0,100.0,155.39,0
20:34:59,279.4,3,2,2,1246.28,582.81,331.89,276.4,130.42,300000.0,100.0,155.56,0
20:34:59,279.5,3,2,2,1246.89,584.22,331.7,276.09,130.38,300000.0,100.0,155.72,0
20:34:59,279.5,3,2,2,1247.57,585.76,331.49,275.74,130.32,300000.0,100.0,155.89,0
20:34:59,279.6,3,2,2,1248.25,587.29,331.28,275.38,130.27,300000.0,100.0,156.07,0
20:35:00,279.6,3,2,2,1248.87,588.64,331.1,275.07,130.23,300000.0,100.0,156.23,0
20:35:00,279.7,3,2,2,1249.49,589.97,330.92,274.76,130.18,300000.0,100.0,156.39,0
20:35:00,279.7,3,2,2,1250.19,591.45,330.71,274.4,130.12,300000.0,100.0,156.57,0
20:35:00,279.8,3,2,2,1250.81,592.72,330.53,274.09,130.08,300000.0,100.0,156.72,0
20:35:00,279.9,3,2,2,1251.44,593.98,330.36,273.78,130.03,300000.0,100.0,156.88,0
20:35:00,279.9,3,2,2,1252.19,595.47,330.15,273.4,129.97,300000.0,100.0,157.07,0
20:35:00,280.0,3,2,2,1252.85,596.75,329.97,273.08,129.92,300000.0,100.0,157.24,0
20:35:00,280.0,3,2,2,1253.48,597.96,329.8,272.77,129.87,300000.0,100.0,157.4,0
20:35:00,280.1,3,2,2,1254.23,599.36,329.61,272.4,129.81,300000.0,100.0,157.58,0
20:35:00,280.1,3,2,2,1254.91,600.61,329.43,272.07,129.75,300000.0,100.0,157.75,0
20:35:00,280.2,3,2,2,1255.54,601.75,329.27,271.76,129.7,300000.0,100.0,157.91,0
20:35:00,280.2,3,2,2,1256.17,602.86,329.11,271.46,129.65,300000.0,100.0,158.07,0
20:35:00,280.3,3,2,2,1256.89,604.1,328.93,271.12,129.59,300000.0,100.0,158.24,0
20:35:00,280.4,3,2,2,1257.52,605.17,328.78,270.82,129.54,300000.0,100.0,158.4,0
20:35:00,280.4,3,2,2,1258.16,606.25,328.63,270.51,129.49,300000.0,100.0,158.56,0
20:35:00,280.5,3,2,2,1259.1,607.79,328.4,270.07,129.41,300000.0,100.0,158.79,0
20:35:00,280.5,3,2,2,1259.81,608.95,328.24,269.73,129.35,300000.0,100.0,158.97,0
20:35:00,280.6,3,2,2,1260.46,609.96,328.09,269.43,129.3,300000.0,100.0,159.12,0
20:35:01,280.7,3,2,2,1261.31,611.29,327.9,269.04,129.23,300000.0,100.0,159.33,0
20:35:01,280.7,3,2,2,1261.98,612.32,327.74,268.72,129.17,300000.0,100.0,159.5,0
20:35:01,280.8,3,2,2,1262.64,613.3,327.6,268.42,129.12,300000.0,100.0,159.66,0
20:35:01,280.8,3,2,2,1263.48,614.53,327.42,268.03,129.04,300000.0,100.0,159.86,0
20:35:01,280.9,3,2,2,1264.16,615.52,327.27,267.72,128.99,300000.0,100.0,160.02,0
20:35:01,281.0,3,2,2,1264.8,616.44,327.14,267.43,128.93,300000.0,100.0,160.18,0
20:35:01,281.0,3,2,2,1265.67,617.65,326.95,267.03,128.86,300000.0,100.0,160.39,0
20:35:01,281.1,3,2,2,1266.34,618.56,326.82,266.73,128.8,300000.0,100.0,160.55,0
20:35:01,281.1,3,2,2,1267.0,619.46,326.68,266.43,128.74,300000.0,100.0,160.71,0
20:35:01,281.2,3,2,2,1267.7,620.39,326.54,266.11,128.68,300000.0,100.0,160.88,0
20:35:01,281.2,3,2,2,1268.37,621.27,326.41,265.81,128.62,300000.0,100.0,161.04,0
20:35:01,281.3,3,2,2,1269.03,622.12,326.28,265.52,128.56,300000.0,100.0,161.2,0
20:35:01,281.3,3,2,2,1269.68,622.95,326.15,265.23,128.51,300000.0,100.0,161.36,0
20:35:01,281.4,3,2,2,1270.42,623.87,326.01,264.9,128.44,300000.0,100.0,161.53,0
20:35:01,281.4,3,2,2,1271.08,624.68,325.89,264.61,128.38,300000.0,100.0,161.69,0
20:35:01,281.5,3,2,2,1271.77,625.53,325.76,264.3,128.32,300000.0,100.0,161.86,0
20:35:01,281.6,3,2,2,1272.6,626.52,325.61,263.93,128.24,300000.0,100.0,162.06,0
20:35:02,281.6,3,2,2,1273.27,627.31,325.48,263.64,128.18,300000.0,100.0,162.22,0
20:35:02,281.7,3,2,2,1273.94,628.09,325.36,263.35,128.12,300000.0,100.0,162.38,0
20:35:02,281.8,3,2,2,1274.88,629.16,325.2,262.93,128.04,300000.0,100.0,162.6,0
20:35:02,281.8,3,2,2,1275.59,629.97,325.07,262.62,127.97,300000.0,100.0,162.77,0
20:35:02,281.9,3,2,2,1276.25,630.69,324.96,262.34,127.91,300000.0,100.0,162.93,0
20:35:02,281.9,3,2,2,1277.12,631.65,324.81,261.96,127.83,300000.0,100.0,163.14,0
20:35:02,282.0,3,2,2,1277.98,632.57,324.66,261.59,127.75,300000.0,100.0,163.34,0
20:35:02,282.1,3,2,2,1278.64,633.27,324.55,261.3,127.69,300000.0,100.0,163.5,0
20:35:02,282.1,3,2,2,1279.35,634.02,324.43,260.99,127.62,300000.0,100.0,163.67,0
20:35:02,282.2,3,2,2,1280.13,634.82,324.3,260.66,127.55,300000.0,100.0,163.86,0
20:35:02,282.2,3,2,2,1280.81,635.51,324.19,260.37,127.48,300000.0,100.0,164.02,0
20:35:02,282.3,3,2,2,1281.49,636.19,324.08,260.08,127.42,300000.0,100.0,164.18,0
20:35:02,282.3,0,2,2,1282.22,636.91,323.97,259.77,127.35,300000.0,100.0,164.36,0
20:35:02,282.4,0,2,2,1282.92,637.6,323.86,259.47,127.28,300000.0,100.0,164.52,0
20:35:02,282.4,0,2,2,1283.58,638.23,323.76,259.19,127.22,300000.0,100.0,164.68,0
20:35:02,282.5,0,2,2,1284.25,638.86,323.65,258.9,127.15,300000.0,100.0,164.84,0
20:35:02,282.6,0,2,2,1285.07,639.64,323.53,258.56,127.07,300000.0,100.0,165.04,0
20:35:02,282.6,0,2,2,1285.75,640.26,323.43,258.27,127.01,300000.0,100.0,165.19,0
20:35:03,282.7,0,2,2,1286.42,640.88,323.33,257.99,126.94,300000.0,100.0,165.35,0
20:35:03,282.7,0,2,2,1287.11,641.5,323.22,257.7,126.87,300000.0,100.0,165.51,0
20:35:03,282.8,0,2,2,1287.78,642.1,323.13,257.42,126.81,300000.0,100.0,165.66,0
20:35:03,282.8,0,2,2,1288.51,642.75,323.02,257.11,126.74,300000.0,100.0,165.83,0
20:35:03,282.9,0,2,2,1289.31,643.45,322.9,256.78,126.66,300000.0,100.0,166.01,0
20:35:03,283.0,0,2,2,1289.98,644.02,322.81,256.5,126.59,300000.0,100.0,166.17,0
20:35:03,283.0,0,2,2,1290.71,644.65,322.71,256.19,126.52,300000.0,100.0,166.34,0
20:35:03,283.1,0,2,2,1291.37,645.21,322.61,255.92,126.45,300000.0,100.0,166.49,0
20:35:03,283.1,0,2,2,1292.23,645.92,322.49,255.56,126.36,300000.0,100.0,166.69,0
20:35:03,283.2,0,2,2,1293.03,646.58,322.38,255.23,126.28,300000.0,100.0,166.88,0
20:35:03,283.3,0,2,2,1293.68,647.11,322.3,254.96,126.22,300000.0,100.0,167.03,0
20:35:03,283.3,0,2,2,1294.49,647.76,322.19,254.62,126.13,300000.0,100.0,167.22,0
20:35:03,283.4,0,2,2,1295.16,648.29,322.1,254.35,126.06,300000.0,100.0,167.37,0
20:35:03,283.4,0,2,2,1295.81,648.8,322.01,254.08,126.0,300000.0,100.0,167.52,0
20:35:03,283.5,0,2,2,1296.47,649.32,321.93,253.81,125.93,300000.0,100.0,167.68,0
20:35:03,283.5,0,2,2,1297.25,649.91,321.82,253.49,125.85,300000.0,100.0,167.86,0
20:35:03,283.6,0,2,2,1297.92,650.42,321.74,253.21,125.78,300000.0,100.0,168.01,0
20:35:04,283.7,0,2,2,1298.57,650.91,321.66,252.95,125.71,300000.0,100.0,168.16,0
20:35:04,283.7,0,2,2,1299.37,651.51,321.55,252.62,125.63,300000.0,100.0,168.35,0
20:35:04,283.8,0,2,2,1300.02,651.99,321.47,252.35,125.56,300000.0,100.0,168.5,0
20:35:04,283.8,0,2,2,1300.69,652.48,321.39,252.08,125.49,300000.0,100.0,168.66,0
20:35:04,283.9,0,2,2,1301.33,652.94,321.31,251.82,125.42,300000.0,100.0,168.81,0
20:35:04,283.9,0,2,2,1302.1,653.49,321.22,251.51,125.34,300000.0,100.0,168.99,0
20:35:04,284.0,0,2,2,1302.78,653.97,321.13,251.23,125.26,300000.0,100.0,169.15,0
20:35:04,284.0,0,2,2,1303.44,654.44,321.05,250.96,125.19,300000.0,100.0,169.3,0
20:35:04,284.1,0,2,2,1304.09,654.89,320.98,250.7,125.12,300000.0,100.0,169.45,0
20:35:04,284.2,0,2,2,1304.87,655.43,320.88,250.38,125.04,300000.0,100.0,169.64,0
20:35:04,284.2,0,2,2,1305.58,655.92,320.8,250.09,124.96,300000.0,100.0,169.81,0
20:35:04,284.3,0,2,2,1306.22,656.35,320.73,249.83,124.89,300000.0,100.0,169.96,0
20:35:04,284.3,0,2,2,1306.88,656.79,320.65,249.57,124.82,300000.0,100.0,170.11,0
20:35:04,284.4,0,2,2,1307.6,657.27,320.57,249.28,124.74,300000.0,100.0,170.28,0
20:35:04,284.4,0,2,2,1308.25,657.7,320.49,249.01,124.67,300000.0,100.0,170.44,0
20:35:04,284.5,0,2,2,1308.89,658.12,320.42,248.76,124.6,300000.0,100.0,170.59,0
20:35:04,284.5,0,2,2,1309.63,658.6,320.34,248.46,124.52,300000.0,100.0,170.76,0
20:35:04,284.6,0,2,2,1310.27,659.01,320.27,248.2,124.44,300000.0,100.0,170.91,0
20:35:05,284.6,0,2,2,1310.91,659.42,320.2,247.95,124.37,300000.0,100.0,171.06,0
20:35:05,284.7,0,2,2,1311.6,659.86,320.12,247.67,124.3,300000.0,100.0,171.23,0
20:35:05,284.8,0,2,2,1312.28,660.28,320.05,247.4,124.22,300000.0,100.0,171.39,0
20:35:05,284.8,0,2,2,1312.93,660.69,319.97,247.13,124.15,300000.0,100.0,171.55,0
20:35:05,284.9,0,2,2,1313.57,661.08,320.43,246.88,124.07,300000.0,100.0,171.7,0
20:35:05,284.9,0,2,2,1314.45,661.63,321.06,246.53,123.97,300000.0,100.0,171.91,0
20:35:05,285.0,0,2,2,1315.1,662.04,321.52,246.27,123.9,300000.0,100.0,172.06,0
20:35:05,285.0,0,2,2,1315.75,662.45,321.98,246.01,123.83,300000.0,100.0,172.22,0
20:35:05,285.1,0,2,2,1316.46,662.89,322.49,245.73,123.74,300000.0,100.0,172.39,0
20:35:05,285.2,0,2,2,1317.09,663.3,322.94,245.48,123.67,300000.0,100.0,172.54,0
20:35:05,285.2,0,2,2,1317.73,663.71,323.4,245.23,123.6,300000.0,100.0,172.69,0
20:35:05,285.3,0,2,2,1318.51,664.22,323.95,244.92,123.51,300000.0,100.0,172.88,0
20:35:05,285.3,0,2,2,1319.21,664.67,324.46,244.64,123.43,300000.0,100.0,173.05,0
20:35:05,285.4,0,2,2,1319.88,665.11,324.93,244.38,123.35,300000.0,100.0,173.21,0
20:35:05,285.4,0,2,2,1320.54,665.55,325.4,244.12,123.27,300000.0,100.0,173.37,0
20:35:05,285.5,0,2,2,1321.2,665.98,325.87,243.86,123.2,300000.0,100.0,173.53,0
20:35:05,285.5,0,2,2,1321.87,666.43,326.35,243.6,123.12,300000.0,100.0,173.69,0
20:35:05,285.6,0,2,2,1322.53,666.87,326.82,243.35,123.04,300000.0,100.0,173.85,0
20:35:06,285.7,0,2,2,1323.17,667.3,327.27,243.1,122.96,300000.0,100.0,174.01,0
20:35:06,285.7,0,2,2,1323.86,667.77,327.77,242.83,122.88,300000.0,100.0,174.17,0
20:35:06,285.8,0,2,2,1324.49,668.19,328.21,242.59,122.81,300000.0,100.0,174.33,0
20:35:06,285.8,0,2,2,1325.12,668.62,328.67,242.34,122.73,300000.0,100.0,174.48,0
20:35:06,285.9,0,2,2,1325.88,669.14,329.2,242.05,122.64,300000.0,100.0,174.66,0
20:35:06,285.9,0,2,2,1326.53,669.59,329.66,241.8,122.56,300000.0,100.0,174.82,0
20:35:06,286.0,0,2,2,1327.19,670.04,330.13,241.55,122.49,300000.0,100.0,174.98,0
20:35:06,286.1,0,2,2,1327.95,670.57,330.67,241.26,122.39,300000.0,100.0,175.17,0
20:35:06,286.1,0,2,2,1328.59,671.02,331.13,241.01,122.32,300000.0,100.0,175.32,0
20:35:06,286.2,0,2,2,1329.2,671.45,331.56,240.78,122.24,300000.0,100.0,175.47,0
20:35:06,286.2,0,2,2,1329.83,671.89,332.01,240.54,122.17,300000.0,100.0,175.63,0
20:35:06,286.3,0,2,2,1330.53,672.38,332.51,240.27,122.08,300000.0,100.0,175.8,0
20:35:06,286.3,0,2,2,1331.17,672.83,332.96,240.04,122.01,300000.0,100.0,175.96,0
20:35:06,286.4,0,2,2,1331.78,673.27,333.39,239.8,121.93,300000.0,100.0,176.11,0
20:35:06,286.4,0,2,2,1332.55,673.82,333.94,239.51,121.84,300000.0,100.0,176.3,0
20:35:06,286.5,0,2,2,1333.19,674.28,334.4,239.27,121.76,300000.0,100.0,176.45,0
20:35:06,286.6,0,2,2,1333.81,674.72,334.83,239.04,121.68,300000.0,100.0,176.6,0
20:35:06,286.6,0,2,2,1334.43,675.16,335.27,238.81,121.61,300000.0,100.0,176.76,0
20:35:07,286.7,0,2,2,1335.12,675.66,335.76,238.55,121.52,300000.0,100.0,176.93,0
20:35:07,286.7,0,2,2,1335.73,676.11,336.2,238.32,121.45,300000.0,100.0,177.08,0
20:35:07,286.8,0,2,2,1336.35,676.56,336.63,238.09,121.37,300000.0,100.0,177.23,0
20:35:07,286.8,0,2,2,1337.1,677.1,337.16,237.82,121.28,300000.0,100.0,177.42,0
20:35:07,286.9,0,2,2,1337.73,677.56,337.61,237.58,121.2,300000.0,100.0,177.57,0
20:35:07,286.9,0,2,2,1338.34,678.01,338.04,237.36,121.13,300000.0,100.0,177.72,0
20:35:07,287.0,0,2,2,1338.96,678.47,338.48,237.13,121.05,300000.0,100.0,177.88,0
20:35:07,287.1,0,2,2,1339.71,679.02,339.01,236.86,120.95,300000.0,100.0,178.06,0
20:35:07,287.1,0,2,2,1340.36,679.5,339.47,236.62,120.87,300000.0,100.0,178.22,0
20:35:07,287.2,0,2,2,1340.97,679.95,339.9,236.4,120.8,300000.0,100.0,178.38,0
20:35:07,287.2,0,2,2,1341.66,680.47,340.39,236.14,120.71,300000.0,100.0,178.55,0
20:35:07,287.3,0,2,2,1342.3,680.94,340.29,235.91,120.63,300000.0,100.0,178.71,0
20:35:07,287.3,0,2,2,1343.02,681.48,340.18,235.65,120.54,300000.0,100.0,178.89,0
20:35:07,287.4,0,2,2,1343.72,681.99,340.08,235.4,120.45,300000.0,100.0,179.06,0
20:35:07,287.5,0,2,2,1344.33,682.42,339.99,235.18,120.38,300000.0,100.0,179.21,0
20:35:07,287.5,0,2,2,1344.93,682.85,339.9,234.96,120.3,300000.0,100.0,179.36,0
20:35:07,287.6,0,2,2,1345.54,683.28,339.81,234.74,120.23,300000.0,100.0,179.52,0
20:35:07,287.6,0,2,2,1346.23,683.77,339.71,234.49,120.14,300000.0,100.0,179.69,0
20:35:08,287.7,0,2,2,1346.85,684.2,339.62,234.27,120.06,300000.0,100.0,179.84,0
20:35:08,287.7,0,2,2,1347.51,684.65,339.53,234.03,119.98,300000.0,100.0,180.01,0
20:35:08,287.8,0,2,2,1348.17,685.1,339.43,233.79,119.89,300000.0,100.0,180.18,0
20:35:08,287.8,0,2,2,1348.78,685.51,339.35,233.57,119.82,300000.0,100.0,180.33,0
20:35:08,287.9,0,2,2,1349.38,685.91,339.26,233.36,119.74,300000.0,100.0,180.48,0
20:35:08,287.9,0,2,2,1349.99,686.32,339.18,233.14,119.66,300000.0,100.0,180.63,0
20:35:08,288.0,0,2,2,1350.59,686.71,339.09,232.92,119.58,300000.0,100.0,180.78,0
20:35:08,288.1,0,2,2,1351.2,687.11,339.01,232.7,119.51,300000.0,100.0,180.94,0
20:35:08,288.1,0,2,2,1351.94,687.59,338.91,232.44,119.41,300000.0,100.0,181.12,0
20:35:08,288.2,0,2,2,1352.54,687.97,338.83,232.22,119.33,300000.0,100.0,181.28,0
20:35:08,288.2,0,2,2,1353.18,688.38,338.74,231.99,119.25,300000.0,100.0,181.44,0
20:35:08,288.3,0,2,2,1353.8,688.77,338.66,231.77,119.17,300000.0,100.0,181.6,0
20:35:08,288.3,0,2,2,1354.46,689.18,338.57,231.54,119.09,300000.0,100.0,181.76,0
20:35:08,288.4,0,2,2,1355.06,689.55,338.49,231.32,119.01,300000.0,100.0,181.92,0
20:35:08,288.4,0,2,2,1355.73,689.96,338.4,231.08,118.92,300000.0,100.0,182.09,0
20:35:08,288.5,0,2,2,1356.39,690.36,338.31,230.84,118.84,300000.0,100.0,182.26,0
20:35:08,288.6,0,2,2,1357.01,690.73,338.23,230.63,118.76,300000.0,100.0,182.41,0
20:35:08,288.6,0,2,2,1357.62,691.1,338.16,230.41,118.68,300000.0,100.0,182.57,0
20:35:09,288.7,0,2,2,1358.22,691.46,338.08,230.19,118.6,300000.0,100.0,182.72,0
20:35:09,288.7,0,2,2,1358.9,691.86,337.99,229.95,118.51,300000.0,100.0,182.9,0
20:35:09,288.8,0,2,2,1359.5,692.2,337.92,229.74,118.43,299902.2,100.0,183.05,0
20:35:09,288.8,0,2,2,1360.16,692.59,337.83,229.51,118.35,299479.83,100.0,183.22,0
20:35:09,288.9,0,2,2,1360.87,693.0,337.74,229.25,118.25,299012.26,100.0,183.4,0
20:35:09,288.9,0,2,2,1361.48,693.34,337.67,229.04,118.18,298502.98,100.0,183.56,0
20:35:09,289.0,0,2,2,1362.07,693.68,337.6,228.83,118.1,298075.43,100.0,183.71,0
20:35:09,289.1,0,2,2,1362.66,694.01,337.52,228.62,118.02,297654.27,100.0,183.86,0
20:35:09,289.1,0,2,2,1363.39,694.42,337.43,228.36,117.92,297235.04,100.0,184.05,0
20:35:09,289.2,0,2,2,1364.01,694.76,337.36,228.14,117.84,296718.26,100.0,184.21,0
20:35:09,289.2,0,2,2,1364.61,695.09,337.29,227.93,117.76,296277.5,100.0,184.37,0
20:35:09,289.3,0,2,2,1365.36,695.5,337.2,227.66,117.66,295853.8,100.0,184.56,0
20:35:09,289.4,0,2,2,1365.99,695.84,337.12,227.44,117.58,295324.63,100.0,184.73,0
20:35:09,289.4,0,2,2,1366.59,696.16,337.05,227.23,117.5,294880.75,100.0,184.88,0
20:35:09,289.5,0,2,2,1367.27,696.53,336.97,226.99,117.41,294455.26,100.0,185.06,0
20:35:09,289.5,0,2,2,1367.85,696.84,336.9,226.78,117.33,293974.46,100.0,185.21,0
20:35:09,289.6,0,2,2,1368.43,697.15,336.83,226.58,117.25,293560.19,100.0,185.36,0
20:35:10,289.6,0,2,2,1369.09,697.49,336.76,226.34,117.17,293150.61,100.0,185.54,0
20:35:10,289.7,0,2,2,1369.7,697.81,336.69,226.13,117.08,292686.47,100.0,185.7,0
20:35:10,289.7,0,2,2,1370.31,698.12,336.62,225.91,117.0,292253.89,100.0,185.86,0
20:35:10,289.8,0,2,2,1370.89,698.42,336.55,225.71,116.92,291825.79,100.0,186.01,0
20:35:10,289.8,0,2,2,1371.48,698.72,336.49,225.5,116.84,291415.06,100.0,186.16,0
20:35:10,289.9,0,2,2,1372.06,699.02,336.42,225.3,116.77,291002.89,100.0,186.32,0
20:35:10,290.0,0,2,2,1372.63,699.31,336.36,225.1,116.69,290594.77,100.0,186.47,0
20:35:10,290.0,0,2,2,1373.28,699.64,336.28,224.87,116.6,290191.92,100.0,186.64,0
20:35:10,290.1,0,2,2,1373.94,699.96,336.21,224.64,116.51,289734.58,100.0,186.82,0
20:35:10,290.1,0,2,2,1374.58,700.28,336.14,224.41,116.43,289271.36,100.0,186.99,0
20:35:10,290.2,0,2,2,1375.28,700.63,336.06,224.16,116.33,288818.74,100.0,187.17,0
20:35:10,290.3,0,2,2,1375.87,700.92,336.0,223.96,116.25,288322.71,100.0,187.33,0
20:35:10,290.3,0,2,2,1376.46,701.21,335.94,223.75,116.17,287911.42,100.0,187.49,0
20:35:10,290.4,0,2,2,1377.11,701.53,335.87,223.52,116.08,287493.36,100.0,187.66,0
20:35:10,290.4,0,2,2,1377.68,701.8,335.8,223.32,116.0,287039.78,100.0,187.82,0
20:35:10,290.5,0,2,2,1378.25,702.08,335.74,223.12,115.92,286637.22,100.0,187.97,0
20:35:10,290.5,0,2,2,1378.85,702.37,335.68,222.91,115.84,286239.99,100.0,188.13,0
20:35:10,290.6,0,2,2,1379.45,702.65,335.62,222.7,115.76,285814.78,100.0,188.29,0
20:35:11,290.6,0,2,2,1380.03,702.92,335.56,222.49,115.68,285392.87,100.0,188.45,0
20:35:11,290.7,0,2,2,1380.59,703.19,335.5,222.29,115.6,284988.89,100.0,188.6,0
20:35:11,290.7,0,2,2,1381.23,703.49,335.43,222.07,115.51,284589.43,100.0,188.77,0
20:35:11,290.8,0,2,2,1381.8,703.76,335.37,221.87,115.43,284144.24,100.0,188.93,0
20:35:11,290.9,0,2,2,1382.38,704.03,335.31,221.67,115.35,283740.16,100.0,189.08,0
20:35:11,290.9,0,2,2,1382.94,704.29,335.26,221.47,115.28,283336.62,100.0,189.24,0
20:35:11,291.0,0,2,2,1383.58,704.58,335.19,221.25,115.19,282941.92,100.0,189.41,0
20:35:11,291.0,0,2,2,1384.14,704.84,335.13,221.05,115.11,282496.44,100.0,189.57,0
20:35:11,291.1,0,2,2,1384.7,705.1,335.08,220.85,115.03,282098.16,100.0,189.72,0
20:35:11,291.1,0,2,2,1385.31,705.38,335.02,220.64,114.95,281704.87,100.0,189.88,0
20:35:11,291.2,0,2,2,1385.98,705.68,334.95,220.41,114.85,281283.45,100.0,190.07,0
20:35:11,291.3,0,2,2,1386.56,705.94,334.89,220.2,114.77,280812.74,100.0,190.23,0
20:35:11,291.3,0,2,2,1387.15,706.21,334.83,219.99,114.69,280403.75,100.0,190.39,0
20:35:11,291.4,0,2,2,1387.77,706.49,334.77,219.78,114.6,279988.62,100.0,190.56,0
20:35:11,291.4,0,2,2,1388.33,706.74,334.72,219.58,114.52,279551.57,100.0,190.72,0
20:35:11,291.5,0,2,2,1388.89,706.99,334.66,219.38,114.44,279162.06,100.0,190.87,0
20:35:11,291.5,0,2,2,1389.52,707.27,334.6,219.16,114.35,278768.26,100.0,191.05,0
20:35:11,291.6,0,2,2,1390.08,707.51,334.55,218.97,114.27,278330.0,100.0,191.2,0
20:35:12,291.6,0,2,2,1390.63,707.76,334.5,218.77,114.2,277937.31,100.0,191.36,0
20:35:12,291.7,0,2,2,1391.17,708.0,334.45,218.58,114.12,277548.45,100.0,191.51,0
20:35:12,291.8,0,2,2,1391.77,708.26,334.39,218.37,114.03,277169.15,100.0,191.68,0
20:35:12,291.8,0,2,2,1392.33,708.5,334.34,218.18,113.95,276748.54,100.0,191.83,0
20:35:12,291.9,0,2,2,1392.88,708.74,334.29,217.99,113.88,276356.85,100.0,191.98,0
20:35:12,291.9,0,2,2,1393.47,709.0,334.23,217.78,113.79,275975.31,100.0,192.15,0
20:35:12,292.0,0,2,2,1394.02,709.23,334.18,217.59,113.71,275557.97,100.0,192.31,0
20:35:12,292.0,0,2,2,1394.57,709.47,334.13,217.4,113.64,275172.77,100.0,192.46,0
20:35:12,292.1,0,2,2,1395.17,709.73,334.07,217.19,113.55,274792.98,100.0,192.63,0
20:35:12,292.1,0,2,2,1395.71,709.96,334.02,217.0,113.47,274372.56,100.0,192.78,0
20:35:12,292.2,0,2,2,1396.24,710.18,333.98,216.81,113.39,273994.16,100.0,192.93,0
20:35:12,292.3,0,2,2,1396.93,710.48,333.91,216.57,113.3,273618.1,100.0,193.13,0
20:35:12,292.3,0,2,2,1397.47,710.71,333.86,216.38,113.22,273135.25,100.0,193.28,0
20:35:12,292.4,0,2,2,1398.01,710.93,333.82,216.19,113.14,272757.69,100.0,193.44,0
20:35:12,292.4,0,2,2,1398.62,711.19,333.76,215.98,113.05,272383.67,100.0,193.61,0
20:35:12,292.5,0,2,2,1399.18,711.43,333.71,215.78,112.97,271955.58,100.0,193.77,0
20:35:12,292.5,0,2,2,1399.77,711.67,333.66,215.57,112.88,271558.94,100.0,193.94,0
20:35:12,292.6,0,2,2,1400.3,711.9,333.61,215.39,112.81,271149.1,100.0,194.09,0
20:35:13,292.6,0,2,2,1400.91,712.15,333.56,215.18,112.72,270776.4,100.0,194.27,0
20:35:13,292.7,0,2,2,1401.44,712.37,333.51,214.99,112.64,270351.45,100.0,194.42,0
20:35:13,292.8,0,2,2,1401.96,712.59,333.47,214.81,112.56,269978.46,100.0,194.57,0
20:35:13,292.8,0,2,2,1402.64,712.87,333.41,214.57,112.47,269612.13,100.0,194.77,0
20:35:13,292.9,0,2,2,1403.15,713.08,333.37,214.39,112.39,269140.13,100.0,194.92,0
20:35:13,292.9,0,2,2,1403.68,713.3,333.32,214.2,112.31,268778.5,100.0,195.07,0
20:35:13,293.0,0,2,2,1404.3,713.55,333.27,213.99,112.22,268408.87,100.0,195.25,0
20:35:13,293.0,0,2,2,1404.83,713.77,333.22,213.8,112.14,267972.62,100.0,195.41,0
20:35:13,293.1,0,2,2,1405.35,713.98,333.18,213.62,112.07,267601.18,100.0,195.56,0
20:35:13,293.1,0,2,2,1405.95,714.22,333.13,213.41,111.98,267239.81,100.0,195.73,0
20:35:13,293.2,0,2,2,1406.48,714.44,333.09,213.22,111.9,266820.68,100.0,195.89,0
20:35:13,293.3,0,2,2,1407.0,714.65,333.04,213.04,111.82,266447.02,100.0,196.04,0
20:35:13,293.3,0,2,2,1407.6,714.9,332.99,212.83,111.73,266083.35,100.0,196.22,0
20:35:13,293.4,0,2,2,1408.12,715.11,332.95,212.65,111.66,265659.8,100.0,196.37,0
20:35:13,293.4,0,2,2,1408.63,715.31,332.91,212.47,111.58,265297.26,100.0,196.52,0
20:35:13,293.5,0,2,2,1409.14,715.52,332.87,212.29,111.51,264940.7,100.0,196.68,0
20:35:13,293.5,0,2,2,1409.72,715.75,332.82,212.09,111.42,264581.73,100.0,196.85,0
20:35:13,293.6,0,2,2,1410.22,715.95,332.78,211.91,111.34,264175.8,100.0,197.0,0
20:35:14,293.6,0,2,2,1410.74,716.16,332.74,211.73,111.27,263823.9,100.0,197.15,0
20:35:14,293.7,0,2,2,1411.37,716.41,332.69,211.51,111.17,263465.06,100.0,197.34,0
20:35:14,293.8,0,2,2,1411.89,716.62,332.65,211.33,111.09,263023.6,100.0,197.5,0
20:35:14,293.8,0,2,2,1412.41,716.83,332.61,211.14,111.02,262653.82,100.0,197.65,0
20:35:14,293.9,0,2,2,1412.96,717.04,332.56,210.95,110.93,262289.2,100.0,197.82,0
20:35:14,293.9,0,2,2,1413.48,717.25,332.52,210.77,110.86,261907.12,100.0,197.97,0
20:35:14,294.0,0,2,2,1413.98,717.45,332.48,210.6,110.78,261542.2,100.0,198.12,0
20:35:14,294.0,0,2,2,1414.49,717.65,332.44,210.42,110.7,261191.37,100.0,198.28,0
20:35:14,294.1,0,2,2,1415.04,717.87,332.4,210.22,110.62,260831.07,100.0,198.44,0
20:35:14,294.1,0,2,2,1415.55,718.07,332.36,210.04,110.54,260446.33,100.0,198.6,0
20:35:14,294.2,0,2,2,1416.05,718.27,332.33,209.87,110.47,260088.38,100.0,198.75,0
20:35:14,294.3,0,2,2,1416.68,718.52,332.28,209.65,110.37,259740.26,100.0,198.94,0
20:35:14,294.3,0,2,2,1417.2,718.72,332.24,209.47,110.29,259294.92,100.0,199.1,0
20:35:14,294.4,0,2,2,1417.69,718.92,332.2,209.29,110.22,258933.06,100.0,199.25,0
20:35:14,294.4,0,2,2,1418.19,719.11,332.16,209.12,110.14,258586.25,100.0,199.4,0
20:35:14,294.5,0,2,2,1418.75,719.33,332.12,208.92,110.06,258237.01,100.0,199.57,0
20:35:14,294.5,0,2,2,1419.24,719.52,332.09,208.75,109.98,257847.46,100.0,199.73,0
20:35:14,294.6,0,2,2,1419.74,719.72,332.05,208.57,109.91,257498.62,100.0,199.88,0
20:35:15,294.6,0,2,2,1420.34,719.95,332.01,208.36,109.81,257148.52,100.0,200.06,0
20:35:15,294.7,0,2,2,1420.81,720.17,331.97,208.17,109.73,256256.85,0.0,200.24,1
20:35:15,294.8,0,2,2,1421.16,720.36,331.93,207.99,109.65,254148.48,0.0,200.39,1
20:35:15,294.8,0,2,2,1421.47,720.59,331.89,207.79,109.56,252955.12,0.0,200.57,1
20:35:15,294.9,0,2,2,1421.69,720.83,331.84,207.56,109.46,251763.45,0.0,200.77,1
20:35:15,294.9,0,2,2,1421.79,721.02,331.81,207.39,109.39,250919.0,0.0,200.93,1
20:35:15,295.0,0,2,2,1421.82,721.23,331.77,207.19,109.3,249740.68,0.0,201.1,1
20:35:15,295.1,0,2,2,1421.77,721.4,331.73,207.02,109.23,248721.66,0.0,201.25,1
20:35:15,295.1,0,2,2,1421.66,721.58,331.7,206.85,109.15,247623.48,0.0,201.41,1
20:35:15,295.2,0,2,2,1421.42,721.78,331.66,206.65,109.06,246322.22,0.0,201.59,1
20:35:15,295.2,0,2,2,1421.09,721.98,331.62,206.45,108.97,245129.98,0.0,201.77,1
20:35:15,295.3,0,2,2,1420.73,722.14,331.58,206.27,108.89,243931.18,0.0,201.93,1
20:35:15,295.4,0,2,2,1420.27,722.31,331.55,206.09,108.81,241539.97,0.0,202.09,1
20:35:15,295.4,0,2,2,1419.61,722.5,331.5,205.87,108.71,240287.52,0.0,202.29,1
20:35:15,295.5,0,2,2,1418.98,722.65,331.47,205.68,108.63,239378.85,0.0,202.46,1
20:35:15,295.5,0,2,2,1418.3,722.79,331.43,205.51,108.56,238338.54,0.0,202.62,1
20:35:15,295.6,0,2,2,1417.45,722.94,331.4,205.31,108.47,237149.76,0.0,202.79,1
20:35:16,295.6,0,2,2,1416.58,723.07,331.36,205.13,108.39,236149.0,0.0,202.96,1
20:35:16,295.7,0,2,2,1415.7,723.18,331.33,204.96,108.31,235125.43,0.0,203.11,1
20:35:16,295.8,0,2,2,1414.24,723.34,331.28,204.71,108.2,233627.53,0.0,203.34,1
20:35:16,295.8,0,2,2,1413.13,723.43,331.25,204.53,108.12,232285.09,0.0,203.51,1
20:35:16,295.9,0,2,2,1412.01,723.52,331.21,204.36,108.04,230011.47,0.0,203.66,1
20:35:16,296.0,0,2,2,1410.61,723.6,331.18,204.16,107.96,228791.03,0.0,203.84,1
20:35:16,296.0,0,2,2,1409.13,723.68,331.14,203.97,107.87,227724.11,0.0,204.02,1
20:35:16,296.1,0,2,2,1407.78,723.73,331.11,203.8,107.79,226774.98,0.0,204.18,1
20:35:16,296.1,0,2,2,1406.21,723.78,331.07,203.62,107.71,225608.57,0.0,204.3,1
20:35:16,296.2,0,2,2,1404.44,723.82,331.03,203.42,107.62,224476.4,0.0,204.39,1
20:35:16,296.2,0,2,2,1402.86,723.84,331.0,203.25,107.55,222456.82,0.0,204.44,1
20:35:16,296.3,0,2,2,1400.94,723.85,330.96,203.06,107.46,221192.07,0.0,204.44,1
20:35:16,296.4,0,2,2,1399.09,723.85,330.93,202.88,107.38,220123.72,0.0,204.4,1
20:35:16,296.4,0,2,2,1397.35,723.84,330.9,202.71,107.3,219109.11,0.0,204.37,1
20:35:16,296.5,0,2,2,1395.53,723.81,330.87,202.55,107.23,217969.06,0.0,204.33,1
20:35:16,296.5,0,2,2,1393.17,723.77,330.83,202.35,107.14,216699.07,0.0,204.3,1
20:35:16,296.6,0,2,2,1391.15,723.72,330.79,202.18,107.06,215791.55,0.0,204.26,1
20:35:17,296.6,0,2,2,1389.15,723.66,330.76,202.02,106.99,214743.75,0.0,204.22,1
20:35:17,296.7,0,2,2,1386.81,723.58,330.72,201.83,106.9,213541.68,0.0,204.19,1
20:35:17,296.7,0,2,2,1384.71,723.49,330.69,201.67,106.83,212543.1,0.0,204.15,1
20:35:17,296.8,0,2,2,1382.69,723.39,330.66,201.5,106.75,211458.48,0.0,204.11,1
20:35:17,296.9,0,2,2,1380.68,723.28,330.63,201.34,106.68,210333.36,0.0,204.08,1
20:35:17,296.9,0,2,2,1378.44,723.15,330.59,201.16,106.6,209092.77,0.0,204.04,1
20:35:17,297.0,0,2,2,1376.35,723.01,330.55,200.99,106.52,207900.2,0.0,204.0,1
20:35:17,297.0,0,2,2,1374.33,722.86,330.52,200.83,106.45,205632.62,0.0,203.97,1
20:35:17,297.1,0,2,2,1372.04,722.69,330.48,200.65,106.36,204406.49,0.0,203.93,1
20:35:17,297.1,0,2,2,1369.99,722.52,330.45,200.48,106.29,203367.08,0.0,203.89,1
20:35:17,297.2,0,2,2,1367.98,722.34,330.41,200.32,106.21,202278.12,0.0,203.85,1
20:35:17,297.3,0,2,2,1365.97,722.15,330.37,200.16,106.14,201192.3,0.0,203.81,1
20:35:17,297.3,0,2,2,1363.42,721.9,330.33,199.95,106.04,199898.03,0.0,203.77,1
20:35:17,297.4,0,2,2,1361.29,721.68,330.29,199.78,105.97,198984.23,0.0,203.73,1
20:35:17,297.4,0,2,2,1359.17,721.45,330.25,199.61,105.89,197840.53,0.0,203.69,1
20:35:17,297.5,0,2,2,1356.81,721.18,330.21,199.42,105.8,196662.44,0.0,203.65,1
20:35:17,297.5,0,2,2,1354.69,720.92,330.17,199.24,105.72,194295.6,0.0,203.61,1
20:35:17,297.6,0,2,2,1352.73,720.67,330.13,199.08,105.65,193274.52,0.0,203.57,1
20:35:18,297.7,0,2,2,1350.6,720.39,330.09,198.91,105.57,192130.17,0.0,203.53,1
20:35:18,297.7,0,2,2,1348.49,720.11,330.05,198.74,105.49,191056.2,0.0,203.49,1
20:35:18,297.8,0,2,2,1346.52,719.83,330.01,198.58,105.41,190039.38,0.0,203.45,1
20:35:18,297.8,0,2,2,1344.08,719.48,329.96,198.38,105.32,188761.13,0.0,203.4,1
20:35:18,297.9,0,2,2,1341.87,719.14,329.91,198.2,105.24,187778.26,0.0,203.36,1
20:35:18,298.0,0,2,2,1339.95,718.85,329.87,198.04,105.16,186813.81,0.0,203.32,1
20:35:18,298.0,0,2,2,1337.51,718.46,329.82,197.84,105.07,185439.63,0.0,203.27,1
20:35:18,298.1,0,2,2,1335.43,718.11,329.77,197.67,104.99,182937.03,0.0,203.23,1
20:35:18,298.1,0,2,2,1333.37,717.76,329.73,197.5,104.91,181860.4,0.0,203.18,1
20:35:18,298.2,0,2,2,1331.26,717.4,329.68,197.33,104.83,180761.34,0.0,203.14,1
20:35:18,298.3,0,2,2,1329.27,717.05,329.64,197.17,104.76,179724.79,0.0,203.09,1
20:35:18,298.3,0,2,2,1327.3,716.69,329.59,197.0,104.68,178648.33,0.0,203.04,1
20:35:18,298.4,0,2,2,1325.43,716.34,329.55,196.85,104.61,177616.54,0.0,203.0,1
20:35:18,298.4,0,2,2,1323.26,715.93,329.49,196.67,104.52,176408.59,0.0,202.95,1
20:35:18,298.5,0,2,2,1321.34,715.55,329.45,196.51,104.45,175431.75,0.0,202.9,1
20:35:18,298.5,0,2,2,1319.28,715.15,329.4,196.34,104.37,173169.15,0.0,202.85,1
20:35:18,298.6,0,2,2,1317.21,714.73,329.34,196.17,104.29,172080.99,0.0,202.8,1
20:35:19,298.6,0,2,2,1315.29,714.33,329.3,196.01,104.22,171063.51,0.0,202.75,1
20:35:19,298.7,0,2,2,1313.48,713.96,329.25,195.86,104.15,170012.09,0.0,202.7,1
20:35:19,298.8,0,2,2,1311.65,713.57,329.2,195.71,104.08,168921.88,0.0,202.65,1
20:35:19,298.8,0,2,2,1309.44,713.09,329.14,195.53,103.99,167672.47,0.0,202.6,1
20:35:19,298.9,0,2,2,1307.17,712.59,329.08,195.34,103.9,166568.5,0.0,202.54,1
20:35:19,298.9,0,2,2,1305.21,712.15,329.03,195.18,103.82,164523.51,0.0,202.49,1
20:35:19,299.0,0,2,2,1302.93,711.63,328.96,194.99,103.73,163299.44,0.0,202.43,1
20:35:19,299.1,0,2,2,1301.08,711.2,328.91,194.83,103.66,162403.74,0.0,202.38,1
20:35:19,299.1,0,2,2,1299.25,710.77,328.86,194.68,103.59,161304.58,0.0,202.32,1
20:35:19,299.2,0,2,2,1297.3,710.31,328.8,194.52,103.51,160174.21,0.0,202.27,1
20:35:19,299.2,0,2,2,1295.28,709.82,328.74,194.35,103.43,159060.58,0.0,202.21,1
20:35:19,299.3,0,2,2,1293.49,709.38,328.68,194.2,103.36,158084.11,0.0,202.15,1
20:35:19,299.3,0,2,2,1291.62,708.92,328.63,194.04,103.29,156971.45,0.0,202.1,1
20:35:19,299.4,0,2,2,1289.33,708.35,328.55,193.85,103.2,155690.01,0.0,202.04,1
20:35:19,299.5,0,2,2,1287.31,707.83,328.49,193.68,103.12,154335.76,0.0,201.98,1
20:35:19,299.5,0,2,2,1285.47,707.36,328.43,193.53,103.05,152099.18,0.0,201.92,1
20:35:19,299.6,0,2,2,1283.47,706.84,328.36,193.36,102.97,150945.85,0.0,201.86,1
20:35:20,299.6,0,2,2,1281.61,706.35,328.3,193.2,102.89,149881.61,0.0,201.8,1
20:35:20,299.7,0,2,2,1279.88,705.89,328.24,193.06,102.82,148807.4,0.0,201.73,1
20:35:20,299.7,0,2,2,1278.1,705.41,328.18,192.91,102.75,147702.32,0.0,201.67,1
20:35:20,299.8,0,2,2,1276.14,704.88,328.12,192.75,102.68,146544.56,0.0,201.61,1
20:35:20,299.9,0,2,2,1274.35,704.39,328.05,192.59,102.6,145538.91,0.0,201.54,1
20:35:20,299.9,0,2,2,1272.55,703.89,327.99,192.44,102.53,144460.04,0.0,201.48,1
20:35:20,300.0,0,2,2,1270.61,703.35,327.92,192.28,102.45,143313.5,0.0,201.41,1
20:35:20,300.0,0,2,2,1268.86,702.85,327.85,192.13,102.38,142319.92,0.0,201.35,1
20:35:20,300.1,0,2,2,1267.13,702.36,327.79,191.99,102.31,141250.79,0.0,201.28,1
20:35:20,300.1,0,2,2,1264.9,701.72,327.7,191.8,102.22,139935.55,0.0,201.21,1
20:35:20,300.2,0,2,2,1263.15,701.22,327.64,191.65,102.15,138795.15,0.0,201.14,1
20:35:20,300.3,0,2,2,1261.43,700.71,327.57,191.51,102.08,137652.43,0.0,201.08,1
20:35:20,300.3,0,2,2,1259.16,700.04,327.48,191.31,101.99,136257.99,0.0,201.0,1
20:35:20,300.4,0,2,2,1257.26,699.48,327.4,191.15,101.92,133712.43,0.0,200.93,1
20:35:20,300.4,0,2,2,1255.27,698.88,327.32,190.98,101.84,133383.42,0.0,200.86,1
20:35:20,300.5,0,2,2,1253.07,698.21,327.23,190.8,101.75,133180.65,0.0,200.79,1
20:35:20,300.6,0,2,2,1251.4,697.7,327.16,190.66,101.68,131950.6,0.0,200.72,1
20:35:20,300.6,0,2,2,1249.67,697.17,327.09,190.51,101.61,130826.32,0.0,200.64,1
20:35:21,300.7,0,2,2,1247.59,696.53,327.0,190.33,101.52,129838.98,0.0,200.57,1
20:35:21,300.7,0,2,2,1245.91,696.0,326.93,190.19,101.46,128563.96,0.0,200.49,1
20:35:21,300.8,0,2,2,1244.24,695.48,326.85,190.05,101.39,127457.47,0.0,200.42,1
20:35:21,300.8,0,2,2,1242.22,694.84,326.76,189.88,101.31,126451.25,0.0,200.34,1
20:35:21,300.9,0,2,2,1240.46,694.28,326.68,189.73,101.23,125163.06,0.0,200.26,1
20:35:21,301.0,0,2,2,1238.66,693.7,326.6,189.57,101.16,122814.1,0.0,200.18,1
20:35:21,301.0,0,2,2,1236.93,693.14,326.52,189.43,101.09,121705.6,0.0,200.1,1
20:35:21,301.1,0,2,2,1234.67,692.41,326.41,189.23,101.0,120762.82,0.0,200.02,1
20:35:21,301.1,0,2,2,1232.95,691.84,326.33,189.09,100.93,119484.39,0.0,199.94,1
20:35:21,301.2,0,2,2,1231.29,691.3,326.25,188.94,100.86,118386.62,0.0,199.86,1
20:35:21,301.2,0,2,2,1229.49,690.7,326.16,188.79,100.78,117362.02,0.0,199.78,1
20:35:21,301.3,0,2,2,1227.8,690.14,326.08,188.65,100.71,116233.95,0.0,199.7,1
20:35:21,301.4,0,2,2,1225.93,689.51,325.99,188.49,100.64,115204.75,0.0,199.61,1
20:35:21,301.4,0,2,2,1223.92,688.83,325.88,188.31,100.55,114110.71,0.0,199.53,1
20:35:21,301.5,0,2,2,1222.3,688.29,325.8,188.18,100.49,112614.89,0.0,199.44,1
20:35:21,301.5,0,2,2,1220.55,687.69,325.71,188.03,100.41,111591.42,0.0,199.36,1
20:35:21,301.6,0,2,2,1218.9,687.13,325.62,187.89,100.35,109231.59,0.0,199.27,1
20:35:22,301.6,0,2,2,1217.03,686.48,325.52,187.72,100.27,108223.02,0.0,199.18,1
20:35:22,301.7,0,2,2,1215.37,685.9,325.43,187.58,100.2,107068.97,0.0,199.09,1
20:35:22,301.8,0,2,2,1213.75,685.34,325.35,187.44,100.13,105964.82,0.0,199.0,1
20:35:22,301.8,0,2,2,1211.93,684.71,325.25,187.29,100.06,104903.19,0.0,198.91,1
20:35:22,301.9,0,2,2,1210.11,684.07,325.14,187.13,99.98,103782.32,0.0,198.82,1
20:35:22,301.9,0,2,2,1208.52,683.51,325.05,186.99,99.92,102591.23,0.0,198.73,1
20:35:22,302.0,0,2,2,1206.92,682.94,324.96,186.86,99.85,101458.81,0.0,198.64,1
20:35:22,302.0,0,2,2,1204.98,682.25,324.85,186.69,99.77,100437.38,0.0,198.55,1
20:35:22,302.1,0,2,2,1203.13,681.59,324.75,186.53,99.69,99324.23,0.0,198.45,1
20:35:22,302.2,0,2,2,1201.51,681.01,324.65,186.39,99.62,97031.96,0.0,198.36,1
20:35:22,302.2,0,2,2,1199.64,680.33,324.54,186.23,99.54,96041.74,0.0,198.26,1
20:35:22,302.3,0,2,2,1197.81,679.67,324.43,186.07,99.47,94952.9,0.0,198.17,1
20:35:22,302.3,0,2,2,1196.22,679.09,324.33,185.93,99.4,93778.48,0.0,198.07,1
20:35:22,302.4,0,2,2,1194.63,678.51,324.23,185.8,99.33,92707.21,0.0,197.97,1
20:35:22,302.4,0,2,2,1192.68,677.79,324.11,185.63,99.25,91773.45,0.0,197.87,1
20:35:22,302.5,0,2,2,1191.11,677.21,324.01,185.49,99.19,90548.41,0.0,197.77,1
20:35:22,302.6,0,2,2,1189.54,676.63,323.92,185.36,99.12,89467.85,0.0,197.67,1
20:35:22,302.6,0,2,2,1187.68,675.94,323.8,185.19,99.04,88511.55,0.0,197.57,1
20:35:23,302.7,0,2,2,1186.02,675.32,323.69,185.05,98.97,87126.49,0.0,197.47,1
20:35:23,302.7,0,2,2,1184.38,674.71,323.58,184.91,98.9,84780.18,0.0,197.37,1
20:35:23,302.8,0,2,2,1182.73,674.09,323.47,184.77,98.83,83705.95,0.0,197.27,1
20:35:23,302.8,0,2,2,1181.02,673.45,323.36,184.62,98.76,82647.26,0.0,197.16,1
20:35:23,302.9,0,2,2,1179.4,672.83,323.25,184.48,98.69,81535.46,0.0,197.06,1
20:35:23,303.0,0,2,2,1177.83,672.24,323.14,184.34,98.63,80439.63,0.0,196.95,1
20:35:23,303.0,0,2,2,1176.05,671.56,323.02,184.19,98.55,79449.39,0.0,196.85,1
20:35:23,303.1,0,2,2,1174.46,670.95,322.91,184.05,98.48,78210.44,0.0,196.74,1
20:35:23,303.1,0,2,2,1172.94,670.37,322.81,183.91,98.42,77041.85,0.0,196.63,1
20:35:23,303.2,0,2,2,1171.22,669.7,322.68,183.76,98.35,75953.75,0.0,196.52,1
20:35:23,303.2,0,2,2,1169.64,669.09,322.57,183.63,98.28,74758.75,0.0,196.41,1
20:35:23,303.3,0,2,2,1168.12,668.51,322.46,183.49,98.21,73628.44,0.0,196.3,1
20:35:23,303.3,0,2,2,1166.56,667.9,322.35,183.36,98.15,72571.41,0.0,196.19,1
20:35:23,303.4,0,2,2,1164.87,667.24,322.23,183.21,98.08,71544.75,0.0,196.08,1
20:35:23,303.4,0,2,2,1163.31,666.63,322.11,183.07,98.01,70417.41,0.0,195.97,1
20:35:23,303.5,0,2,2,1161.79,666.04,322.0,182.94,97.94,69249.46,0.0,195.86,1
20:35:23,303.6,0,2,2,1159.92,665.3,321.86,182.78,97.87,68268.48,0.0,195.74,1
20:35:23,303.6,0,2,2,1158.34,664.68,321.74,182.64,97.8,66778.1,0.0,195.63,1
20:35:24,303.7,0,2,2,1156.81,664.07,321.62,182.51,97.73,64446.88,0.0,195.51,1
20:35:24,303.7,0,2,2,1155.09,663.39,321.49,182.36,97.66,63406.63,0.0,195.4,1
20:35:24,303.8,0,2,2,1153.51,662.76,321.37,182.22,97.59,62209.53,0.0,195.28,1
20:35:24,303.8,0,2,2,1151.87,662.11,321.24,182.07,97.52,61122.74,0.0,195.16,1
20:35:24,303.9,0,2,2,1150.32,661.49,321.12,181.94,97.45,60004.76,0.0,195.05,1
20:35:24,304.0,0,2,2,1148.58,660.79,320.98,181.79,97.38,59013.66,0.0,194.93,1
20:35:24,304.0,0,2,2,1147.02,660.16,320.85,181.65,97.31,57860.82,0.0,194.81,1
20:35:24,304.1,0,2,2,1145.53,659.57,320.73,181.52,97.25,56754.7,0.0,194.69,1
20:35:24,304.1,0,2,2,1143.75,658.84,320.58,181.36,97.17,55727.02,0.0,194.57,1
20:35:24,304.2,0,2,2,1142.17,658.2,320.45,181.22,97.1,54556.42,0.0,194.44,1
20:35:24,304.3,0,2,2,1140.68,657.6,320.33,181.09,97.04,52244.02,0.0,194.32,1
20:35:24,304.3,0,2,2,1138.8,656.83,320.17,180.93,96.96,51335.23,0.0,194.2,1
20:35:24,304.4,0,2,2,1137.15,656.16,320.03,180.78,96.89,50160.54,0.0,194.07,1
20:35:24,304.4,0,2,2,1135.66,655.55,319.9,180.65,96.82,49015.97,0.0,193.95,1
20:35:24,304.5,0,2,2,1134.12,654.91,320.32,180.51,96.76,47958.25,0.0,194.11,1
20:35:24,304.5,0,2,2,1132.33,654.18,320.81,180.35,96.68,46993.61,0.0,194.29,1
20:35:24,304.6,0,2,2,1130.81,653.57,321.22,180.22,96.61,45799.85,0.0,194.45,1
20:35:25,304.7,0,2,2,1129.3,652.97,321.63,180.09,96.55,44655.11,0.0,194.61,1
20:35:25,304.7,0,2,2,1127.66,652.31,322.07,179.95,96.48,43520.87,0.0,194.78,1
20:35:25,304.8,0,2,2,1125.84,651.59,322.56,179.79,96.4,40952.52,0.0,194.96,1
20:35:25,304.8,0,2,2,1124.37,651.01,322.95,179.66,96.33,39722.51,0.0,195.11,1
20:35:25,304.9,0,2,2,1122.71,650.37,323.4,179.51,96.26,38726.44,0.0,195.29,1
20:35:25,305.0,0,2,2,1121.13,649.75,323.82,179.38,96.19,37621.62,0.0,195.46,1
20:35:25,305.0,0,2,2,1119.63,649.18,324.21,179.25,96.13,36506.07,0.0,195.61,1
20:35:25,305.1,0,2,2,1118.02,648.57,324.64,179.11,96.06,35484.1,0.0,195.79,1
20:35:25,305.1,0,2,2,1116.57,648.01,325.02,178.98,96.0,34335.89,0.0,195.94,1
20:35:25,305.2,0,2,2,1115.16,647.48,325.39,178.86,95.93,33240.25,0.0,196.09,1
20:35:25,305.2,0,2,2,1113.48,646.85,325.83,178.71,95.86,32225.01,0.0,196.26,1
20:35:25,305.3,0,2,2,1112.03,646.31,326.21,178.59,95.8,29954.45,0.0,196.42,1
20:35:25,305.3,0,2,2,1110.6,645.79,326.58,178.47,95.74,28872.46,0.0,196.57,1
20:35:25,305.4,0,2,2,1109.16,645.25,326.96,178.34,95.67,27797.31,0.0,196.73,1
20:35:25,305.4,0,2,2,1107.66,644.71,327.35,178.21,95.61,26700.46,0.0,196.89,1
20:35:25,305.5,0,2,2,1106.2,644.17,327.72,178.09,95.54,25564.07,0.0,197.05,1
20:35:25,305.6,0,2,2,1104.79,643.66,328.09,177.97,95.48,24415.53,0.0,197.2,1
20:35:25,305.6,0,2,2,1103.2,643.09,328.5,177.83,95.41,23366.01,0.0,197.37,1
20:35:26,305.7,0,2,2,1101.74,642.57,328.87,177.71,95.35,22177.69,0.0,197.52,1
20:35:26,305.7,0,2,2,1100.33,642.07,329.23,177.59,95.29,21053.27,0.0,197.68,1
20:35:26,305.8,0,2,2,1098.89,641.56,329.6,177.46,95.22,19985.67,0.0,197.83,1
20:35:26,305.8,0,2,2,1097.16,640.95,330.04,177.32,95.15,19044.35,0.0,198.0,1
20:35:26,305.9,0,2,2,1095.64,640.42,330.42,177.19,95.08,17851.1,0.0,198.16,1
20:35:26,306.0,0,2,2,1094.21,639.92,330.78,177.07,95.02,16738.12,0.0,198.32,1
20:35:26,306.0,0,2,2,1092.39,639.29,331.24,176.91,94.94,15807.62,0.0,198.47,1
20:35:26,306.1,0,2,2,1090.83,638.75,331.63,176.78,94.87,14224.79,0.0,198.63,1
20:35:26,306.1,0,2,2,1089.39,638.26,331.99,176.66,94.8,11750.29,0.0,198.79,1
20:35:26,306.2,0,2,2,1087.84,637.73,332.38,176.53,94.74,10721.89,0.0,198.95,1
20:35:26,306.2,0,2,2,1086.38,637.23,332.74,176.41,94.67,9603.86,0.0,199.11,1
20:35:26,306.3,0,2,2,1085.02,636.77,333.08,176.29,94.61,8464.46,0.0,199.26,1
20:35:26,306.4,0,2,2,1083.62,636.3,333.43,176.18,94.55,7400.64,0.0,199.41,1
20:35:26,306.4,0,2,2,1081.86,635.71,333.86,176.03,94.47,6467.53,0.0,199.57,1
20:35:26,306.5,0,2,2,1080.33,635.21,334.24,175.9,94.4,5234.29,0.0,199.72,1
20:35:26,306.5,0,2,2,1078.96,634.75,334.57,175.79,94.34,4046.59,0.0,199.87,1
20:35:26,306.6,0,2,2,1077.5,634.27,334.93,175.66,94.28,2964.39,0.0,200.02,1
20:35:27,306.7,0,2,2,1075.99,633.77,335.3,175.54,94.21,1857.02,0.0,200.18,1
20:35:27,306.7,0,2,2,1074.65,633.33,335.63,175.43,94.15,634.47,0.0,200.33,1
20:35:27,306.8,0,2,2,1073.26,632.88,335.96,175.31,94.09,647.76,0.0,200.48,1
20:35:27,306.8,0,2,2,1071.66,632.36,336.35,175.18,94.02,1400.47,0.0,200.63,1
20:35:27,306.9,0,2,2,1070.3,631.92,336.68,175.07,93.96,2041.05,0.0,200.77,1
20:35:27,306.9,0,2,2,1068.96,631.49,337.0,174.96,93.9,2674.48,0.0,200.92,1
20:35:27,307.0,0,2,2,1067.53,631.03,337.35,174.84,93.84,3349.28,0.0,201.07,1
20:35:27,307.0,0,2,2,1066.1,630.57,337.69,174.72,93.77,4026.46,0.0,201.21,1
20:35:27,307.1,0,2,2,1064.73,630.13,338.02,174.61,93.71,4680.0,0.0,201.36,1
20:35:27,307.2,0,2,2,1063.38,629.71,338.34,174.5,93.65,5321.57,0.0,201.51,1
20:35:27,307.2,0,2,2,1061.86,629.23,338.7,174.37,93.58,6045.87,0.0,201.65,1
20:35:27,307.3,0,2,2,1060.42,628.77,339.04,174.25,93.52,6734.04,0.0,201.79,1
20:35:27,307.3,0,2,2,1059.11,628.36,339.35,174.14,93.46,7364.34,0.0,201.93,1
20:35:27,307.4,0,2,2,1057.69,627.91,339.69,174.03,93.4,8044.4,0.0,202.08,1
20:35:27,307.4,0,2,2,1056.38,627.5,340.0,173.92,93.34,8675.69,0.0,202.22,1
20:35:27,307.5,0,2,2,1055.1,627.1,340.3,173.82,93.28,9296.04,0.0,202.36,1
20:35:27,307.5,0,2,2,1053.74,626.68,340.07,173.7,93.22,9951.32,0.0,202.19,1
20:35:27,307.6,0,2,2,1052.36,626.25,339.84,173.59,93.16,10618.49,0.0,202.02,1
20:35:28,307.7,0,2,2,1050.96,625.8,339.6,173.48,93.1,11297.46,0.0,201.84,1
20:35:28,307.7,0,2,2,1049.4,625.3,339.33,173.35,93.03,12057.98,0.0,201.65,1
20:35:28,307.8,0,2,2,1048.03,624.85,339.1,173.24,92.96,12729.65,0.0,201.47,1
20:35:28,307.8,0,2,2,1046.71,624.42,338.87,173.13,92.91,13371.21,0.0,201.31,1
20:35:28,307.9,0,2,2,1045.29,623.95,338.63,173.01,92.84,14070.73,0.0,201.13,1
20:35:28,307.9,0,2,2,1043.96,623.51,338.4,172.9,92.78,14719.53,0.0,200.96,1
20:35:28,308.0,0,2,2,1042.67,623.07,338.18,172.79,92.72,15357.12,0.0,200.79,1
20:35:28,308.0,0,2,2,1041.35,622.62,337.95,172.68,92.66,16007.98,0.0,200.62,1
20:35:28,308.1,0,2,2,1040.01,622.16,337.72,172.57,92.6,16670.12,0.0,200.45,1
20:35:28,308.1,0,2,2,1038.73,621.71,337.49,172.47,92.55,17301.92,0.0,200.29,1
20:35:28,308.2,0,2,2,1037.47,621.27,337.27,172.36,92.49,17927.7,0.0,200.13,1
20:35:28,308.3,0,2,2,1036.18,620.82,337.04,172.26,92.43,18569.76,0.0,199.96,1
20:35:28,308.3,0,2,2,1034.77,620.31,336.8,172.14,92.37,19272.29,0.0,199.78,1
20:35:28,308.4,0,2,2,1033.49,619.86,336.57,172.03,92.31,19911.58,0.0,199.62,1
20:35:28,308.4,0,2,2,1031.99,619.31,336.3,171.91,92.24,20661.44,0.0,199.42,1
20:35:28,308.5,0,2,2,1030.68,618.84,336.07,171.8,92.18,21317.77,0.0,199.25,1
20:35:28,308.5,0,2,2,1029.39,618.36,335.84,171.69,92.13,21968.1,0.0,199.09,1
20:35:28,308.6,0,2,2,1028.12,617.89,335.61,171.58,92.07,22603.56,0.0,198.92,1
20:35:29,308.7,0,2,2,1026.46,617.27,335.31,171.44,91.99,23440.78,0.0,198.7,1
20:35:29,308.7,0,2,2,1025.15,616.78,335.08,171.33,91.93,24103.34,0.0,198.53,1
20:35:29,308.8,0,2,2,1023.89,616.3,334.85,171.22,91.88,24745.4,0.0,198.37,1
20:35:29,308.8,0,2,2,1022.54,615.79,334.6,171.11,91.82,25430.12,0.0,198.19,1
20:35:29,308.9,0,2,2,1021.3,615.31,334.38,171.0,91.76,26057.55,0.0,198.03,1
20:35:29,308.9,0,2,2,1020.07,614.84,334.15,170.9,91.7,26688.49,0.0,197.87,1
20:35:29,309.0,0,2,2,1018.66,614.29,333.89,170.78,91.64,27406.57,0.0,197.68,1
20:35:29,309.0,0,2,2,1017.31,613.76,333.64,170.67,91.58,28096.78,0.0,197.5,1
20:35:29,309.1,0,2,2,1016.06,613.27,333.41,170.56,91.52,28738.97,0.0,197.34,1
20:35:29,309.2,0,2,2,1014.84,612.79,333.19,170.46,91.47,29364.07,0.0,197.17,1
20:35:29,309.2,0,2,2,1013.2,612.13,332.88,170.32,91.39,30209.74,0.0,196.96,1
20:35:29,309.3,0,2,2,1011.9,611.61,332.64,170.2,91.33,30877.78,0.0,196.78,1
20:35:29,309.3,0,2,2,1010.59,611.09,332.4,170.09,91.27,31553.87,0.0,196.61,1
20:35:29,309.4,0,2,2,1009.22,610.53,332.14,169.98,91.21,32262.79,0.0,196.43,1
20:35:29,309.4,0,2,2,1007.98,610.02,331.9,169.87,91.16,32908.97,0.0,196.26,1
20:35:29,309.5,0,2,2,1006.76,609.52,331.67,169.76,91.1,33540.88,0.0,196.1,1
20:35:29,309.6,0,2,2,1005.58,609.04,331.45,169.66,91.05,34159.86,0.0,195.94,1
20:35:29,309.6,0,2,2,1004.31,608.51,331.21,169.55,90.99,34820.0,0.0,195.77,1
20:35:30,309.7,0,2,2,1003.08,608.0,330.97,169.45,90.93,35461.48,0.0,195.6,1
20:35:30,309.7,0,2,2,1001.89,607.5,330.74,169.34,90.88,36087.7,0.0,195.44,1
20:35:30,309.8,0,2,2,1000.69,607.0,330.51,169.24,90.82,36716.15,0.0,195.28,1
20:35:30,309.8,0,2,2,999.24,606.39,330.23,169.11,90.76,37480.4,0.0,195.08,1
20:35:30,309.9,0,2,2,998.01,605.87,329.99,169.01,90.7,38125.75,0.0,194.91,1
20:35:30,309.9,0,2,2,996.81,605.35,329.76,168.9,90.65,38759.61,0.0,194.75,1
20:35:30,310.0,0,2,2,995.64,604.86,329.53,168.8,90.59,39375.97,0.0,194.59,1
20:35:30,310.0,0,2,2,994.42,604.33,329.3,168.7,90.54,40022.45,0.0,194.42,1
20:35:30,310.1,0,2,2,993.24,603.82,329.06,168.59,90.48,40647.81,0.0,194.26,1
20:35:30,310.1,0,2,2,992.07,603.31,328.83,168.49,90.43,41271.39,0.0,194.1,1
20:35:30,310.2,0,2,2,990.86,602.79,328.6,168.39,90.38,41912.71,0.0,193.93,1
20:35:30,310.2,0,2,2,989.68,602.27,328.36,168.28,90.32,42546.17,0.0,193.77,1
20:35:30,310.3,0,2,2,988.5,601.76,328.13,168.18,90.27,43172.15,0.0,193.61,1
20:35:30,310.4,0,2,2,987.29,601.22,327.89,168.07,90.21,43823.57,0.0,193.44,1
20:35:30,310.4,0,2,2,985.85,600.59,327.6,167.95,90.15,44593.25,0.0,193.24,1
20:35:30,310.5,0,2,2,984.45,599.97,327.32,167.82,90.08,45342.12,0.0,193.05,1
20:35:30,310.5,0,2,2,983.27,599.44,327.08,167.72,90.03,45980.15,0.0,192.88,1
20:35:30,310.6,0,2,2,982.01,598.88,326.83,167.61,89.97,46660.57,0.0,192.71,1
20:35:31,310.6,0,2,2,980.83,598.35,326.59,167.5,89.92,47294.06,0.0,192.54,1
20:35:31,310.7,0,2,2,979.69,597.84,326.35,167.4,89.86,47914.37,0.0,192.38,1
20:35:31,310.8,0,2,2,978.51,597.31,326.12,167.3,89.81,48550.37,0.0,192.22,1
20:35:31,310.8,0,2,2,977.03,596.63,325.81,167.17,89.74,49355.49,0.0,192.01,1
20:35:31,310.9,0,2,2,975.73,596.04,325.54,167.05,89.68,50064.74,0.0,191.83,1
20:35:31,310.9,0,2,2,974.57,595.51,325.31,166.95,89.63,50697.09,0.0,191.66,1
20:35:31,311.0,0,2,2,973.29,594.93,325.04,166.84,89.57,51392.81,0.0,191.48,1
20:35:31,311.0,0,2,2,972.05,594.36,324.79,166.73,89.51,52070.05,0.0,191.31,1
20:35:31,311.1,0,2,2,970.9,593.83,324.55,166.62,89.46,52699.79,0.0,191.15,1
20:35:31,311.2,0,2,2,969.74,593.29,324.3,166.52,89.41,53339.99,0.0,190.98,1
20:35:31,311.2,0,2,2,968.47,592.7,324.04,166.41,89.35,54034.64,0.0,190.8,1
20:35:31,311.3,0,2,2,967.26,592.14,323.78,166.3,89.29,54700.53,0.0,190.63,1
20:35:31,311.3,0,2,2,966.12,591.61,323.54,166.2,89.24,55328.6,0.0,190.47,1
20:35:31,311.4,0,2,2,964.92,591.04,323.29,166.09,89.19,55996.05,0.0,190.29,1
20:35:31,311.4,0,2,2,963.76,590.5,323.04,165.98,89.13,56634.65,0.0,190.13,1
20:35:31,311.5,0,2,2,962.62,589.96,322.8,165.88,89.08,57265.52,0.0,189.97,1
20:35:31,311.5,0,2,2,961.19,589.29,322.5,165.75,89.02,58061.35,0.0,189.76,1
20:35:31,311.6,0,2,2,960.05,588.75,322.25,165.65,88.96,58698.08,0.0,189.6,1
20:35:32,311.6,0,2,2,958.92,588.21,322.01,165.55,88.91,59326.17,0.0,189.43,1
20:35:32,311.7,0,2,2,957.79,587.67,321.77,165.45,88.86,59956.92,0.0,189.27,1
20:35:32,311.8,0,2,2,956.62,587.11,321.51,165.34,88.81,60611.06,0.0,189.1,1
20:35:32,311.8,0,2,2,955.41,586.53,321.25,165.23,88.75,61288.52,0.0,188.93,1
20:35:32,311.9,0,2,2,954.29,586.0,321.01,165.13,88.7,61914.41,0.0,188.77,1
20:35:32,311.9,0,2,2,953.07,585.41,320.74,165.02,88.64,62600.6,0.0,188.59,1
20:35:32,312.0,0,2,2,951.93,584.86,320.49,164.92,88.59,63244.08,0.0,188.42,1
20:35:32,312.0,0,2,2,950.79,584.31,320.24,164.81,88.54,63887.35,0.0,188.26,1
20:35:32,312.1,0,2,2,949.66,583.76,320.0,164.71,88.48,64520.94,0.0,188.09,1
20:35:32,312.1,0,2,2,948.55,583.22,320.28,164.61,88.43,65153.21,0.0,188.22,1
20:35:32,312.2,0,2,2,947.4,582.67,320.56,164.5,88.38,65800.07,0.0,188.35,1
20:35:32,312.3,0,2,2,946.29,582.14,320.84,164.4,88.33,66431.7,0.0,188.47,1
20:35:32,312.3,0,2,2,944.8,581.43,321.21,164.27,88.26,67277.0,0.0,188.6,1
20:35:32,312.4,0,2,2,943.65,580.89,321.49,164.16,88.21,67934.68,0.0,188.72,1
20:35:32,312.4,0,2,2,942.5,580.36,321.77,164.06,88.15,68586.86,0.0,188.84,1
20:35:32,312.5,0,2,2,941.39,579.84,322.05,163.96,88.1,69224.94,0.0,188.97,1
20:35:32,312.5,0,2,2,940.06,579.23,322.37,163.84,88.04,69986.67,0.0,189.09,1
20:35:32,312.6,0,2,2,938.71,578.62,322.7,163.72,87.98,70759.88,0.0,189.21,1
20:35:33,312.7,0,2,2,937.63,578.13,322.96,163.62,87.93,71380.69,0.0,189.33,1
20:35:33,312.7,0,2,2,936.49,577.62,323.23,163.52,87.88,72032.05,0.0,189.45,1
20:35:33,312.8,0,2,2,935.32,577.1,323.51,163.42,87.82,72708.87,0.0,189.57,1
20:35:33,312.8,0,2,2,934.23,576.62,323.77,163.32,87.77,73336.58,0.0,189.69,1
20:35:33,312.9,0,2,2,933.03,576.09,324.06,163.21,87.71,74034.11,0.0,189.81,1
20:35:33,312.9,0,2,2,931.91,575.61,324.32,163.11,87.66,74683.0,0.0,189.92,1
20:35:33,313.0,0,2,2,930.82,575.14,324.58,163.02,87.61,75312.93,0.0,190.04,1
20:35:33,313.0,0,2,2,929.74,574.67,324.83,162.92,87.56,75943.34,0.0,190.16,1
20:35:33,313.1,0,2,2,928.45,574.12,325.13,162.8,87.5,76694.91,0.0,190.27,1
20:35:33,313.1,0,2,2,927.36,573.66,325.39,162.71,87.45,77333.16,0.0,190.38,1
20:35:33,313.2,0,2,2,926.26,573.2,325.64,162.61,87.4,77972.46,0.0,190.5,1
20:35:33,313.3,0,2,2,924.82,572.6,325.98,162.48,87.33,78818.27,0.0,190.61,1
20:35:33,313.3,0,2,2,923.67,572.12,326.24,162.38,87.28,79495.11,0.0,190.72,1
20:35:33,313.4,0,2,2,922.59,571.68,326.49,162.29,87.23,80129.08,0.0,190.83,1
20:35:33,313.4,0,2,2,921.5,571.23,326.74,162.19,87.18,80774.57,0.0,190.94,1
20:35:33,313.5,0,2,2,920.43,570.8,326.98,162.1,87.13,81401.87,0.0,191.06,1
20:35:33,313.5,0,2,2,919.36,570.36,327.23,162.0,87.08,82040.69,0.0,191.17,1
20:35:33,313.6,0,2,2,918.22,569.91,327.49,161.9,87.03,82711.9,0.0,191.27,1
20:35:34,313.7,0,2,2,917.15,569.48,327.73,161.81,86.98,83349.66,0.0,191.38,1
20:35:34,313.7,0,2,2,916.06,569.04,327.97,161.72,86.93,83997.22,0.0,191.49,1
20:35:34,313.8,0,2,2,915.0,568.63,328.21,161.62,86.88,84627.01,0.0,191.6,1
20:35:34,313.8,0,2,2,913.78,568.14,328.48,161.52,86.82,85359.71,0.0,191.71,1
20:35:34,313.9,0,2,2,912.7,567.72,328.72,161.42,86.77,86005.05,0.0,191.81,1
20:35:34,313.9,0,2,2,911.64,567.31,328.96,161.33,86.72,86643.42,0.0,191.92,1
20:35:34,314.0,0,2,2,910.51,566.87,329.21,161.23,86.67,87318.76,0.0,192.02,1
20:35:34,314.0,0,2,2,909.46,566.47,329.44,161.14,86.62,87954.6,0.0,192.13,1
20:35:34,314.1,0,2,2,908.42,566.07,329.67,161.05,86.57,88577.7,0.0,192.23,1
20:35:34,314.1,0,2,2,907.34,565.66,329.91,160.96,86.52,89233.06,0.0,192.33,1
20:35:34,314.2,0,2,2,906.19,565.22,330.16,160.86,86.46,89927.27,0.0,192.44,1
20:35:34,314.3,0,2,2,905.15,564.83,330.38,160.77,86.42,90559.14,0.0,192.54,1
20:35:34,314.3,0,2,2,904.08,564.43,330.61,160.68,86.37,91210.58,0.0,192.64,1
20:35:34,314.4,0,2,2,902.86,563.97,330.88,160.57,86.31,91951.96,0.0,192.74,1
20:35:34,314.4,0,2,2,901.82,563.59,331.1,160.48,86.26,92586.1,0.0,192.84,1
20:35:34,314.5,0,2,2,900.8,563.21,331.32,160.4,86.21,93214.75,0.0,192.94,1
20:35:34,314.5,0,2,2,899.62,562.77,331.57,160.29,86.16,93933.97,0.0,193.04,1
20:35:34,314.6,0,2,2,898.56,562.38,331.8,160.2,86.11,94589.02,0.0,193.14,1
20:35:35,314.6,0,2,2,897.54,562.01,332.01,160.12,86.06,95215.23,0.0,193.23,1
20:35:35,314.7,0,2,2,896.47,561.62,332.24,160.02,86.01,95876.82,0.0,193.33,1
20:35:35,314.8,0,2,2,895.36,561.22,332.47,159.93,85.96,96029.9,0.0,193.43,1
20:35:35,314.8,0,2,2,894.31,560.84,332.7,159.84,85.91,95916.82,0.0,193.53,1
20:35:35,314.9,0,2,2,893.29,560.47,332.91,159.75,85.86,95808.91,0.0,193.62,1
20:35:35,314.9,0,2,2,892.12,560.06,333.15,159.65,85.81,95704.65,0.0,193.72,1
20:35:35,315.0,0,2,2,891.06,559.68,333.37,159.56,85.76,95585.55,0.0,193.81,1
20:35:35,315.0,0,2,2,890.0,559.3,333.59,159.47,85.71,95477.96,0.0,193.9,1
20:35:35,315.1,0,2,2,888.92,558.92,333.82,159.38,85.65,95369.48,0.0,194.0,1
20:35:35,315.1,0,2,2,887.87,558.55,334.03,159.29,85.61,95259.58,0.0,194.09,1
20:35:35,315.2,0,2,2,886.87,558.2,334.24,159.21,85.56,95153.15,0.0,194.18,1
20:35:35,315.2,0,2,2,885.88,557.85,334.44,159.13,85.51,95050.92,0.0,194.28,1
20:35:35,315.3,0,2,2,884.79,557.47,334.66,159.03,85.46,94950.74,0.0,194.37,1
20:35:35,315.4,0,2,2,883.78,557.12,334.87,158.95,85.41,94840.0,0.0,194.46,1
20:35:35,315.4,0,2,2,882.79,556.78,335.07,158.87,85.37,94738.4,0.0,194.55,1
20:35:35,315.5,0,2,2,881.67,556.39,335.29,158.77,85.31,94638.23,0.0,194.64,1
20:35:35,315.5,0,2,2,880.66,556.05,335.5,158.69,85.27,94525.15,0.0,194.73,1
20:35:35,315.6,0,2,2,879.66,555.7,335.7,158.6,85.22,94423.22,0.0,194.82,1
20:35:36,315.6,0,2,2,878.64,555.36,335.9,158.52,85.17,94321.63,0.0,194.91,1
20:35:36,315.7,0,2,2,877.39,554.93,336.15,158.41,85.11,94219.58,0.0,194.99,1
20:35:36,315.8,0,2,2,876.24,554.54,336.38,158.31,85.06,94093.11,0.0,195.08,1
20:35:36,315.8,0,2,2,875.24,554.2,336.58,158.23,85.01,93977.32,0.0,195.17,1
20:35:36,315.9,0,2,2,874.18,553.84,336.78,158.14,84.96,93877.46,0.0,195.25,1
20:35:36,315.9,0,2,2,873.18,553.5,336.98,158.06,84.91,93771.28,0.0,195.34,1
20:35:36,316.0,0,2,2,872.2,553.18,337.17,157.98,84.87,93670.36,0.0,195.42,1
20:35:36,316.0,0,2,2,871.16,552.83,337.38,157.89,84.82,93572.95,0.0,195.51,1
20:35:36,316.1,0,2,2,870.14,552.49,337.58,157.81,84.77,93468.32,0.0,195.59,1
20:35:36,316.1,0,2,2,869.16,552.16,337.76,157.72,84.72,93366.09,0.0,195.68,1
20:35:36,316.2,0,2,2,868.19,551.84,337.95,157.64,84.68,93268.4,0.0,195.76,1
20:35:36,316.3,0,2,2,866.92,551.42,338.2,157.54,84.62,93172.09,0.0,195.84,1
20:35:36,316.3,0,2,2,865.95,551.1,338.38,157.46,84.57,93044.74,0.0,195.92,1
20:35:36,316.4,0,2,2,864.97,550.78,338.57,157.38,84.52,92948.5,0.0,196.01,1
20:35:36,316.4,0,2,2,863.84,550.4,338.79,157.28,84.47,92851.16,0.0,196.09,1
20:35:36,316.5,0,2,2,862.88,550.09,338.97,157.2,84.42,92737.94,0.0,196.17,1
20:35:36,316.5,0,2,2,861.94,549.78,339.15,157.12,84.38,92643.44,0.0,196.25,1
20:35:36,316.6,0,2,2,860.95,549.46,339.33,157.04,84.33,92549.21,0.0,196.33,1
20:35:37,316.6,0,2,2,859.99,549.14,339.51,156.96,84.29,92450.95,0.0,196.41,1
20:35:37,316.7,0,2,2,859.06,548.84,339.69,156.89,84.24,92356.28,0.0,196.49,1
20:35:37,316.7,0,2,2,858.11,548.53,339.86,156.81,84.2,92264.36,0.0,196.57,1
20:35:37,316.8,0,2,2,857.09,548.2,340.06,156.72,84.15,92170.55,0.0,196.64,1
20:35:37,316.9,0,2,2,856.13,547.89,339.7,156.65,84.1,92068.73,0.0,196.48,1
20:35:37,316.9,0,2,2,855.18,547.58,339.35,156.57,84.06,91974.13,0.0,196.31,1
20:35:37,317.0,0,2,2,854.17,547.24,338.97,156.48,84.01,91880.3,0.0,196.14,1
20:35:37,317.0,0,2,2,853.17,546.9,338.6,156.4,83.96,91780.13,0.0,195.96,1
20:35:37,317.1,0,2,2,852.14,546.55,338.21,156.31,83.91,91680.3,0.0,195.78,1
20:35:37,317.1,0,2,2,851.21,546.22,337.86,156.24,83.87,91577.3,0.0,195.62,1
20:35:37,317.2,0,2,2,850.25,545.88,337.5,156.16,83.82,91483.86,0.0,195.45,1
20:35:37,317.2,0,2,2,849.32,545.54,337.15,156.08,83.78,91387.86,0.0,195.29,1
20:35:37,317.3,0,2,2,848.41,545.21,336.81,156.0,83.74,91293.35,0.0,195.13,1
20:35:37,317.3,0,2,2,847.49,544.87,336.46,155.92,83.69,91201.87,0.0,194.97,1
20:35:37,317.4,0,2,2,846.51,544.5,336.09,155.84,83.65,91108.71,0.0,194.79,1
20:35:37,317.5,0,2,2,845.56,544.14,335.73,155.76,83.6,91008.76,0.0,194.63,1
20:35:37,317.5,0,2,2,844.64,543.79,335.39,155.68,83.56,90912.45,0.0,194.46,1
20:35:37,317.6,0,2,2,843.51,543.35,334.95,155.58,83.5,90818.43,0.0,194.26,1
20:35:38,317.6,0,2,2,842.57,542.98,334.6,155.51,83.46,90701.82,0.0,194.1,1
20:35:38,317.7,0,2,2,841.67,542.62,334.26,155.43,83.41,90606.12,0.0,193.93,1
20:35:38,317.7,0,2,2,840.69,542.22,333.88,155.34,83.37,90512.81,0.0,193.76,1
20:35:38,317.8,0,2,2,839.72,541.83,333.51,155.26,83.32,90411.52,0.0,193.59,1
20:35:38,317.8,0,2,2,838.8,541.45,333.16,155.18,83.28,90311.2,0.0,193.42,1
20:35:38,317.9,0,2,2,837.89,541.08,332.82,155.1,83.23,90215.56,0.0,193.26,1
20:35:38,318.0,0,2,2,836.87,540.65,332.43,155.01,83.19,90121.56,0.0,193.07,1
20:35:38,318.0,0,2,2,835.96,540.26,332.08,154.93,83.14,90015.15,0.0,192.91,1
20:35:38,318.1,0,2,2,835.07,539.88,331.74,154.86,83.1,89919.55,0.0,192.75,1
20:35:38,318.1,0,2,2,834.02,539.43,331.33,154.76,83.05,89826.49,0.0,192.56,1
20:35:38,318.2,0,2,2,833.05,539.01,330.96,154.68,83.0,89715.57,0.0,192.38,1
20:35:38,318.2,0,2,2,832.15,538.61,330.61,154.6,82.96,89614.02,0.0,192.22,1
20:35:38,318.3,0,2,2,831.26,538.21,330.27,154.52,82.92,89518.85,0.0,192.06,1
20:35:38,318.3,0,2,2,830.31,537.79,329.9,154.44,82.87,89423.89,0.0,191.88,1
20:35:38,318.4,0,2,2,829.41,537.38,329.55,154.36,82.83,89323.07,0.0,191.72,1
20:35:38,318.4,0,2,2,828.44,536.94,329.18,154.27,82.78,89227.31,0.0,191.54,1
20:35:38,318.5,0,2,2,827.52,536.52,328.82,154.19,82.74,89124.59,0.0,191.37,1
20:35:38,318.6,0,2,2,826.51,536.06,328.43,154.1,82.69,89025.49,0.0,191.19,1
20:35:38,318.6,0,2,2,825.6,535.63,328.07,154.02,82.65,88917.81,0.0,191.02,1
20:35:39,318.7,0,2,2,824.72,535.22,327.73,153.94,82.6,88820.4,0.0,190.86,1
20:35:39,318.7,0,2,2,823.73,534.75,327.34,153.85,82.56,88724.8,0.0,190.67,1
20:35:39,318.8,0,2,2,822.85,534.33,327.0,153.77,82.51,88617.81,0.0,190.51,1
20:35:39,318.8,0,2,2,821.95,533.91,326.65,153.69,82.47,88522.88,0.0,190.35,1
20:35:39,318.9,0,2,2,821.07,533.48,326.3,153.61,82.43,88425.74,0.0,190.18,1
20:35:39,319.0,0,2,2,819.99,532.96,325.88,153.51,82.38,88329.49,0.0,189.98,1
20:35:39,319.0,0,2,2,819.09,532.52,325.52,153.43,82.33,88212.18,0.0,189.81,1
20:35:39,319.1,0,2,2,818.23,532.1,325.18,153.35,82.29,88114.31,0.0,189.65,1
20:35:39,319.1,0,2,2,817.27,531.62,324.81,153.26,82.25,88019.66,0.0,189.47,1
20:35:39,319.2,0,2,2,816.26,531.12,324.41,153.17,82.2,87914.32,0.0,189.29,1
20:35:39,319.2,0,2,2,815.37,530.68,324.06,153.09,82.16,87804.1,0.0,189.12,1
20:35:39,319.3,0,2,2,814.44,530.21,323.69,153.0,82.11,87705.97,0.0,188.94,1
20:35:39,319.3,0,2,2,813.55,529.76,323.33,152.92,82.07,87603.15,0.0,188.78,1
20:35:39,319.4,0,2,2,812.65,529.3,322.98,152.84,82.03,87504.65,0.0,188.61,1
20:35:39,319.5,0,2,2,811.78,528.86,322.63,152.76,81.98,87404.51,0.0,188.44,1
20:35:39,319.5,0,2,2,810.79,528.35,322.24,152.66,81.94,87308.66,0.0,188.26,1
20:35:39,319.6,0,2,2,809.92,527.9,321.89,152.58,81.89,87197.5,0.0,188.09,1
20:35:39,319.6,0,2,2,809.07,527.46,321.55,152.5,81.85,87101.26,0.0,187.93,1
20:35:40,319.7,0,2,2,808.16,526.98,321.19,152.42,81.81,87005.35,0.0,187.76,1
20:35:40,319.7,0,2,2,807.26,526.51,320.82,152.34,81.77,86903.76,0.0,187.59,1
20:35:40,319.8,0,2,2,806.39,526.06,320.48,152.25,81.73,86802.37,0.0,187.42,1
20:35:40,319.8,0,2,2,805.54,525.61,320.14,152.17,81.68,86705.28,0.0,187.26,1
20:35:40,319.9,0,2,2,804.67,525.14,319.79,152.09,81.64,86609.44,0.0,187.09,1
20:35:40,319.9,0,2,2,803.8,524.68,319.97,152.01,81.6,86510.67,0.0,187.17,1
20:35:40,320.0,0,2,2,802.94,524.23,320.15,151.93,81.56,86412.95,0.0,187.25,1
20:35:40,320.0,0,2,2,802.1,523.78,320.33,151.85,81.52,86315.52,0.0,187.33,1
20:35:40,320.1,0,2,2,801.2,523.32,320.52,151.77,81.48,86220.09,0.0,187.41,1
20:35:40,320.2,0,2,2,800.36,522.88,320.7,151.69,81.44,86119.05,0.0,187.49,1
20:35:40,320.2,0,2,2,799.47,522.43,320.88,151.6,81.39,86024.87,0.0,187.57,1
20:35:40,320.3,0,2,2,798.51,521.94,321.08,151.51,81.35,85924.77,0.0,187.65,1
20:35:40,320.3,0,2,2,797.66,521.51,321.26,151.43,81.31,85817.14,0.0,187.73,1
20:35:40,320.4,0,2,2,796.82,521.09,321.43,151.36,81.27,85721.53,0.0,187.8,1
20:35:40,320.4,0,2,2,795.88,520.62,321.63,151.27,81.22,85627.83,0.0,187.88,1
20:35:40,320.5,0,2,2,794.98,520.18,321.81,151.19,81.18,85522.68,0.0,187.96,1
20:35:40,320.5,0,2,2,794.13,519.76,321.98,151.11,81.14,85423.26,0.0,188.03,1
20:35:40,320.6,0,2,2,793.29,519.35,322.15,151.03,81.1,85327.64,0.0,188.11,1
20:35:41,320.7,0,2,2,792.21,518.83,322.37,150.93,81.04,85234.29,0.0,188.18,1
20:35:41,320.7,0,2,2,791.34,518.42,322.54,150.85,81.0,85114.74,0.0,188.25,1
20:35:41,320.8,0,2,2,790.5,518.02,322.71,150.77,80.96,85018.33,0.0,188.33,1
20:35:41,320.8,0,2,2,789.54,517.57,322.9,150.68,80.92,84925.15,0.0,188.4,1
20:35:41,320.9,0,2,2,788.69,517.17,323.06,150.6,80.87,84819.83,0.0,188.47,1
20:35:41,320.9,0,2,2,787.8,516.75,323.24,150.52,80.83,84725.34,0.0,188.54,1
20:35:41,321.0,0,2,2,786.97,516.37,323.4,150.45,80.79,84627.45,0.0,188.61,1
20:35:41,321.1,0,2,2,786.03,515.94,323.58,150.36,80.75,84536.52,0.0,188.68,1
20:35:41,321.1,0,2,2,785.18,515.55,323.75,150.28,80.7,84432.12,0.0,188.75,1
20:35:41,321.2,0,2,2,784.36,515.18,323.9,150.21,80.67,84338.82,0.0,188.82,1
20:35:41,321.2,0,2,2,783.47,514.78,324.07,150.13,80.62,84249.57,0.0,188.89,1
20:35:41,321.3,0,2,2,782.46,514.33,324.27,150.03,80.57,84151.72,0.0,188.96,1
20:35:41,321.3,0,2,2,781.64,513.96,324.42,149.96,80.53,84041.06,0.0,189.03,1
20:35:41,321.4,0,2,2,780.67,513.54,324.6,149.87,80.49,83951.11,0.0,189.09,1
20:35:41,321.5,0,2,2,779.81,513.16,324.76,149.79,80.45,83846.25,0.0,189.16,1
20:35:41,321.5,0,2,2,778.94,512.78,324.93,149.71,80.4,83752.31,0.0,189.23,1
20:35:41,321.6,0,2,2,778.11,512.42,325.08,149.64,80.36,83657.47,0.0,189.29,1
20:35:41,321.6,0,2,2,777.22,512.04,325.24,149.56,80.32,83567.52,0.0,189.36,1
20:35:42,321.7,0,2,2,776.41,511.69,325.39,149.49,80.28,83470.64,0.0,189.43,1
20:35:42,321.7,0,2,2,775.56,511.32,325.55,149.41,80.24,83382.64,0.0,189.49,1
20:35:42,321.8,0,2,2,774.66,510.94,325.71,149.33,80.2,83289.88,0.0,189.55,1
20:35:42,321.8,0,2,2,773.85,510.6,325.86,149.25,80.16,83193.3,0.0,189.62,1
20:35:42,321.9,0,2,2,773.03,510.26,326.01,149.18,80.12,83104.93,0.0,189.68,1
20:35:42,321.9,0,2,2,772.23,509.92,326.15,149.11,80.08,83016.88,0.0,189.74,1
20:35:42,322.0,0,2,2,771.41,509.58,326.3,149.03,80.04,82930.38,0.0,189.81,1
20:35:42,322.0,0,2,2,770.6,509.24,326.44,148.96,80.0,82841.27,0.0,189.87,1
20:35:42,322.1,0,2,2,769.81,508.92,326.58,148.89,79.96,82754.24,0.0,189.93,1
20:35:42,322.2,0,2,2,769.02,508.59,326.72,148.82,79.92,82669.85,0.0,189.99,1
20:35:42,322.2,0,2,2,768.0,508.18,326.9,148.73,79.87,82584.08,0.0,190.05,1
20:35:42,322.3,0,2,2,767.18,507.85,327.05,148.66,79.83,82474.47,0.0,190.11,1
20:35:42,322.3,0,2,2,766.39,507.53,327.18,148.59,79.8,82386.72,0.0,190.17,1
20:35:42,322.4,0,2,2,765.53,507.18,327.33,148.51,79.75,82302.36,0.0,190.23,1
20:35:42,322.4,0,2,2,764.72,506.86,327.47,148.44,79.72,82209.99,0.0,190.29,1
20:35:42,322.5,0,2,2,763.9,506.53,327.61,148.36,79.68,82123.27,0.0,190.35,1
20:35:42,322.6,0,2,2,763.11,506.22,327.75,148.29,79.64,82035.72,0.0,190.41,1
20:35:42,322.6,0,2,2,762.24,505.87,327.89,148.22,79.6,81951.75,0.0,190.47,1
20:35:43,322.7,0,2,2,761.45,505.56,328.03,148.15,79.56,81859.01,0.0,190.52,1
20:35:43,322.7,0,2,2,760.67,505.26,328.16,148.08,79.52,81774.31,0.0,190.58,1
20:35:43,322.8,0,2,2,759.84,504.93,328.3,148.0,79.48,81691.42,0.0,190.64,1
20:35:43,322.8,0,2,2,758.97,504.59,328.45,147.93,79.44,81602.85,0.0,190.69,1
20:35:43,322.9,0,2,2,758.1,504.25,328.59,147.85,79.39,81510.4,0.0,190.75,1
20:35:43,322.9,0,2,2,757.32,503.96,328.72,147.78,79.36,81417.72,0.0,190.81,1
20:35:43,323.0,0,2,2,756.48,503.63,328.86,147.71,79.32,81335.59,0.0,190.86,1
20:35:43,323.0,0,2,2,755.7,503.33,328.99,147.64,79.28,81246.19,0.0,190.91,1
20:35:43,323.1,0,2,2,754.92,503.03,329.11,147.57,79.24,81162.9,0.0,190.97,1
20:35:43,323.2,0,2,2,754.11,502.73,329.24,147.5,79.2,81081.04,0.0,191.02,1
20:35:43,323.2,0,2,2,753.12,502.35,329.4,147.41,79.15,80995.41,0.0,191.08,1
20:35:43,323.3,0,2,2,752.3,502.04,329.54,147.34,79.11,80890.41,0.0,191.13,1
20:35:43,323.3,0,2,2,751.52,501.74,329.66,147.27,79.07,80804.19,0.0,191.18,1
20:35:43,323.4,0,2,2,750.69,501.43,329.79,147.2,79.03,80721.23,0.0,191.23,1
20:35:43,323.4,0,2,2,749.92,501.14,329.92,147.13,79.0,80634.18,0.0,191.29,1
20:35:43,323.5,0,2,2,749.17,500.86,330.04,147.06,78.96,80552.59,0.0,191.34,1
20:35:43,323.6,0,2,2,748.35,500.56,330.16,146.99,78.92,80473.28,0.0,191.39,1
20:35:43,323.6,0,2,2,747.53,500.25,330.29,146.92,78.88,80387.21,0.0,191.44,1
20:35:44,323.7,0,2,2,746.77,499.97,330.41,146.85,78.84,80301.14,0.0,191.49,1
20:35:44,323.7,0,2,2,746.0,499.69,330.53,146.78,78.8,80221.17,0.0,191.54,1
20:35:44,323.8,0,2,2,745.2,499.39,330.65,146.71,78.76,80140.25,0.0,191.59,1
20:35:44,323.8,0,2,2,744.45,499.12,330.77,146.65,78.73,80056.55,0.0,191.64,1
20:35:44,323.9,0,2,2,743.71,498.85,330.88,146.58,78.69,79977.58,0.0,191.69,1
20:35:44,323.9,0,2,2,742.92,498.56,331.0,146.51,78.65,79900.26,0.0,191.74,1
20:35:44,324.0,0,2,2,742.15,498.28,331.12,146.45,78.62,79817.9,0.0,191.78,1
20:35:44,324.1,0,2,2,741.22,497.94,331.26,146.37,78.57,79737.13,0.0,191.83,1
20:35:44,324.1,0,2,2,740.47,497.67,331.37,146.3,78.53,79639.81,0.0,191.88,1
20:35:44,324.2,0,2,2,739.62,497.36,331.5,146.23,78.49,79561.8,0.0,191.93,1
20:35:44,324.2,0,2,2,738.87,497.09,331.61,146.16,78.46,79472.52,0.0,191.97,1
20:35:44,324.3,0,2,2,738.14,496.83,331.72,146.1,78.42,79394.37,0.0,192.02,1
20:35:44,324.3,0,2,2,737.25,496.51,331.85,146.02,78.38,79318.04,0.0,192.06,1
20:35:44,324.4,0,2,2,736.5,496.24,331.96,145.96,78.34,79225.14,0.0,192.11,1
20:35:44,324.4,0,2,2,735.78,495.98,332.07,145.89,78.3,79147.93,0.0,192.16,1
20:35:44,324.5,0,2,2,735.05,495.72,332.17,145.83,78.27,79072.28,0.0,192.2,1
20:35:44,324.6,0,2,2,734.3,495.45,332.28,145.77,78.23,78996.09,0.0,192.25,1
20:35:44,324.6,0,2,2,733.55,495.19,332.39,145.7,78.19,78918.23,0.0,192.29,1
20:35:45,324.7,0,2,2,732.83,494.93,332.49,145.64,78.16,78840.74,0.0,192.34,1
20:35:45,324.7,0,2,2,731.96,494.62,332.62,145.56,78.12,78765.93,0.0,192.38,1
20:35:45,324.8,0,2,2,731.22,494.36,332.72,145.5,78.08,78675.48,0.0,192.42,1
20:35:45,324.8,0,2,2,730.51,494.11,332.82,145.44,78.05,78599.38,0.0,192.47,1
20:35:45,324.9,0,2,2,729.79,493.86,332.93,145.38,78.01,78525.17,0.0,192.51,1
20:35:45,325.0,0,2,2,728.82,493.52,333.06,145.29,77.96,78450.56,0.0,192.55,1
20:35:45,325.0,0,2,2,727.99,493.22,333.18,145.22,77.92,78350.32,0.0,192.59,1
20:35:45,325.1,0,2,2,727.28,492.97,333.28,145.16,77.89,78263.99,0.0,192.63,1
20:35:45,325.1,0,2,2,726.43,492.67,333.39,145.09,77.84,78190.62,0.0,192.67,1
20:35:45,325.2,0,2,2,725.7,492.42,333.49,145.02,77.81,78102.59,0.0,192.71,1
20:35:45,325.2,0,2,2,724.97,492.16,333.59,144.96,77.77,78027.51,0.0,192.76,1
20:35:45,325.3,0,2,2,724.06,491.85,333.72,144.88,77.73,77951.79,0.0,192.79,1
20:35:45,325.4,0,2,2,723.34,491.6,333.81,144.82,77.69,77858.86,0.0,192.83,1
20:35:45,325.4,0,2,2,722.61,491.34,333.91,144.76,77.66,77783.9,0.0,192.87,1
20:35:45,325.5,0,2,2,721.82,491.07,334.02,144.69,77.62,77709.0,0.0,192.91,1
20:35:45,325.5,0,2,2,721.12,490.83,334.11,144.63,77.58,77627.78,0.0,192.95,1
20:35:45,325.6,0,2,2,720.43,490.59,334.2,144.57,77.55,77555.18,0.0,192.99,1
20:35:46,325.6,0,2,2,719.7,490.34,334.3,144.51,77.51,77484.07,0.0,193.03,1
20:35:46,325.7,0,2,2,718.91,490.06,334.4,144.44,77.47,77409.64,0.0,193.07,1
20:35:46,325.7,0,2,2,718.2,489.82,334.5,144.38,77.44,77328.11,0.0,193.11,1
20:35:46,325.8,0,2,2,717.48,489.57,334.59,144.32,77.4,77254.78,0.0,193.14,1
20:35:46,325.9,0,2,2,716.69,489.29,334.69,144.25,77.36,77181.47,0.0,193.18,1
20:35:46,325.9,0,2,2,715.99,489.06,334.78,144.19,77.33,77099.79,0.0,193.22,1
20:35:46,326.0,0,2,2,715.3,488.82,334.87,144.13,77.3,77028.4,0.0,193.25,1
20:35:46,326.0,0,2,2,714.41,488.51,334.98,144.05,77.25,76957.55,0.0,193.29,1
20:35:46,326.1,0,2,2,713.63,488.24,335.08,143.99,77.21,76865.97,0.0,193.33,1
20:35:46,326.1,0,2,2,712.8,487.96,335.19,143.92,77.17,76786.42,0.0,193.36,1
20:35:46,326.2,0,2,2,712.08,487.71,335.28,143.86,77.14,76701.62,0.0,193.4,1
20:35:46,326.3,0,2,2,711.17,487.4,335.39,143.78,77.09,76627.8,0.0,193.43,1
20:35:46,326.3,0,2,2,710.48,487.16,335.47,143.72,77.06,76534.46,0.0,193.46,1
20:35:46,326.4,0,2,2,709.8,486.93,335.56,143.66,77.02,76463.45,0.0,193.5,1
20:35:46,326.4,0,2,2,708.96,486.64,335.66,143.59,76.98,76394.33,0.0,193.53,1
20:35:46,326.5,0,2,2,708.27,486.41,335.74,143.53,76.95,76308.51,0.0,193.57,1
20:35:46,326.6,0,2,2,707.59,486.17,335.83,143.47,76.92,76238.1,0.0,193.6,1
20:35:47,326.6,0,2,2,706.89,485.94,335.91,143.41,76.88,76168.0,0.0,193.63,1
20:35:47,326.7,0,2,2,705.97,485.62,336.02,143.34,76.83,76097.11,0.0,193.66,1
20:35:47,326.7,0,2,2,705.28,485.39,336.1,143.28,76.8,76002.79,0.0,193.7,1
20:35:47,326.8,0,2,2,704.6,485.15,336.19,143.22,76.77,75932.83,0.0,193.73,1
20:35:47,326.8,0,2,2,703.9,484.92,336.27,143.16,76.73,75863.11,0.0,193.76,1
20:35:47,326.9,0,2,2,703.23,484.69,336.35,143.1,76.7,75792.41,0.0,193.79,1
20:35:47,326.9,0,2,2,702.54,484.45,336.43,143.04,76.67,75723.41,0.0,193.82,1
20:35:47,327.0,0,2,2,701.86,484.22,336.51,142.99,76.63,75653.29,0.0,193.86,1
20:35:47,327.1,0,2,2,701.01,483.93,336.6,142.91,76.59,75584.36,0.0,193.88,1
20:35:47,327.1,0,2,2,700.34,483.7,336.68,142.86,76.56,75497.19,0.0,193.92,1
20:35:47,327.2,0,2,2,699.67,483.48,336.76,142.8,76.52,75429.18,0.0,193.95,1
20:35:47,327.2,0,2,2,698.77,483.17,336.86,142.72,76.48,75361.24,0.0,193.97,1
20:35:47,327.3,0,2,2,698.1,482.94,336.93,142.67,76.44,75269.76,0.0,194.0,1
20:35:47,327.4,0,2,2,697.45,482.72,337.01,142.61,76.41,75201.59,0.0,194.03,1
20:35:47,327.4,0,2,2,696.73,482.48,337.09,142.55,76.38,75135.32,0.0,194.06,1
20:35:47,327.5,0,2,2,696.02,482.23,337.17,142.49,76.34,75062.96,0.0,194.09,1
20:35:47,327.5,0,2,2,695.36,482.01,337.24,142.44,76.31,74990.21,0.0,194.12,1
20:35:47,327.6,0,2,2,694.67,481.77,337.31,142.38,76.27,74923.37,0.0,194.15,1
20:35:48,327.6,0,2,2,693.99,481.54,337.39,142.32,76.24,74853.16,0.0,194.18,1
20:35:48,327.7,0,2,2,693.34,481.32,337.46,142.27,76.21,74784.56,0.0,194.2,1
20:35:48,327.7,0,2,2,692.66,481.09,337.53,142.21,76.17,74718.49,0.0,194.23,1
20:35:48,327.8,0,2,2,691.96,480.86,337.61,142.15,76.14,74649.54,0.0,194.26,1
20:35:48,327.8,0,2,2,691.29,480.63,337.68,142.09,76.11,74578.93,0.0,194.29,1
20:35:48,327.9,0,2,2,690.64,480.41,337.74,142.04,76.07,74511.01,0.0,194.31,1
20:35:48,328.0,0,2,2,689.92,480.16,337.82,141.98,76.04,74445.31,0.0,194.34,1
20:35:48,328.0,0,2,2,689.25,479.93,337.89,141.92,76.01,74371.59,0.0,194.37,1
20:35:48,328.1,0,2,2,688.57,479.7,337.96,141.86,75.97,74303.96,0.0,194.39,1
20:35:48,328.1,0,2,2,687.91,479.48,338.03,141.81,75.94,74234.8,0.0,194.42,1
20:35:48,328.2,0,2,2,687.21,479.24,338.1,141.75,75.9,74168.01,0.0,194.44,1
20:35:48,328.2,0,2,2,686.56,479.02,338.17,141.69,75.87,74097.68,0.0,194.47,1
20:35:48,328.3,0,2,2,685.93,478.81,338.23,141.64,75.84,74031.65,0.0,194.49,1
20:35:48,328.4,0,2,2,685.3,478.59,338.29,141.59,75.81,73968.68,0.0,194.52,1
20:35:48,328.4,0,2,2,684.6,478.35,338.36,141.53,75.77,73905.02,0.0,194.54,1
20:35:48,328.5,0,2,2,683.79,478.08,338.44,141.46,75.73,73833.83,0.0,194.56,1
20:35:48,328.5,0,2,2,683.12,477.85,338.51,141.4,75.7,73751.99,0.0,194.59,1
20:35:48,328.6,0,2,2,682.44,477.61,338.58,141.35,75.67,73684.11,0.0,194.61,1
20:35:49,328.6,0,2,2,681.8,477.4,338.64,141.29,75.63,73615.12,0.0,194.64,1
20:35:49,328.7,0,2,2,681.17,477.18,338.7,141.24,75.6,73551.27,0.0,194.66,1
20:35:49,328.8,0,2,2,680.41,476.92,338.77,141.18,75.56,73487.15,0.0,194.68,1
20:35:49,328.8,0,2,2,679.79,476.71,338.83,141.12,75.53,73410.45,0.0,194.7,1
20:35:49,328.9,0,2,2,679.17,476.5,338.89,141.07,75.5,73347.71,0.0,194.73,1
20:35:49,328.9,0,2,2,678.48,476.27,338.96,141.01,75.47,73285.6,0.0,194.75,1
20:35:49,329.0,0,2,2,677.82,476.04,339.02,140.96,75.44,73216.04,0.0,194.77,1
20:35:49,329.0,0,2,2,677.2,475.83,339.08,140.91,75.4,73149.38,0.0,194.79,1
20:35:49,329.1,0,2,2,676.58,475.62,339.13,140.85,75.37,73086.76,0.0,194.81,1
20:35:49,329.1,0,2,2,675.9,475.38,339.19,140.8,75.34,73024.78,0.0,194.83,1
20:35:49,329.2,0,2,2,675.29,475.18,339.25,140.75,75.31,72956.03,0.0,194.86,1
20:35:49,329.3,0,2,2,674.67,474.96,339.31,140.69,75.28,72894.55,0.0,194.88,1
20:35:49,329.3,0,2,2,673.92,474.71,339.37,140.63,75.24,72832.36,0.0,194.9,1
20:35:49,329.4,0,2,2,673.18,474.45,339.44,140.57,75.2,72756.08,0.0,194.91,1
20:35:49,329.4,0,2,2,672.56,474.24,339.49,140.52,75.17,72681.84,0.0,194.93,1
20:35:49,329.5,0,2,2,671.91,474.02,339.55,140.46,75.14,72619.75,0.0,194.95,1
20:35:49,329.5,0,2,2,671.29,473.8,339.6,140.41,75.11,72553.54,0.0,194.97,1
20:35:49,329.6,0,2,2,670.7,473.6,339.66,140.36,75.08,72491.61,0.0,194.99,1
20:35:50,329.6,0,2,2,670.1,473.4,339.71,140.31,75.05,72432.17,0.0,195.01,1
20:35:50,329.7,0,2,2,669.44,473.17,339.76,140.25,75.02,72372.08,0.0,195.03,1
20:35:50,329.8,0,2,2,668.82,472.96,339.82,140.2,74.99,72305.25,0.0,195.05,1
20:35:50,329.8,0,2,2,668.21,472.75,339.87,140.15,74.96,72242.98,0.0,195.07,1
20:35:50,329.9,0,2,2,667.58,472.53,339.92,140.1,74.92,72181.83,0.0,195.09,1
20:35:50,329.9,0,2,2,666.99,472.33,339.97,140.05,74.89,72118.71,0.0,195.1,1
20:35:50,330.0,0,2,2,666.4,472.12,340.02,140.0,74.87,72058.71,0.0,195.12,1
20:35:50,330.0,0,2,2,665.81,471.92,339.53,139.95,74.84,72000.06,0.0,194.96,1
20:35:50,330.1,0,2,2,665.13,471.68,338.99,139.89,74.8,71939.87,0.0,194.77,1
20:35:50,330.1,0,2,2,664.47,471.44,338.45,139.84,74.77,71871.77,0.0,194.59,1
20:35:50,330.2,0,2,2,663.8,471.19,337.92,139.78,74.74,71804.21,0.0,194.4,1
20:35:50,330.3,0,2,2,663.22,470.96,337.44,139.73,74.71,71736.04,0.0,194.24,1
20:35:50,330.3,0,2,2,662.63,470.73,336.97,139.68,74.68,71675.71,0.0,194.08,1
20:35:50,330.4,0,2,2,662.04,470.49,336.49,139.63,74.65,71614.69,0.0,193.91,1
20:35:50,330.4,0,2,2,661.43,470.24,336.0,139.58,74.62,71553.81,0.0,193.75,1
20:35:50,330.5,0,2,2,660.79,469.97,335.48,139.52,74.58,71490.56,0.0,193.56,1
20:35:50,330.5,0,2,2,660.13,469.69,334.95,139.46,74.55,71422.48,0.0,193.38,1
20:35:50,330.6,0,2,2,659.46,469.39,334.41,139.4,74.52,71352.96,0.0,193.19,1
20:35:51,330.6,0,2,2,658.89,469.13,333.94,139.35,74.49,71282.22,0.0,193.03,1
20:35:51,330.7,0,2,2,658.3,468.87,333.47,139.3,74.46,71220.59,0.0,192.87,1
20:35:51,330.8,0,2,2,657.66,468.57,332.95,139.24,74.43,71157.78,0.0,192.69,1
20:35:51,330.8,0,2,2,657.07,468.29,332.47,139.19,74.4,71088.42,0.0,192.52,1
20:35:51,330.9,0,2,2,656.49,468.01,332.0,139.13,74.37,71024.11,0.0,192.35,1
20:35:51,330.9,0,2,2,655.86,467.7,331.49,139.08,74.34,70961.61,0.0,192.18,1
20:35:51,331.0,0,2,2,655.21,467.38,330.96,139.02,74.31,70892.35,0.0,191.99,1
20:35:51,331.0,0,2,2,654.64,467.09,330.5,138.96,74.28,70821.48,0.0,191.83,1
20:35:51,331.1,0,2,2,654.07,466.8,330.04,138.91,74.25,70757.94,0.0,191.67,1
20:35:51,331.1,0,2,2,653.45,466.48,329.53,138.85,74.22,70694.82,0.0,191.49,1
20:35:51,331.2,0,2,2,652.89,466.18,329.07,138.8,74.19,70625.78,0.0,191.33,1
20:35:51,331.3,0,2,2,652.32,465.88,328.61,138.75,74.16,70562.35,0.0,191.17,1
20:35:51,331.3,0,2,2,651.65,465.52,328.07,138.69,74.13,70498.59,0.0,190.98,1
20:35:51,331.4,0,2,2,651.07,465.2,327.6,138.63,74.1,70423.13,0.0,190.81,1
20:35:51,331.4,0,2,2,650.5,464.89,327.13,138.58,74.07,70356.98,0.0,190.64,1
20:35:51,331.5,0,2,2,649.88,464.54,326.63,138.52,74.04,70291.8,0.0,190.47,1
20:35:51,331.5,0,2,2,649.3,464.21,326.15,138.46,74.01,70221.2,0.0,190.3,1
20:35:51,331.6,0,2,2,648.74,463.89,325.7,138.41,73.98,70153.93,0.0,190.14,1
20:35:52,331.6,0,2,2,648.18,463.57,325.24,138.35,73.95,70089.2,0.0,189.97,1
20:35:52,331.7,0,2,2,647.54,463.19,324.72,138.29,73.92,70023.99,0.0,189.79,1
20:35:52,331.7,0,2,2,646.96,462.85,324.25,138.23,73.89,69949.29,0.0,189.62,1
20:35:52,331.8,0,2,2,646.4,462.52,323.8,138.18,73.87,69881.57,0.0,189.46,1
20:35:52,331.9,0,2,2,645.75,462.13,323.27,138.12,73.83,69816.3,0.0,189.27,1
20:35:52,331.9,0,2,2,645.18,461.78,322.8,138.06,73.8,69739.59,0.0,189.1,1
20:35:52,332.0,0,2,2,644.62,461.44,322.34,138.0,73.78,69671.48,0.0,188.94,1
20:35:52,332.0,0,2,2,644.06,461.09,321.89,137.95,73.75,69605.25,0.0,188.78,1
20:35:52,332.1,0,2,2,643.44,460.7,321.38,137.89,73.72,69538.65,0.0,188.59,1
20:35:52,332.1,0,2,2,642.86,460.34,320.91,137.83,73.69,69463.74,0.0,188.43,1
20:35:52,332.2,0,2,2,642.3,459.99,320.45,137.77,73.66,69394.74,0.0,188.26,1
20:35:52,332.2,0,2,2,641.71,459.61,319.97,137.71,73.63,69327.1,0.0,188.09,1
20:35:52,332.3,0,2,2,641.15,459.25,320.05,137.66,73.6,69255.84,0.0,188.12,1
20:35:52,332.3,0,2,2,640.56,458.87,320.13,137.6,73.57,69187.78,0.0,188.15,1
20:35:52,332.4,0,2,2,640.01,458.52,320.2,137.54,73.55,69115.92,0.0,188.18,1
20:35:52,332.5,0,2,2,639.38,458.13,320.28,137.48,73.51,69048.83,0.0,188.2,1
20:35:52,332.5,0,2,2,638.81,457.78,320.35,137.42,73.49,68972.69,0.0,188.23,1
20:35:52,332.6,0,2,2,638.27,457.44,320.42,137.36,73.46,68904.17,0.0,188.26,1
20:35:53,332.6,0,2,2,637.58,457.02,320.5,137.3,73.42,68837.91,0.0,188.29,1
20:35:53,332.7,0,2,2,636.96,456.64,320.58,137.23,73.39,68755.17,0.0,188.31,1
20:35:53,332.7,0,2,2,636.41,456.31,320.64,137.18,73.37,68680.5,0.0,188.34,1
20:35:53,332.8,0,2,2,635.86,455.98,320.71,137.12,73.34,68614.68,0.0,188.36,1
20:35:53,332.9,0,2,2,635.25,455.62,320.78,137.06,73.31,68547.98,0.0,188.39,1
20:35:53,332.9,0,2,2,634.68,455.28,320.85,137.01,73.28,68474.9,0.0,188.41,1
20:35:53,333.0,0,2,2,634.14,454.97,320.91,136.95,73.25,68406.91,0.0,188.44,1
20:35:53,333.0,0,2,2,633.54,454.62,320.98,136.89,73.22,68341.61,0.0,188.46,1
20:35:53,333.1,0,2,2,632.95,454.28,321.05,136.83,73.19,68270.71,0.0,188.49,1
20:35:53,333.1,0,2,2,632.38,453.95,321.12,136.78,73.17,68199.26,0.0,188.51,1
20:35:53,333.2,0,2,2,631.79,453.62,321.18,136.72,73.14,68131.59,0.0,188.54,1
20:35:53,333.2,0,2,2,631.25,453.32,321.24,136.66,73.11,68061.84,0.0,188.56,1
20:35:53,333.3,0,2,2,630.72,453.02,321.3,136.61,73.08,67997.65,0.0,188.58,1
20:35:53,333.4,0,2,2,630.06,452.65,321.37,136.55,73.05,67933.94,0.0,188.6,1
20:35:53,333.4,0,2,2,629.47,452.33,321.44,136.49,73.02,67855.83,0.0,188.63,1
20:35:53,333.5,0,2,2,628.94,452.03,321.49,136.44,72.99,67785.58,0.0,188.65,1
20:35:53,333.5,0,2,2,628.39,451.74,321.55,136.38,72.97,67722.5,0.0,188.67,1
20:35:53,333.6,0,2,2,627.78,451.41,321.61,136.32,72.94,67658.14,0.0,188.69,1
20:35:54,333.6,0,2,2,627.24,451.12,321.67,136.27,72.91,67586.0,0.0,188.71,1
20:35:54,333.7,0,2,2,626.71,450.84,321.72,136.22,72.88,67522.02,0.0,188.73,1
20:35:54,333.7,0,2,2,626.09,450.51,321.79,136.16,72.85,67459.6,0.0,188.75,1
20:35:54,333.8,0,2,2,625.56,450.23,321.84,136.1,72.82,67386.46,0.0,188.77,1
20:35:54,333.9,0,2,2,625.02,449.94,321.89,136.05,72.8,67323.87,0.0,188.79,1
20:35:54,333.9,0,2,2,624.41,449.62,321.96,135.99,72.77,67260.19,0.0,188.81,1
20:35:54,334.0,0,2,2,623.85,449.33,322.01,135.94,72.74,67188.12,0.0,188.83,1
20:35:54,334.0,0,2,2,623.32,449.06,322.06,135.88,72.71,67122.54,0.0,188.85,1
20:35:54,334.1,0,2,2,622.79,448.79,322.11,135.83,72.69,67060.46,0.0,188.87,1
20:35:54,334.1,0,2,2,622.19,448.48,322.17,135.77,72.66,66997.84,0.0,188.89,1
20:35:54,334.2,0,2,2,621.65,448.2,322.22,135.72,72.63,66927.4,0.0,188.91,1
20:35:54,334.2,0,2,2,621.12,447.94,322.27,135.67,72.6,66863.64,0.0,188.92,1
20:35:54,334.3,0,2,2,620.56,447.66,322.32,135.61,72.57,66802.05,0.0,188.94,1
20:35:54,334.3,0,2,2,619.98,447.37,322.37,135.56,72.55,66736.92,0.0,188.96,1
20:35:54,334.4,0,2,2,619.45,447.11,322.42,135.51,72.52,66668.96,0.0,188.98,1
20:35:54,334.5,0,2,2,618.93,446.85,322.47,135.46,72.49,66607.43,0.0,188.99,1
20:35:54,334.5,0,2,2,618.33,446.55,322.52,135.4,72.46,66546.2,0.0,189.01,1
20:35:54,334.6,0,2,2,617.8,446.29,322.57,135.35,72.44,66475.7,0.0,189.03,1
20:35:54,334.6,0,2,2,617.25,446.02,322.61,135.29,72.41,66414.4,0.0,189.04,1
20:35:55,334.7,0,2,2,616.7,445.76,322.66,135.24,72.38,66350.5,0.0,189.06,1
20:35:55,334.7,0,2,2,616.18,445.51,322.71,135.19,72.35,66286.79,0.0,189.07,1
20:35:55,334.8,0,2,2,615.67,445.26,322.75,135.14,72.33,66225.68,0.0,189.09,1
20:35:55,334.8,0,2,2,615.14,445.0,322.79,135.09,72.3,66166.03,0.0,189.1,1
20:35:55,334.9,0,2,2,614.58,444.74,322.84,135.03,72.27,66104.48,0.0,189.12,1
20:35:55,334.9,0,2,2,614.05,444.49,322.88,134.98,72.25,66039.74,0.0,189.13,1
20:35:55,335.0,0,2,2,613.5,444.23,322.93,134.93,72.22,65978.92,0.0,189.15,1
20:35:55,335.1,0,2,2,612.92,443.95,322.97,134.87,72.19,65914.6,0.0,189.16,1
20:35:55,335.1,0,2,2,612.33,443.68,323.02,134.82,72.16,65847.27,0.0,189.17,1
20:35:55,335.2,0,2,2,611.79,443.42,323.06,134.76,72.13,65779.27,0.0,189.19,1
20:35:55,335.2,0,2,2,611.21,443.15,323.1,134.71,72.11,65716.05,0.0,189.2,1
20:35:55,335.3,0,2,2,610.63,442.89,323.15,134.65,72.08,65649.0,0.0,189.21,1
20:35:55,335.3,0,2,2,610.06,442.62,323.19,134.6,72.05,65582.2,0.0,189.23,1
20:35:55,335.4,0,2,2,609.55,442.39,323.23,134.55,72.02,65516.65,0.0,189.24,1
20:35:55,335.5,0,2,2,608.85,442.07,323.28,134.48,71.99,65457.54,0.0,189.25,1
20:35:55,335.5,0,2,2,608.29,441.81,323.32,134.43,71.96,65376.57,0.0,189.26,1
20:35:55,335.6,0,2,2,607.79,441.58,323.36,134.38,71.93,65311.65,0.0,189.27,1
20:35:56,335.6,0,2,2,607.22,441.33,323.4,134.32,71.9,65253.89,0.0,189.28,1
20:35:56,335.7,0,2,2,606.67,441.08,323.43,134.27,71.88,65188.61,0.0,189.29,1
20:35:56,335.8,0,2,2,606.17,440.85,323.47,134.22,71.85,65125.54,0.0,189.31,1
20:35:56,335.8,0,2,2,605.57,440.59,323.51,134.17,71.82,65067.63,0.0,189.32,1
20:35:56,335.9,0,2,2,605.05,440.35,323.54,134.12,71.8,64998.89,0.0,189.33,1
20:35:56,335.9,0,2,2,604.55,440.13,323.58,134.07,71.77,64938.74,0.0,189.34,1
20:35:56,336.0,0,2,2,604.05,439.91,323.61,134.02,71.74,64881.61,0.0,189.35,1
20:35:56,336.0,0,2,2,603.49,439.66,323.65,133.97,71.72,64823.36,0.0,189.36,1
20:35:56,336.1,0,2,2,602.87,439.39,323.69,133.91,71.69,64758.94,0.0,189.37,1
20:35:56,336.2,0,2,2,602.38,439.17,323.72,133.86,71.66,64688.7,0.0,189.38,1
20:35:56,336.2,0,2,2,601.82,438.92,323.75,133.81,71.63,64631.47,0.0,189.38,1
20:35:56,336.3,0,2,2,601.31,438.7,323.78,133.76,71.61,64567.42,0.0,189.39,1
20:35:56,336.3,0,2,2,600.81,438.48,323.81,133.71,71.58,64508.7,0.0,189.4,1
20:35:56,336.4,0,2,2,600.28,438.25,323.84,133.66,71.55,64451.47,0.0,189.41,1
20:35:56,336.4,0,2,2,599.74,438.02,323.88,133.61,71.53,64391.11,0.0,189.42,1
20:35:56,336.5,0,2,2,599.21,437.79,323.91,133.56,71.5,64328.99,0.0,189.43,1
20:35:56,336.5,0,2,2,598.69,437.56,323.94,133.51,71.47,64268.5,0.0,189.43,1
20:35:56,336.6,0,2,2,598.17,437.34,323.96,133.46,71.45,64209.39,0.0,189.44,1
20:35:57,336.7,0,2,2,597.68,437.12,323.99,133.41,71.42,64149.33,0.0,189.45,1
20:35:57,336.7,0,2,2,597.19,436.92,324.02,133.36,71.4,64092.68,0.0,189.46,1
20:35:57,336.8,0,2,2,596.7,436.71,324.05,133.32,71.37,64037.18,0.0,189.46,1
20:35:57,336.8,0,2,2,596.18,436.48,324.07,133.27,71.35,63981.26,0.0,189.47,1
20:35:57,336.9,0,2,2,595.69,436.27,324.1,133.22,71.32,63921.33,0.0,189.48,1
20:35:57,336.9,0,2,2,595.2,436.06,324.12,133.17,71.3,63865.27,0.0,189.48,1
20:35:57,337.0,0,2,2,594.67,435.84,324.15,133.12,71.27,63809.63,0.0,189.49,1
20:35:57,337.0,0,2,2,594.17,435.63,324.18,133.08,71.25,63748.49,0.0,189.5,1
20:35:57,337.1,0,2,2,593.7,435.43,324.2,133.03,71.22,63692.3,0.0,189.5,1
20:35:57,337.1,0,2,2,593.22,435.22,324.22,132.99,71.2,63637.95,0.0,189.51,1
20:35:57,337.2,0,2,2,592.7,435.0,324.25,132.94,71.17,63583.27,0.0,189.51,1
20:35:57,337.2,0,2,2,592.18,434.79,324.27,132.89,71.14,63524.16,0.0,189.52,1
20:35:57,337.3,0,2,2,591.7,434.58,324.29,132.84,71.12,63464.98,0.0,189.52,1
20:35:57,337.4,0,2,2,591.07,434.32,324.32,132.78,71.09,63410.41,0.0,189.53,1
20:35:57,337.4,0,2,2,590.53,434.09,324.35,132.73,71.06,63337.68,0.0,189.53,1
20:35:57,337.5,0,2,2,590.05,433.89,324.37,132.68,71.04,63275.94,0.0,189.54,1
20:35:57,337.6,0,2,2,589.42,433.63,324.4,132.62,71.0,63221.67,0.0,189.54,1
20:35:57,337.6,0,2,2,588.92,433.42,324.42,132.58,70.98,63149.82,0.0,189.54,1
20:35:58,337.7,0,2,2,588.45,433.22,324.44,132.53,70.95,63093.01,0.0,189.55,1
20:35:58,337.7,0,2,2,587.87,432.98,324.46,132.48,70.92,63038.86,0.0,189.55,1
20:35:58,337.8,0,2,2,587.39,432.78,324.48,132.43,70.9,62973.29,0.0,189.55,1
20:35:58,337.8,0,2,2,586.92,432.58,324.5,132.39,70.88,62917.92,0.0,189.56,1
20:35:58,337.9,0,2,2,586.45,432.39,324.52,132.34,70.85,62864.31,0.0,189.56,1
20:35:58,338.0,0,2,2,585.78,432.11,324.54,132.28,70.82,62810.89,0.0,189.56,1
20:35:58,338.0,0,2,2,585.26,431.9,324.56,132.23,70.79,62735.46,0.0,189.56,1
20:35:58,338.1,0,2,2,584.8,431.71,324.58,132.19,70.77,62676.19,0.0,189.57,1
20:35:58,338.1,0,2,2,584.24,431.48,324.6,132.13,70.74,62623.08,0.0,189.57,1
20:35:58,338.2,0,2,2,583.76,431.28,324.61,132.09,70.72,62559.77,0.0,189.57,1
20:35:58,338.2,0,2,2,583.3,431.09,324.63,132.04,70.69,62505.36,0.0,189.57,1
20:35:58,338.3,0,2,2,582.81,430.89,324.64,132.0,70.67,62452.31,0.0,189.57,1
20:35:58,338.4,0,2,2,582.31,430.68,324.66,131.95,70.64,62397.33,0.0,189.58,1
20:35:58,338.4,0,2,2,581.8,430.47,324.68,131.9,70.62,62339.36,0.0,189.58,1
20:35:58,338.5,0,2,2,581.35,430.28,324.69,131.86,70.59,62282.15,0.0,189.58,1
20:35:58,338.5,0,2,2,580.84,430.08,324.71,131.81,70.57,62230.29,0.0,189.58,1
20:35:58,338.6,0,2,2,580.28,429.85,324.72,131.76,70.54,62172.28,0.0,189.58,1
20:35:59,338.6,0,2,2,579.8,429.65,324.73,131.71,70.51,62108.58,0.0,189.58,1
20:35:59,338.7,0,2,2,579.28,429.44,324.75,131.66,70.49,62054.78,0.0,189.58,1
20:35:59,338.8,0,2,2,578.78,429.23,324.76,131.61,70.46,61995.06,0.0,189.58,1
20:35:59,338.8,0,2,2,578.32,429.04,324.77,131.57,70.44,61937.83,0.0,189.58,1
20:35:59,338.9,0,2,2,577.79,428.83,324.79,131.52,70.41,61885.66,0.0,189.58,1
20:35:59,338.9,0,2,2,577.34,428.64,324.8,131.48,70.39,61825.34,0.0,189.58,1
20:35:59,339.0,0,2,2,576.89,428.46,324.81,131.44,70.36,61774.07,0.0,189.58,1
20:35:59,339.0,0,2,2,576.37,428.25,324.82,131.39,70.34,61723.08,0.0,189.58,1
20:35:59,339.1,0,2,2,575.91,428.06,324.83,131.34,70.31,61663.69,0.0,189.58,1
20:35:59,339.1,0,2,2,575.43,427.86,324.84,131.3,70.29,61611.47,0.0,189.58,1
20:35:59,339.2,0,2,2,574.94,427.66,324.85,131.25,70.26,61557.01,0.0,189.58,1
20:35:59,339.2,0,2,2,574.48,427.48,324.86,131.21,70.24,61501.05,0.0,189.57,1
20:35:59,339.3,0,2,2,574.03,427.3,324.87,131.17,70.22,61449.44,0.0,189.57,1
20:35:59,339.4,0,2,2,573.59,427.11,324.88,131.12,70.19,61398.29,0.0,189.57,1
20:35:59,339.4,0,2,2,573.04,426.89,324.89,131.07,70.17,61347.65,0.0,189.57,1
20:35:59,339.5,0,2,2,572.54,426.69,324.9,131.02,70.14,61285.54,0.0,189.57,1
20:35:59,339.5,0,2,2,572.09,426.51,324.9,130.98,70.12,61228.14,0.0,189.57,1
20:35:59,339.6,0,2,2,571.62,426.31,324.91,130.94,70.09,61177.94,0.0,189.56,1
20:36:00,339.6,0,2,2,571.17,426.13,324.92,130.89,70.07,61123.45,0.0,189.56,1
20:36:00,339.7,0,2,2,570.73,425.95,324.93,130.85,70.05,61072.65,0.0,189.56,1
20:36:00,339.8,0,2,2,570.29,425.78,324.93,130.81,70.03,61023.17,0.0,189.56,1
20:36:00,339.8,0,2,2,569.77,425.57,324.94,130.76,70.0,60973.08,0.0,189.55,1
20:36:00,339.9,0,2,2,569.33,425.39,324.94,130.72,69.98,60914.02,0.0,189.55,1
20:36:00,339.9,0,2,2,568.89,425.21,324.95,130.68,69.95,60863.97,0.0,189.55,1
20:36:00,340.0,0,2,2,568.4,425.01,324.95,130.63,69.93,60813.71,0.0,189.54,1
20:36:00,340.0,0,2,2,567.96,424.83,324.96,130.59,69.9,60757.26,0.0,189.54,1
20:36:00,340.1,0,2,2,567.52,424.65,324.96,130.55,69.88,60707.31,0.0,189.54,1
20:36:00,340.2,0,2,2,566.95,424.42,324.97,130.49,69.85,60657.94,0.0,189.53,1
20:36:00,340.2,0,2,2,566.45,424.22,324.97,130.45,69.83,60592.14,0.0,189.53,1
20:36:00,340.3,0,2,2,566.02,424.04,324.97,130.41,69.81,60535.95,0.0,189.52,1
20:36:00,340.3,0,2,2,565.49,423.82,324.98,130.36,69.78,60486.99,0.0,189.52,1
20:36:00,340.4,0,2,2,565.03,423.64,324.98,130.31,69.75,60426.29,0.0,189.51,1
20:36:00,340.4,0,2,2,564.59,423.46,324.98,130.27,69.73,60374.17,0.0,189.51,1
20:36:00,340.5,0,2,2,564.17,423.29,324.98,130.23,69.71,60324.33,0.0,189.51,1
20:36:00,340.5,0,2,2,563.72,423.11,324.98,130.19,69.69,60276.05,0.0,189.5,1
20:36:00,340.6,0,2,2,563.24,422.91,324.99,130.14,69.66,60224.68,0.0,189.5,1
20:36:01,340.7,0,2,2,562.8,422.73,324.99,130.1,69.64,60169.9,0.0,189.49,1
20:36:01,340.7,0,2,2,562.36,422.56,324.99,130.06,69.62,60120.16,0.0,189.49,1
20:36:01,340.8,0,2,2,561.84,422.34,324.99,130.01,69.59,60070.44,0.0,189.48,1
20:36:01,340.8,0,2,2,561.42,422.17,324.99,129.97,69.57,60010.88,0.0,189.47,1
20:36:01,340.9,0,2,2,561.0,422.0,324.99,129.93,69.55,59962.76,0.0,189.47,1
20:36:01,340.9,0,2,2,560.55,421.82,324.99,129.89,69.52,59914.81,0.0,189.46,1
20:36:01,341.0,0,2,2,560.12,421.64,324.98,129.85,69.5,59863.27,0.0,189.46,1
20:36:01,341.0,0,2,2,559.68,421.46,324.98,129.8,69.48,59814.27,0.0,189.45,1
20:36:01,341.1,0,2,2,559.25,421.29,324.98,129.76,69.46,59764.54,0.0,189.44,1
20:36:01,341.1,0,2,2,558.82,421.11,324.98,129.72,69.43,59715.98,0.0,189.43,1
20:36:01,341.2,0,2,2,558.39,420.94,324.98,129.68,69.41,59666.59,0.0,189.43,1
20:36:01,341.3,0,2,2,557.97,420.77,324.97,129.64,69.39,59618.05,0.0,189.42,1
20:36:01,341.3,0,2,2,557.55,420.59,324.97,129.6,69.37,59569.17,0.0,189.41,1
20:36:01,341.4,0,2,2,556.94,420.35,324.97,129.54,69.34,59521.2,0.0,189.4,1
20:36:01,341.4,0,2,2,556.5,420.17,324.96,129.5,69.31,59452.44,0.0,189.39,1
20:36:01,341.5,0,2,2,556.08,420.0,324.96,129.46,69.29,59401.39,0.0,189.38,1
20:36:01,341.6,0,2,2,555.52,419.77,324.95,129.41,69.26,59353.84,0.0,189.37,1
20:36:01,341.6,0,2,2,555.09,419.59,324.95,129.37,69.24,59289.69,0.0,189.36,1
20:36:02,341.7,0,2,2,554.67,419.42,324.94,129.33,69.22,59240.74,0.0,189.35,1
20:36:02,341.7,0,2,2,554.23,419.24,324.94,129.29,69.19,59192.84,0.0,189.34,1
20:36:02,341.8,0,2,2,553.81,419.07,324.93,129.25,69.17,59142.51,0.0,189.33,1
20:36:02,341.8,0,2,2,553.4,418.9,324.93,129.21,69.15,59094.55,0.0,189.32,1
20:36:02,341.9,0,2,2,552.98,418.73,324.92,129.17,69.13,59048.14,0.0,189.31,1
20:36:02,341.9,0,2,2,552.54,418.55,324.92,129.12,69.11,58999.41,0.0,189.3,1
20:36:02,342.0,0,2,2,552.13,418.38,324.91,129.09,69.09,58949.41,0.0,189.29,1
20:36:02,342.1,0,2,2,551.72,418.21,324.9,129.05,69.06,58902.17,0.0,189.28,1
20:36:02,342.1,0,2,2,551.15,417.98,324.89,128.99,69.03,58855.15,0.0,189.26,1
20:36:02,342.2,0,2,2,550.66,417.78,324.88,128.95,69.01,58790.73,0.0,189.25,1
20:36:02,342.3,0,2,2,550.24,417.61,324.88,128.91,68.99,58734.89,0.0,189.24,1
20:36:02,342.3,0,2,2,549.74,417.4,324.87,128.86,68.96,58686.55,0.0,189.22,1
20:36:02,342.4,0,2,2,549.31,417.22,324.86,128.82,68.94,58629.03,0.0,189.21,1
20:36:02,342.4,0,2,2,548.89,417.05,324.85,128.78,68.92,58579.7,0.0,189.19,1
20:36:02,342.5,0,2,2,548.45,416.87,324.84,128.73,68.89,58531.88,0.0,189.18,1
20:36:02,342.5,0,2,2,548.05,416.7,324.83,128.7,68.87,58481.42,0.0,189.17,1
20:36:02,342.6,0,2,2,547.65,416.54,324.82,128.66,68.85,58435.07,0.0,189.15,1
20:36:03,342.6,0,2,2,547.23,416.37,324.81,128.62,68.83,58389.78,0.0,189.14,1
20:36:03,342.7,0,2,2,546.73,416.16,324.8,128.57,68.8,58341.25,0.0,189.12,1
20:36:03,342.8,0,2,2,546.33,416.0,324.79,128.53,68.78,58283.6,0.0,189.11,1
20:36:03,342.8,0,2,2,545.93,415.83,324.78,128.49,68.76,58238.05,0.0,189.09,1
20:36:03,342.9,0,2,2,545.44,415.63,324.77,128.45,68.74,58192.21,0.0,189.08,1
20:36:03,342.9,0,2,2,545.04,415.46,324.75,128.41,68.72,58136.42,0.0,189.06,1
20:36:03,343.0,0,2,2,544.64,415.3,324.74,128.37,68.7,58089.97,0.0,189.04,1
20:36:03,343.0,0,2,2,544.21,415.12,324.73,128.33,68.67,58044.71,0.0,189.03,1
20:36:03,343.1,0,2,2,543.81,414.95,324.72,128.29,68.65,57994.3,0.0,189.01,1
20:36:03,343.1,0,2,2,543.42,414.79,324.71,128.25,68.63,57948.98,0.0,188.99,1
20:36:03,343.2,0,2,2,543.03,414.63,324.69,128.22,68.61,57904.23,0.0,188.98,1
20:36:03,343.3,0,2,2,542.58,414.44,324.68,128.17,68.59,57859.18,0.0,188.96,1
20:36:03,343.3,0,2,2,542.19,414.28,324.67,128.14,68.57,57808.06,0.0,188.94,1
20:36:03,343.4,0,2,2,541.8,414.12,324.65,128.1,68.55,57762.54,0.0,188.92,1
20:36:03,343.4,0,2,2,541.29,413.91,324.64,128.05,68.52,57717.28,0.0,188.9,1
20:36:03,343.5,0,2,2,540.9,413.74,324.62,128.01,68.5,57659.19,0.0,188.89,1
20:36:03,343.5,0,2,2,540.51,413.58,324.61,127.97,68.48,57613.61,0.0,188.87,1
20:36:03,343.6,0,2,2,540.12,413.42,324.6,127.94,68.46,57569.51,0.0,188.85,1
20:36:04,343.6,0,2,2,539.66,413.23,324.58,127.89,68.43,57524.65,0.0,188.83,1
20:36:04,343.7,0,2,2,539.26,413.06,324.56,127.85,68.41,57470.89,0.0,188.81,1
20:36:04,343.8,0,2,2,538.88,412.9,324.55,127.82,68.39,57425.61,0.0,188.79,1
20:36:04,343.8,0,2,2,538.39,412.7,324.53,127.77,68.37,57381.05,0.0,188.77,1
20:36:04,343.9,0,2,2,538.0,412.53,324.51,127.73,68.35,57324.79,0.0,188.75,1
20:36:04,343.9,0,2,2,537.62,412.37,324.5,127.7,68.33,57279.62,0.0,188.73,1
20:36:04,344.0,0,2,2,537.2,412.2,324.48,127.66,68.31,57235.99,0.0,188.71,1
20:36:04,344.0,0,2,2,536.81,412.04,324.46,127.62,68.29,57187.53,0.0,188.69,1
20:36:04,344.1,0,2,2,536.44,411.88,324.45,127.58,68.27,57142.94,0.0,188.67,1
20:36:04,344.1,0,2,2,536.01,411.7,324.43,127.54,68.24,57099.35,0.0,188.65,1
20:36:04,344.2,0,2,2,535.63,411.54,324.41,127.5,68.22,57050.05,0.0,188.62,1
20:36:04,344.3,0,2,2,535.25,411.38,324.4,127.47,68.2,57005.89,0.0,188.6,1
20:36:04,344.3,0,2,2,534.8,411.19,324.38,127.43,68.18,56962.53,0.0,188.58,1
20:36:04,344.4,0,2,2,534.42,411.03,324.36,127.39,68.16,56910.23,0.0,188.56,1
20:36:04,344.4,0,2,2,534.01,410.86,324.34,127.35,68.14,56865.7,0.0,188.54,1
20:36:04,344.5,0,2,2,533.63,410.7,324.32,127.31,68.12,56818.96,0.0,188.51,1
20:36:04,344.5,0,2,2,533.16,410.5,324.3,127.27,68.09,56775.17,0.0,188.49,1
20:36:04,344.6,0,2,2,532.78,410.34,324.28,127.23,68.07,56720.44,0.0,188.47,1
20:36:05,344.7,0,2,2,532.41,410.18,324.26,127.19,68.06,56676.6,0.0,188.44,1
20:36:05,344.7,0,2,2,532.03,410.02,324.24,127.16,68.03,56633.82,0.0,188.42,1
20:36:05,344.8,0,2,2,531.65,409.86,324.22,127.12,68.01,56589.35,0.0,188.4,1
20:36:05,344.8,0,2,2,531.25,409.69,324.2,127.08,67.99,56545.1,0.0,188.37,1
20:36:05,344.9,0,2,2,530.88,409.53,324.18,127.05,67.97,56499.07,0.0,188.35,1
20:36:05,344.9,0,2,2,530.48,409.36,324.16,127.01,67.95,56455.94,0.0,188.32,1
20:36:05,345.0,0,2,2,530.08,409.19,324.14,126.97,67.93,56409.47,0.0,188.3,1
20:36:05,345.0,0,2,2,529.7,409.03,324.12,126.93,67.91,56362.63,0.0,188.27,1
20:36:05,345.1,0,2,2,529.32,408.87,324.1,126.9,67.89,56318.92,0.0,188.25,1
20:36:05,345.2,0,2,2,528.9,408.69,324.07,126.86,67.87,56274.95,0.0,188.22,1
20:36:05,345.2,0,2,2,528.51,408.52,324.05,126.82,67.85,56226.09,0.0,188.2,1
20:36:05,345.3,0,2,2,528.14,408.36,324.03,126.78,67.83,56179.96,0.0,188.17,1
20:36:05,345.3,0,2,2,527.76,408.2,324.01,126.74,67.81,56137.01,0.0,188.15,1
20:36:05,345.4,0,2,2,527.32,408.01,323.98,126.7,67.79,56093.23,0.0,188.12,1
20:36:05,345.4,0,2,2,526.95,407.85,323.96,126.67,67.77,56041.67,0.0,188.09,1
20:36:05,345.5,0,2,2,526.59,407.7,323.93,126.63,67.75,55999.08,0.0,188.07,1
20:36:05,345.6,0,2,2,526.13,407.5,323.91,126.59,67.72,55956.59,0.0,188.04,1
20:36:05,345.6,0,2,2,525.74,407.33,323.88,126.55,67.7,55902.57,0.0,188.01,1
20:36:06,345.7,0,2,2,525.38,407.18,323.86,126.51,67.68,55857.8,0.0,187.99,1
20:36:06,345.7,0,2,2,524.94,406.99,323.83,126.47,67.66,55815.71,0.0,187.96,1
20:36:06,345.8,0,2,2,524.57,406.83,323.81,126.43,67.64,55763.89,0.0,187.93,1
20:36:06,345.8,0,2,2,524.22,406.68,323.78,126.4,67.62,55721.24,0.0,187.9,1
20:36:06,345.9,0,2,2,523.83,406.51,323.76,126.36,67.6,55679.45,0.0,187.87,1
20:36:06,345.9,0,2,2,523.45,406.34,323.73,126.32,67.58,55633.64,0.0,187.85,1
20:36:06,346.0,0,2,2,523.09,406.19,323.71,126.29,67.56,55589.83,0.0,187.82,1
20:36:06,346.1,0,2,2,522.74,406.04,323.68,126.26,67.55,55547.6,0.0,187.79,1
20:36:06,346.1,0,2,2,522.33,405.86,323.66,126.22,67.52,55506.35,0.0,187.76,1
20:36:06,346.2,0,2,2,521.97,405.7,323.63,126.18,67.5,55458.31,0.0,187.73,1
20:36:06,346.2,0,2,2,521.61,405.55,323.61,126.15,67.49,55415.85,0.0,187.7,1
20:36:06,346.3,0,2,2,521.25,405.39,323.58,126.11,67.47,55374.58,0.0,187.67,1
20:36:06,346.3,0,2,2,520.84,405.21,323.55,126.07,67.45,55332.55,0.0,187.64,1
20:36:06,346.4,0,2,2,520.49,405.06,323.53,126.04,67.43,55284.29,0.0,187.61,1
20:36:06,346.4,0,2,2,520.11,404.89,323.5,126.0,67.41,55243.17,0.0,187.58,1
20:36:06,346.5,0,2,2,519.67,404.7,323.46,125.96,67.38,55198.4,0.0,187.55,1
20:36:06,346.6,0,2,2,519.32,404.55,323.44,125.92,67.36,55146.87,0.0,187.52,1
20:36:06,346.6,0,2,2,518.96,404.39,323.41,125.89,67.35,55104.83,0.0,187.49,1
20:36:07,346.7,0,2,2,518.58,404.23,323.38,125.85,67.33,55063.23,0.0,187.46,1
20:36:07,346.7,0,2,2,518.22,404.07,323.35,125.81,67.31,55018.84,0.0,187.43,1
20:36:07,346.8,0,2,2,517.87,403.91,323.33,125.78,67.29,54976.45,0.0,187.4,1
20:36:07,346.8,0,2,2,517.51,403.76,323.3,125.74,67.27,54934.41,0.0,187.36,1
20:36:07,346.9,0,2,2,517.12,403.59,323.27,125.71,67.25,54892.74,0.0,187.33,1
20:36:07,346.9,0,2,2,516.77,403.43,323.24,125.67,67.23,54846.28,0.0,187.3,1
20:36:07,347.0,0,2,2,516.42,403.28,323.21,125.64,67.21,54804.96,0.0,187.27,1
20:36:07,347.1,0,2,2,516.04,403.11,323.18,125.6,67.19,54764.04,0.0,187.24,1
20:36:07,347.1,0,2,2,515.69,402.95,323.15,125.56,67.17,54718.39,0.0,187.2,1
20:36:07,347.2,0,2,2,515.34,402.8,323.12,125.53,67.15,54677.08,0.0,187.17,1
20:36:07,347.2,0,2,2,514.94,402.63,323.09,125.49,67.13,54636.58,0.0,187.14,1
20:36:07,347.3,0,2,2,514.59,402.47,323.06,125.46,67.11,54589.18,0.0,187.11,1
20:36:07,347.3,0,2,2,514.24,402.32,323.03,125.42,67.1,54547.59,0.0,187.07,1
20:36:07,347.4,0,2,2,513.9,402.17,323.0,125.39,67.08,54506.28,0.0,187.04,1
20:36:07,347.4,0,2,2,513.48,401.98,322.96,125.35,67.05,54465.81,0.0,187.0,1
20:36:07,347.5,0,2,2,513.13,401.82,322.93,125.31,67.04,54416.36,0.0,186.97,1
20:36:07,347.6,0,2,2,512.78,401.67,322.9,125.28,67.02,54374.19,0.0,186.94,1
20:36:07,347.6,0,2,2,512.35,401.48,322.86,125.24,67.0,54333.02,0.0,186.9,1
20:36:08,347.7,0,2,2,512.01,401.33,322.83,125.2,66.98,54282.73,0.0,186.87,1
20:36:08,347.7,0,2,2,511.66,401.17,322.8,125.17,66.96,54241.61,0.0,186.83,1
20:36:08,347.8,0,2,2,511.24,400.98,322.76,125.12,66.94,54199.83,0.0,186.8,1
20:36:08,347.8,0,2,2,510.88,400.82,322.73,125.09,66.92,54149.98,0.0,186.76,1
20:36:08,347.9,0,2,2,510.52,400.66,322.7,125.05,66.9,54107.81,0.0,186.73,1
20:36:08,348.0,0,2,2,510.19,400.51,322.67,125.02,66.88,54065.12,0.0,186.69,1
20:36:08,348.0,0,2,2,509.69,400.29,322.62,124.97,66.85,54025.02,0.0,186.65,1
20:36:08,348.1,0,2,2,509.3,400.12,322.58,124.93,66.83,53966.55,0.0,186.62,1
20:36:08,348.2,0,2,2,508.96,399.96,322.55,124.9,66.81,53919.46,0.0,186.58,1
20:36:08,348.2,0,2,2,508.57,399.79,322.51,124.86,66.79,53879.1,0.0,186.55,1
20:36:08,348.3,0,2,2,508.24,399.64,322.48,124.83,66.78,53832.91,0.0,186.51,1
20:36:08,348.3,0,2,2,507.91,399.49,322.45,124.79,66.76,53792.85,0.0,186.47,1
20:36:08,348.4,0,2,2,507.57,399.34,322.41,124.76,66.74,53753.16,0.0,186.44,1
20:36:08,348.4,0,2,2,507.19,399.17,322.38,124.72,66.72,53713.38,0.0,186.4,1
20:36:08,348.5,0,2,2,506.8,398.99,322.34,124.68,66.7,53668.3,0.0,186.36,1
20:36:08,348.6,0,2,2,506.47,398.84,322.3,124.65,66.68,53621.65,0.0,186.32,1
20:36:08,348.6,0,2,2,506.06,398.66,322.26,124.61,66.66,53581.95,0.0,186.29,1
20:36:09,348.7,0,2,2,505.71,398.5,322.23,124.58,66.64,53532.39,0.0,186.25,1
20:36:09,348.7,0,2,2,505.39,398.35,322.19,124.54,66.62,53491.12,0.0,186.21,1
20:36:09,348.8,0,2,2,504.99,398.17,322.15,124.5,66.6,53451.88,0.0,186.17,1
20:36:09,348.8,0,2,2,504.63,398.01,322.11,124.47,66.58,53403.74,0.0,186.13,1
20:36:09,348.9,0,2,2,504.3,397.86,322.08,124.43,66.57,53360.78,0.0,186.1,1
20:36:09,349.0,0,2,2,503.97,397.71,322.04,124.4,66.55,53321.14,0.0,186.06,1
20:36:09,349.0,0,2,2,503.55,397.52,322.0,124.36,66.53,53281.62,0.0,186.02,1
20:36:09,349.1,0,2,2,503.22,397.36,321.96,124.33,66.51,53231.73,0.0,185.98,1
20:36:09,349.1,0,2,2,502.89,397.21,321.93,124.29,66.49,53191.15,0.0,185.94,1
20:36:09,349.2,0,2,2,502.51,397.04,321.88,124.26,66.47,53151.87,0.0,185.9,1
20:36:09,349.2,0,2,2,502.2,396.9,321.85,124.22,66.45,53106.77,0.0,185.86,1
20:36:09,349.3,0,2,2,501.88,396.75,321.81,124.19,66.44,53068.36,0.0,185.82,1
20:36:09,349.4,0,2,2,501.51,396.59,321.77,124.16,66.42,53030.13,0.0,185.78,1
20:36:09,349.4,0,2,2,501.17,396.43,321.73,124.12,66.4,52986.26,0.0,185.74,1
20:36:09,349.5,0,2,2,500.82,396.27,321.69,124.09,66.38,52944.48,0.0,185.7,1
20:36:09,349.5,0,2,2,500.5,396.12,321.66,124.05,66.36,52902.04,0.0,185.66,1
20:36:09,349.6,0,2,2,500.16,395.96,321.62,124.02,66.35,52863.34,0.0,185.62,1
20:36:10,349.6,0,2,2,499.84,395.82,321.58,123.99,66.33,52822.9,0.0,185.58,1
20:36:10,349.7,0,2,2,499.53,395.67,321.55,123.96,66.31,52784.52,0.0,185.54,1
20:36:10,349.7,0,2,2,499.19,395.52,321.51,123.92,66.29,52746.42,0.0,185.5,1
20:36:10,349.8,0,2,2,498.87,395.37,321.47,123.89,66.28,52705.11,0.0,185.46,1
20:36:10,349.8,0,2,2,498.55,395.22,321.43,123.86,66.26,52666.87,0.0,185.42,1
20:36:10,349.9,0,2,2,498.23,395.07,321.39,123.82,66.24,52628.31,0.0,185.38,1
20:36:10,350.0,0,2,2,497.89,394.92,321.35,123.79,66.22,52589.23,0.0,185.34,1
20:36:10,350.0,0,2,2,497.56,394.76,321.31,123.76,66.21,52548.1,0.0,185.29,1
20:36:10,350.1,0,2,2,497.25,394.62,321.27,123.73,66.19,52508.17,0.0,185.25,1
20:36:10,350.1,0,2,2,496.91,394.46,321.23,123.69,66.17,52470.43,0.0,185.21,1
20:36:10,350.2,0,2,2,496.59,394.31,321.19,123.66,66.15,52428.37,0.0,185.17,1
20:36:10,350.2,0,2,2,496.22,394.14,321.15,123.62,66.13,52389.3,0.0,185.13,1
20:36:10,350.3,0,2,2,495.85,393.97,321.1,123.58,66.11,52345.2,0.0,185.08,1
20:36:10,350.3,0,2,2,495.54,393.82,321.06,123.55,66.1,52300.23,0.0,185.04,1
20:36:10,350.4,0,2,2,495.23,393.68,321.02,123.52,66.08,52261.63,0.0,185.0,1
20:36:10,350.5,0,2,2,494.87,393.51,320.98,123.48,66.06,52224.21,0.0,184.96,1
20:36:10,350.5,0,2,2,494.55,393.36,320.94,123.45,66.04,52180.75,0.0,184.91,1
20:36:10,350.6,0,2,2,494.24,393.21,320.9,123.42,66.03,52140.8,0.0,184.87,1
20:36:11,350.6,0,2,2,493.93,393.07,320.86,123.39,66.01,52102.99,0.0,184.83,1
20:36:11,350.7,0,2,2,493.58,392.91,320.81,123.35,65.99,52065.05,0.0,184.78,1
20:36:11,350.7,0,2,2,493.27,392.76,320.77,123.32,65.98,52023.08,0.0,184.74,1
20:36:11,350.8,0,2,2,492.96,392.62,320.73,123.29,65.96,51984.8,0.0,184.7,1
20:36:11,350.8,0,2,2,492.61,392.45,320.69,123.25,65.94,51947.35,0.0,184.65,1
20:36:11,350.9,0,2,2,492.3,392.3,320.64,123.22,65.92,51904.58,0.0,184.61,1
20:36:11,351.0,0,2,2,491.99,392.16,320.6,123.19,65.91,51865.98,0.0,184.56,1
20:36:11,351.0,0,2,2,491.68,392.01,320.56,123.16,65.89,51828.17,0.0,184.52,1
20:36:11,351.1,0,2,2,491.35,391.86,320.52,123.12,65.87,51790.54,0.0,184.47,1
20:36:11,351.1,0,2,2,491.04,391.71,320.48,123.09,65.86,51749.44,0.0,184.43,1
20:36:11,351.2,0,2,2,490.74,391.57,320.43,123.06,65.84,51711.93,0.0,184.39,1
20:36:11,351.2,0,2,2,490.4,391.41,320.39,123.03,65.82,51674.76,0.0,184.34,1
20:36:11,351.3,0,2,2,490.1,391.27,320.35,123.0,65.81,51633.24,0.0,184.3,1
20:36:11,351.3,0,2,2,489.8,391.12,320.3,122.97,65.79,51595.85,0.0,184.25,1
20:36:11,351.4,0,2,2,489.49,390.97,320.26,122.93,65.77,51558.91,0.0,184.21,1
20:36:11,351.4,0,2,2,489.17,390.82,320.22,122.9,65.76,51520.1,0.0,184.16,1
20:36:11,351.5,0,2,2,488.84,390.67,320.17,122.87,65.74,51481.24,0.0,184.11,1
20:36:11,351.6,0,2,2,488.53,390.52,320.13,122.83,65.72,51440.74,0.0,184.07,1
20:36:11,351.6,0,2,2,488.17,390.35,320.08,122.8,65.7,51401.99,0.0,184.02,1
20:36:12,351.7,0,2,2,487.86,390.2,320.03,122.77,65.69,51358.24,0.0,183.98,1
20:36:12,351.7,0,2,2,487.56,390.06,319.99,122.74,65.67,51319.67,0.0,183.93,1
20:36:12,351.8,0,2,2,487.24,389.9,319.94,122.7,65.65,51282.52,0.0,183.88,1
20:36:12,351.8,0,2,2,486.94,389.76,319.9,122.67,65.64,51242.27,0.0,183.84,1
20:36:12,351.9,0,2,2,486.64,389.62,319.86,122.64,65.62,51205.58,0.0,183.79,1
20:36:12,351.9,0,2,2,486.33,389.47,319.81,122.61,65.6,51168.63,0.0,183.74,1
20:36:12,352.0,0,2,2,486.0,389.31,319.76,122.57,65.58,51130.3,0.0,183.7,1
20:36:12,352.1,0,2,2,485.65,389.14,319.71,122.54,65.57,51088.7,0.0,183.65,1
20:36:12,352.1,0,2,2,485.35,389.0,319.66,122.51,65.55,51045.63,0.0,183.6,1
20:36:12,352.2,0,2,2,485.02,388.84,319.61,122.47,65.53,51007.85,0.0,183.55,1
20:36:12,352.2,0,2,2,484.68,388.67,319.56,122.44,65.51,50966.57,0.0,183.51,1
20:36:12,352.3,0,2,2,484.37,388.53,319.52,122.41,65.5,50924.26,0.0,183.46,1
20:36:12,352.4,0,2,2,484.05,388.37,319.47,122.37,65.48,50886.41,0.0,183.41,1
20:36:12,352.4,0,2,2,483.74,388.22,319.42,122.34,65.46,50846.79,0.0,183.36,1
20:36:12,352.5,0,2,2,483.43,388.07,319.37,122.31,65.45,50807.93,0.0,183.32,1
20:36:12,352.5,0,2,2,483.13,387.93,319.33,122.28,65.43,50769.15,0.0,183.27,1
20:36:12,352.6,0,2,2,482.78,387.75,319.27,122.24,65.41,50732.03,0.0,183.22,1
20:36:13,352.6,0,2,2,482.47,387.61,319.23,122.21,65.39,50687.33,0.0,183.17,1
20:36:13,352.7,0,2,2,482.18,387.47,319.18,122.18,65.38,50649.56,0.0,183.12,1
20:36:13,352.7,0,2,2,481.87,387.32,319.13,122.15,65.36,50613.12,0.0,183.07,1
20:36:13,352.8,0,2,2,481.57,387.17,319.08,122.11,65.35,50574.3,0.0,183.02,1
20:36:13,352.9,0,2,2,481.27,387.02,319.04,122.08,65.33,50536.31,0.0,182.97,1
20:36:13,352.9,0,2,2,480.99,386.88,318.99,122.05,65.31,50499.36,0.0,182.93,1
20:36:13,353.0,0,2,2,480.69,386.74,318.94,122.02,65.3,50463.31,0.0,182.88,1
20:36:13,353.0,0,2,2,480.4,386.6,318.9,121.99,65.28,50425.81,0.0,182.83,1
20:36:13,353.1,0,2,2,480.11,386.46,318.85,121.96,65.27,50389.6,0.0,182.78,1
20:36:13,353.1,0,2,2,479.8,386.3,318.8,121.93,65.25,50353.72,0.0,182.73,1
20:36:13,353.2,0,2,2,479.51,386.16,318.75,121.9,65.23,50313.81,0.0,182.68,1
20:36:13,353.2,0,2,2,479.22,386.02,318.71,121.87,65.22,50277.4,0.0,182.63,1
20:36:13,353.3,0,2,2,478.9,385.86,318.65,121.83,65.2,50241.55,0.0,182.58,1
20:36:13,353.3,0,2,2,478.6,385.72,318.6,121.8,65.18,50200.52,0.0,182.53,1
20:36:13,353.4,0,2,2,478.32,385.58,318.56,121.77,65.17,50163.26,0.0,182.48,1
20:36:13,353.5,0,2,2,478.03,385.44,318.51,121.74,65.15,50127.61,0.0,182.43,1
20:36:13,353.5,0,2,2,477.71,385.28,318.45,121.71,65.14,50091.07,0.0,182.38,1
20:36:13,353.6,0,2,2,477.43,385.14,318.41,121.68,65.12,50051.12,0.0,182.33,1
20:36:14,353.6,0,2,2,477.15,385.0,318.36,121.65,65.11,50015.62,0.0,182.28,1
20:36:14,353.7,0,2,2,476.83,384.85,318.31,121.62,65.09,49980.06,0.0,182.23,1
20:36:14,353.7,0,2,2,476.55,384.71,318.26,121.59,65.07,49939.92,0.0,182.18,1
20:36:14,353.8,0,2,2,476.27,384.57,318.21,121.56,65.06,49903.92,0.0,182.12,1
20:36:14,353.8,0,2,2,475.95,384.41,318.16,121.52,65.04,49868.99,0.0,182.07,1
20:36:14,353.9,0,2,2,475.67,384.27,318.11,121.49,65.03,49828.23,0.0,182.02,1
20:36:14,354.0,0,2,2,475.35,384.11,318.05,121.46,65.01,49792.1,0.0,181.97,1
20:36:14,354.0,0,2,2,475.07,383.97,318.0,121.43,64.99,49751.89,0.0,181.92,1
20:36:14,354.1,0,2,2,474.74,383.81,317.94,121.39,64.97,49716.11,0.0,181.87,1
20:36:14,354.1,0,2,2,474.44,383.66,317.89,121.36,64.96,49673.66,0.0,181.81,1
20:36:14,354.2,0,2,2,474.16,383.52,317.84,121.33,64.94,49636.38,0.0,181.76,1
20:36:14,354.2,0,2,2,473.87,383.37,317.79,121.3,64.93,49600.5,0.0,181.71,1
20:36:14,354.3,0,2,2,473.58,383.23,317.74,121.27,64.91,49562.53,0.0,181.66,1
20:36:14,354.4,0,2,2,473.27,383.08,317.69,121.24,64.89,49525.75,0.0,181.61,1
20:36:14,354.4,0,2,2,472.99,382.93,317.63,121.21,64.88,49486.76,0.0,181.55,1
20:36:14,354.5,0,2,2,472.68,382.78,317.58,121.18,64.86,49450.75,0.0,181.5,1
20:36:14,354.5,0,2,2,472.4,382.64,317.53,121.15,64.85,49410.68,0.0,181.45,1
20:36:14,354.6,0,2,2,472.13,382.5,317.48,121.12,64.83,49375.4,0.0,181.4,1
20:36:15,354.6,0,2,2,471.78,382.33,317.41,121.08,64.81,49340.52,0.0,181.34,1
20:36:15,354.7,0,2,2,471.5,382.19,317.36,121.05,64.8,49295.29,0.0,181.29,1
20:36:15,354.8,0,2,2,471.22,382.05,317.31,121.02,64.78,49260.31,0.0,181.24,1
20:36:15,354.8,0,2,2,470.87,381.87,317.25,120.98,64.76,49224.69,0.0,181.18,1
20:36:15,354.9,0,2,2,470.59,381.73,317.2,120.95,64.75,49178.84,0.0,181.13,1
20:36:15,354.9,0,2,2,470.31,381.59,317.14,120.92,64.73,49142.98,0.0,181.07,1
20:36:15,355.0,0,2,2,470.04,381.45,317.09,120.89,64.72,49107.24,0.0,181.02,1
20:36:15,355.0,0,2,2,469.69,381.28,317.03,120.86,64.7,49072.01,0.0,180.97,1
20:36:15,355.1,0,2,2,469.42,381.14,316.98,120.83,64.69,49027.33,0.0,180.91,1
20:36:15,355.2,0,2,2,469.15,381.0,316.93,120.8,64.67,48992.42,0.0,180.86,1
20:36:15,355.2,0,2,2,468.83,380.84,316.87,120.76,64.65,48957.48,0.0,180.8,1
20:36:15,355.3,0,2,2,468.57,380.71,316.81,120.74,64.64,48916.86,0.0,180.75,1
20:36:15,355.3,0,2,2,468.29,380.57,316.76,120.71,64.62,48882.4,0.0,180.7,1
20:36:15,355.4,0,2,2,468.0,380.42,316.71,120.67,64.61,48847.12,0.0,180.64,1
20:36:15,355.4,0,2,2,467.73,380.28,316.65,120.65,64.59,48809.18,0.0,180.59,1
20:36:15,355.5,0,2,2,467.46,380.15,316.6,120.62,64.58,48774.18,0.0,180.53,1
20:36:15,355.6,0,2,2,467.11,379.97,316.53,120.58,64.56,48739.76,0.0,180.48,1
20:36:15,355.6,0,2,2,466.81,379.81,316.48,120.55,64.54,48693.82,0.0,180.42,1
20:36:16,355.7,0,2,2,466.54,379.68,316.42,120.52,64.53,48655.35,0.0,180.37,1
20:36:16,355.7,0,2,2,466.22,379.51,316.36,120.48,64.51,48619.82,0.0,180.31,1
20:36:16,355.8,0,2,2,465.95,379.37,316.3,120.45,64.5,48578.0,0.0,180.25,1
20:36:16,355.8,0,2,2,465.68,379.23,316.25,120.42,64.48,48542.49,0.0,180.2,1
20:36:16,355.9,0,2,2,465.39,379.09,316.19,120.39,64.46,48507.65,0.0,180.14,1
20:36:16,355.9,0,2,2,465.11,378.94,316.14,120.36,64.45,48470.31,0.0,180.09,1
20:36:16,356.0,0,2,2,464.84,378.8,316.08,120.33,64.43,48433.19,0.0,180.03,1
20:36:16,356.1,0,2,2,464.57,378.66,316.03,120.3,64.42,48398.37,0.0,179.98,1
20:36:16,356.1,0,2,2,464.23,378.49,315.96,120.27,64.4,48363.0,0.0,179.92,1
20:36:16,356.2,0,2,2,463.97,378.35,315.91,120.24,64.39,48318.95,0.0,179.86,1
20:36:16,356.2,0,2,2,463.71,378.22,315.86,120.21,64.37,48284.25,0.0,179.81,1
20:36:16,356.3,0,2,2,463.43,378.08,315.8,120.18,64.36,48250.53,0.0,179.75,1
20:36:16,356.3,0,2,2,463.16,377.94,315.74,120.15,64.34,48214.09,0.0,179.7,1
20:36:16,356.4,0,2,2,462.9,377.8,315.69,120.12,64.33,48179.04,0.0,179.64,1
20:36:16,356.5,0,2,2,462.64,377.67,315.64,120.09,64.31,48144.42,0.0,179.58,1
20:36:16,356.5,0,2,2,462.32,377.5,315.57,120.06,64.3,48110.17,0.0,179.53,1
20:36:16,356.6,0,2,2,462.05,377.37,315.51,120.03,64.28,48068.33,0.0,179.47,1
20:36:17,356.6,0,2,2,461.79,377.23,315.46,120.0,64.27,48033.14,0.0,179.41,1
20:36:17,356.7,0,2,2,461.47,377.07,315.39,119.96,64.25,47999.01,0.0,179.36,1
20:36:17,356.7,0,2,2,461.19,376.92,315.33,119.93,64.23,47957.29,0.0,179.3,1
20:36:17,356.8,0,2,2,460.9,376.77,315.27,119.9,64.22,47919.19,0.0,179.24,1
20:36:17,356.9,0,2,2,460.64,376.63,315.22,119.87,64.2,47881.11,0.0,179.18,1
20:36:17,356.9,0,2,2,460.38,376.5,315.16,119.84,64.19,47847.47,0.0,179.13,1
20:36:17,357.0,0,2,2,460.12,376.36,315.11,119.82,64.18,47813.16,0.0,179.07,1
20:36:17,357.0,0,2,2,459.8,376.2,315.04,119.78,64.16,47778.76,0.0,179.01,1
20:36:17,357.1,0,2,2,459.54,376.06,314.98,119.75,64.14,47736.58,0.0,178.95,1
20:36:17,357.1,0,2,2,459.29,375.93,314.93,119.72,64.13,47701.95,0.0,178.9,1
20:36:17,357.2,0,2,2,458.99,375.77,314.86,119.69,64.11,47668.19,0.0,178.84,1
20:36:17,357.2,0,2,2,458.71,375.63,314.8,119.66,64.1,47628.58,0.0,178.78,1
20:36:17,357.3,0,2,2,458.46,375.5,314.75,119.63,64.08,47592.16,0.0,178.72,1
20:36:17,357.4,0,2,2,458.21,375.36,314.69,119.6,64.07,47559.1,0.0,178.66,1
20:36:17,357.4,0,2,2,457.92,375.21,314.63,119.57,64.05,47525.48,0.0,178.6,1
20:36:17,357.5,0,2,2,457.65,375.07,314.57,119.54,64.04,47487.36,0.0,178.55,1
20:36:17,357.5,0,2,2,457.35,374.91,314.5,119.51,64.02,47451.54,0.0,178.49,1
20:36:17,357.6,0,2,2,457.09,374.77,314.45,119.48,64.01,47411.54,0.0,178.43,1
20:36:18,357.6,0,2,2,456.81,374.63,314.38,119.45,63.99,47376.45,0.0,178.37,1
20:36:18,357.7,0,2,2,456.57,374.5,314.33,119.42,63.98,47339.38,0.0,178.31,1
20:36:18,357.8,0,2,2,456.3,374.36,314.27,119.39,63.96,47306.35,0.0,178.25,1
20:36:18,357.8,0,2,2,456.03,374.21,314.21,119.36,63.95,47270.97,0.0,178.19,1
20:36:18,357.9,0,2,2,455.78,374.08,314.15,119.33,63.94,47234.73,0.0,178.13,1
20:36:18,357.9,0,2,2,455.52,373.94,314.09,119.31,63.92,47201.68,0.0,178.08,1
20:36:18,358.0,0,2,2,455.24,373.79,314.03,119.27,63.91,47166.42,0.0,178.02,1
20:36:18,358.0,0,2,2,454.97,373.65,313.97,119.24,63.89,47128.61,0.0,177.96,1
20:36:18,358.1,0,2,2,454.72,373.52,313.91,119.22,63.88,47093.02,0.0,177.9,1
20:36:18,358.2,0,2,2,454.42,373.36,313.84,119.18,63.86,47059.41,0.0,177.84,1
20:36:18,358.2,0,2,2,454.17,373.22,313.79,119.15,63.85,47019.02,0.0,177.78,1
20:36:18,358.3,0,2,2,453.92,373.09,313.73,119.13,63.83,46984.84,0.0,177.72,1
20:36:18,358.3,0,2,2,453.63,372.94,313.66,119.09,63.82,46951.63,0.0,177.66,1
20:36:18,358.4,0,2,2,453.38,372.81,313.6,119.07,63.8,46913.04,0.0,177.6,1
20:36:18,358.4,0,2,2,453.14,372.68,313.55,119.04,63.79,46879.41,0.0,177.54,1
20:36:18,358.5,0,2,2,452.89,372.54,313.49,119.01,63.78,46846.01,0.0,177.48,1
20:36:18,358.5,0,2,2,452.62,372.4,313.43,118.98,63.76,46812.93,0.0,177.42,1
20:36:18,358.6,0,2,2,452.38,372.27,313.37,118.95,63.75,46776.41,0.0,177.36,1
20:36:19,358.6,0,2,2,452.14,372.14,313.31,118.93,63.73,46743.66,0.0,177.3,1
20:36:19,358.7,0,2,2,451.87,372.0,313.25,118.9,63.72,46711.14,0.0,177.24,1
20:36:19,358.8,0,2,2,451.61,371.86,313.19,118.87,63.71,46674.53,0.0,177.18,1
20:36:19,358.8,0,2,2,451.37,371.73,313.13,118.84,63.69,46639.51,0.0,177.12,1
20:36:19,358.9,0,2,2,451.11,371.59,313.07,118.81,63.68,46606.66,0.0,177.06,1
20:36:19,358.9,0,2,2,450.85,371.45,313.01,118.78,63.66,46571.35,0.0,177.0,1
20:36:19,359.0,0,2,2,450.61,371.32,312.95,118.75,63.65,46536.24,0.0,176.94,1
20:36:19,359.0,0,2,2,450.35,371.18,312.89,118.72,63.64,46503.78,0.0,176.88,1
20:36:19,359.1,0,2,2,450.1,371.05,312.83,118.7,63.62,46468.98,0.0,176.81,1
20:36:19,359.1,0,2,2,449.84,370.91,312.76,118.67,63.61,46434.29,0.0,176.75,1
20:36:19,359.2,0,2,2,449.6,370.78,312.7,118.64,63.59,46398.9,0.0,176.69,1
20:36:19,359.2,0,2,2,449.35,370.64,312.64,118.61,63.58,46366.39,0.0,176.63,1
20:36:19,359.3,0,2,2,449.07,370.49,312.58,118.58,63.56,46332.22,0.0,176.57,1
20:36:19,359.4,0,2,2,448.83,370.36,312.52,118.55,63.55,46294.3,0.0,176.51,1
20:36:19,359.4,0,2,2,448.58,370.22,312.45,118.52,63.54,46261.43,0.0,176.45,1
20:36:19,359.5,0,2,2,448.33,370.09,312.39,118.49,63.52,46227.03,0.0,176.39,1
20:36:19,359.5,0,2,2,448.07,369.95,312.33,118.46,63.51,46193.61,0.0,176.32,1
20:36:19,359.6,0,2,2,447.84,369.82,312.27,118.44,63.5,46157.51,0.0,176.26,1
20:36:20,359.6,0,2,2,447.57,369.68,312.21,118.41,63.48,46125.26,0.0,176.2,1
20:36:20,359.7,0,2,2,447.31,369.54,312.14,118.38,63.47,46089.06,0.0,176.14,1
20:36:20,359.7,0,2,2,447.05,369.4,312.08,118.35,63.45,46053.24,0.0,176.08,1
20:36:20,359.8,0,2,2,446.81,369.26,312.02,118.32,63.44,46018.12,0.0,176.01,1
20:36:20,359.9,0,2,2,446.57,369.13,311.95,118.29,63.42,45984.75,0.0,175.95,1
20:36:20,359.9,0,2,2,446.3,368.99,311.89,118.26,63.41,45950.81,0.0,175.89,1
20:36:20,360.0,0,2,2,446.07,368.86,311.83,118.24,63.4,45914.66,0.0,175.83,1
20:36:20,360.0,0,2,2,445.8,368.71,311.76,118.2,63.38,45882.4,0.0,175.76,1
20:36:20,360.1,0,2,2,445.56,368.58,311.7,118.18,63.37,45845.47,0.0,175.7,1
20:36:20,360.1,0,2,2,445.33,368.45,311.64,118.15,63.36,45812.56,0.0,175.64,1
20:36:20,360.2,0,2,2,445.1,368.33,311.58,118.12,63.34,45780.61,0.0,175.58,1
20:36:20,360.2,0,2,2,444.83,368.18,311.51,118.09,63.33,45748.41,0.0,175.51,1
20:36:20,360.3,0,2,2,444.59,368.05,311.45,118.07,63.31,45711.91,0.0,175.45,1
20:36:20,360.4,0,2,2,444.36,367.92,311.39,118.04,63.3,45678.41,0.0,175.39,1
20:36:20,360.4,0,2,2,444.06,367.76,311.31,118.0,63.28,45646.34,0.0,175.33,1
20:36:20,360.5,0,2,2,443.81,367.62,311.25,117.98,63.27,45605.09,0.0,175.26,1
20:36:20,360.5,0,2,2,443.58,367.49,311.19,117.95,63.26,45570.44,0.0,175.2,1
20:36:20,360.6,0,2,2,443.35,367.36,311.13,117.92,63.24,45537.5,0.0,175.14,1
20:36:21,360.7,0,2,2,443.05,367.2,311.05,117.89,63.23,45505.48,0.0,175.07,1
20:36:21,360.7,0,2,2,442.8,367.06,310.99,117.86,63.21,45464.71,0.0,175.01,1
20:36:21,360.8,0,2,2,442.57,366.93,310.92,117.83,63.2,45429.84,0.0,174.95,1
20:36:21,360.8,0,2,2,442.29,366.78,310.85,117.8,63.19,45397.0,0.0,174.88,1
20:36:21,360.9,0,2,2,442.03,366.63,310.78,117.77,63.17,45358.28,0.0,174.82,1
20:36:21,360.9,0,2,2,441.79,366.5,310.72,117.74,63.16,45321.24,0.0,174.75,1
20:36:21,361.0,0,2,2,441.5,366.34,310.64,117.71,63.14,45287.73,0.0,174.69,1
20:36:21,361.1,0,2,2,441.27,366.21,310.58,117.68,63.13,45248.33,0.0,174.63,1
20:36:21,361.1,0,2,2,441.03,366.08,310.51,117.65,63.11,45215.27,0.0,174.56,1
20:36:21,361.2,0,2,2,440.76,365.93,310.44,117.62,63.1,45181.99,0.0,174.5,1
20:36:21,361.2,0,2,2,440.52,365.79,310.38,117.59,63.09,45143.63,0.0,174.43,1
20:36:21,361.3,0,2,2,440.28,365.66,310.31,117.56,63.07,45110.08,0.0,174.37,1
20:36:21,361.3,0,2,2,440.06,365.54,310.25,117.54,63.06,45077.24,0.0,174.31,1
20:36:21,361.4,0,2,2,439.76,365.37,310.17,117.5,63.04,45045.29,0.0,174.24,1
20:36:21,361.5,0,2,2,439.52,365.24,310.11,117.48,63.03,45003.51,0.0,174.18,1
20:36:21,361.5,0,2,2,439.29,365.11,310.04,117.45,63.02,44970.11,0.0,174.11,1
20:36:21,361.6,0,2,2,439.03,364.96,309.97,117.42,63.0,44937.78,0.0,174.05,1
20:36:22,361.6,0,2,2,438.79,364.83,309.91,117.39,62.99,44900.69,0.0,173.98,1
20:36:22,361.7,0,2,2,438.56,364.7,309.84,117.36,62.98,44866.36,0.0,173.92,1
20:36:22,361.8,0,2,2,438.31,364.56,309.77,117.33,62.96,44834.39,0.0,173.85,1
20:36:22,361.8,0,2,2,438.04,364.41,309.7,117.3,62.95,44798.94,0.0,173.79,1
20:36:22,361.9,0,2,2,437.79,364.27,309.63,117.27,62.93,44760.19,0.0,173.72,1
20:36:22,361.9,0,2,2,437.56,364.14,309.57,117.24,62.92,44724.76,0.0,173.66,1
20:36:22,362.0,0,2,2,437.3,363.99,309.49,117.21,62.9,44692.61,0.0,173.59,1
20:36:22,362.0,0,2,2,437.07,363.86,309.43,117.19,62.89,44655.9,0.0,173.53,1
20:36:22,362.1,0,2,2,436.85,363.74,309.37,117.16,62.88,44623.62,0.0,173.46,1
20:36:22,362.2,0,2,2,436.54,363.57,309.28,117.12,62.86,44592.16,0.0,173.4,1
20:36:22,362.2,0,2,2,436.32,363.44,309.22,117.1,62.85,44548.15,0.0,173.33,1
20:36:22,362.3,0,2,2,436.09,363.31,309.15,117.07,62.84,44515.77,0.0,173.27,1
20:36:22,362.3,0,2,2,435.83,363.16,309.08,117.04,62.82,44484.23,0.0,173.2,1
20:36:22,362.4,0,2,2,435.61,363.03,309.02,117.01,62.81,44446.25,0.0,173.13,1
20:36:22,362.4,0,2,2,435.39,362.91,308.95,116.99,62.8,44414.33,0.0,173.07,1
20:36:22,362.5,0,2,2,435.14,362.77,308.88,116.96,62.78,44383.21,0.0,173.0,1
20:36:22,362.5,0,2,2,434.91,362.64,308.82,116.93,62.77,44347.33,0.0,172.94,1
20:36:22,362.6,0,2,2,434.69,362.52,308.75,116.9,62.76,44315.21,0.0,172.87,1
20:36:23,362.7,0,2,2,434.48,362.39,308.69,116.88,62.74,44284.0,0.0,172.81,1
20:36:23,362.7,0,2,2,434.21,362.24,308.62,116.85,62.73,44252.75,0.0,172.74,1
20:36:23,362.8,0,2,2,433.95,362.09,308.54,116.81,62.71,44215.2,0.0,172.67,1
20:36:23,362.8,0,2,2,433.73,361.97,308.48,116.79,62.7,44177.0,0.0,172.61,1
20:36:23,362.9,0,2,2,433.49,361.83,308.41,116.76,62.69,44145.64,0.0,172.54,1
20:36:23,362.9,0,2,2,433.27,361.7,308.34,116.73,62.68,44111.07,0.0,172.48,1
20:36:23,363.0,0,2,2,433.05,361.58,308.28,116.71,62.66,44079.03,0.0,172.41,1
20:36:23,363.0,0,2,2,432.81,361.44,308.21,116.68,62.65,44047.92,0.0,172.34,1
20:36:23,363.1,0,2,2,432.58,361.31,308.14,116.65,62.64,44013.22,0.0,172.28,1
20:36:23,363.2,0,2,2,432.34,361.18,308.07,116.62,62.62,43980.54,0.0,172.21,1
20:36:23,363.2,0,2,2,432.12,361.05,308.01,116.6,62.61,43945.81,0.0,172.14,1
20:36:23,363.3,0,2,2,431.89,360.92,307.94,116.57,62.6,43914.16,0.0,172.08,1
20:36:23,363.3,0,2,2,431.67,360.79,307.87,116.54,62.59,43880.42,0.0,172.01,1
20:36:23,363.4,0,2,2,431.45,360.67,307.81,116.51,62.57,43848.64,0.0,171.94,1
20:36:23,363.4,0,2,2,431.2,360.52,307.73,116.48,62.56,43817.0,0.0,171.88,1
20:36:23,363.5,0,2,2,430.96,360.38,307.66,116.45,62.54,43779.83,0.0,171.81,1
20:36:23,363.6,0,2,2,430.74,360.25,307.59,116.43,62.53,43745.21,0.0,171.74,1
20:36:23,363.6,0,2,2,430.51,360.12,307.52,116.4,62.52,43713.31,0.0,171.68,1
20:36:24,363.7,0,2,2,430.28,359.99,307.46,116.37,62.51,43679.36,0.0,171.61,1
20:36:24,363.7,0,2,2,430.07,359.87,307.39,116.35,62.49,43646.58,0.0,171.54,1
20:36:24,363.8,0,2,2,429.85,359.74,307.33,116.32,62.48,43615.56,0.0,171.48,1
20:36:24,363.8,0,2,2,429.6,359.59,307.25,116.29,62.47,43584.62,0.0,171.41,1
20:36:24,363.9,0,2,2,429.38,359.47,307.18,116.26,62.45,43546.92,0.0,171.34,1
20:36:24,363.9,0,2,2,429.14,359.33,307.11,116.23,62.44,43514.63,0.0,171.27,1
20:36:24,364.0,0,2,2,428.9,359.19,307.04,116.2,62.43,43480.74,0.0,171.21,1
20:36:24,364.1,0,2,2,428.69,359.07,306.97,116.18,62.42,43445.5,0.0,171.14,1
20:36:24,364.1,0,2,2,428.48,358.95,306.91,116.15,62.4,43413.99,0.0,171.07,1
20:36:24,364.2,0,2,2,428.27,358.82,306.84,116.13,62.39,43383.44,0.0,171.0,1
20:36:24,364.2,0,2,2,428.04,358.69,306.77,116.1,62.38,43352.44,0.0,170.94,1
20:36:24,364.3,0,2,2,427.83,358.57,306.71,116.07,62.37,43318.44,0.0,170.87,1
20:36:24,364.3,0,2,2,427.61,358.44,306.64,116.05,62.35,43287.76,0.0,170.8,1
20:36:24,364.4,0,2,2,427.39,358.31,306.57,116.02,62.34,43255.99,0.0,170.74,1
20:36:24,364.4,0,2,2,427.17,358.18,306.5,115.99,62.33,43223.86,0.0,170.67,1
20:36:24,364.5,0,2,2,426.96,358.06,306.44,115.97,62.32,43190.88,0.0,170.6,1
20:36:24,364.5,0,2,2,426.71,357.92,306.36,115.94,62.3,43160.13,0.0,170.53,1
20:36:24,364.6,0,2,2,426.5,357.8,306.3,115.91,62.29,43124.13,0.0,170.46,1
20:36:25,364.7,0,2,2,426.29,357.67,306.23,115.89,62.28,43092.78,0.0,170.4,1
20:36:25,364.7,0,2,2,426.04,357.53,306.15,115.85,62.26,43062.03,0.0,170.33,1
20:36:25,364.8,0,2,2,425.8,357.39,306.08,115.82,62.25,43025.18,0.0,170.26,1
20:36:25,364.8,0,2,2,425.57,357.25,306.0,115.8,62.24,42989.56,0.0,170.19,1
20:36:25,364.9,0,2,2,425.34,357.12,305.93,115.77,62.22,42954.54,0.0,170.12,1
20:36:25,364.9,0,2,2,425.13,356.99,305.86,115.74,62.21,42921.05,0.0,170.05,1
20:36:25,365.0,0,2,2,424.92,356.87,305.8,115.72,62.2,42890.01,0.0,169.99,0
20:36:25,365.1,0,2,2,424.69,356.73,305.72,115.69,62.19,43593.91,0.0,169.92,0
20:36:25,365.1,0,2,2,424.48,356.61,305.66,115.66,62.17,44233.8,0.0,169.85,0
20:36:25,365.2,0,2,2,424.27,356.49,305.59,115.64,62.16,44861.33,0.0,169.78,0
20:36:25,365.2,0,2,2,424.06,356.36,305.52,115.61,62.15,45504.34,0.0,169.71,0
20:36:25,365.3,0,2,2,423.82,356.22,305.45,115.58,62.14,46246.34,0.0,169.64,0
20:36:25,365.3,0,2,2,423.61,356.1,305.38,115.55,62.12,46894.93,0.0,169.57,0
20:36:25,365.4,0,2,2,423.4,355.97,305.31,115.53,62.11,47528.96,0.0,169.51,0
20:36:25,365.4,0,2,2,423.19,355.85,305.24,115.5,62.1,48179.29,0.0,169.44,0
20:36:25,365.5,0,2,2,422.97,355.72,305.17,115.47,62.09,48843.72,0.0,169.37,0
20:36:25,365.5,0,2,2,422.76,355.6,305.1,115.45,62.07,49487.59,0.0,169.3,0
20:36:25,365.6,0,2,2,422.56,355.48,305.04,115.42,62.06,50119.07,0.0,169.23,0
20:36:26,365.7,0,2,2,422.34,355.34,304.96,115.39,62.05,50809.06,0.0,169.16,0
20:36:26,365.7,0,2,2,422.13,355.22,304.9,115.37,62.04,51459.43,0.0,169.09,0
20:36:26,365.8,0,2,2,421.92,355.1,304.83,115.34,62.03,52094.92,0.0,169.02,0
20:36:26,365.8,0,2,2,421.7,354.96,304.76,115.31,62.01,52789.37,0.0,168.96,0
20:36:26,365.9,0,2,2,421.48,354.83,304.68,115.29,62.0,53472.5,0.0,168.89,0
20:36:26,365.9,0,2,2,421.27,354.71,304.62,115.26,61.99,54112.94,0.0,168.82,0
20:36:26,366.0,0,2,2,421.06,354.59,304.55,115.23,61.98,54748.29,0.0,168.75,0
20:36:26,366.0,0,2,2,420.84,354.46,304.48,115.21,61.96,55432.18,0.0,168.68,0
20:36:26,366.1,0,2,2,420.64,354.33,304.41,115.18,61.95,56071.93,0.0,168.61,0
20:36:26,366.1,0,2,2,420.43,354.21,304.34,115.15,61.94,56733.76,0.0,168.54,0
20:36:26,366.2,0,2,2,420.22,354.08,304.27,115.13,61.93,57378.72,0.0,168.47,0
20:36:26,366.3,0,2,2,419.98,353.94,304.19,115.1,61.91,58124.25,0.0,168.4,0
20:36:26,366.3,0,2,2,419.77,353.81,304.12,115.07,61.9,58793.68,0.0,168.33,0
20:36:26,366.4,0,2,2,419.57,353.69,304.05,115.05,61.89,59426.21,0.0,168.26,0
20:36:26,366.4,0,2,2,419.35,353.56,303.98,115.02,61.88,60123.05,0.0,168.19,0
20:36:26,366.5,0,2,2,419.09,353.41,303.89,114.99,61.86,60942.0,0.0,168.12,0
20:36:26,366.6,0,2,2,418.88,353.28,303.82,114.96,61.85,61589.2,0.0,168.05,0
20:36:27,366.6,0,2,2,418.64,353.14,303.74,114.93,61.84,62338.01,0.0,167.98,0
20:36:27,366.7,0,2,2,418.39,352.99,303.65,114.9,61.82,63133.76,0.0,167.91,0
20:36:27,366.7,0,2,2,418.19,352.87,303.59,114.87,61.81,63764.66,0.0,167.84,0
20:36:27,366.8,0,2,2,417.98,352.74,303.51,114.84,61.8,64444.59,0.0,167.77,0
20:36:27,366.8,0,2,2,417.78,352.62,303.44,114.82,61.79,65079.5,0.0,167.7,0
20:36:27,366.9,0,2,2,417.58,352.5,303.38,114.79,61.77,65699.09,0.0,167.63,0
20:36:27,367.0,0,2,2,417.38,352.38,303.31,114.77,61.76,66324.82,0.0,167.56,0
20:36:27,367.0,0,2,2,417.15,352.24,303.23,114.74,61.75,67071.13,0.0,167.49,0
20:36:27,367.1,0,2,2,416.88,352.08,303.14,114.71,61.73,67916.28,0.0,167.42,0
20:36:27,367.1,0,2,2,416.68,351.96,303.07,114.68,61.72,68575.74,0.0,167.35,0
20:36:27,367.2,0,2,2,416.47,351.83,302.99,114.65,61.71,69255.02,0.0,167.28,0
20:36:27,367.3,0,2,2,416.25,351.7,302.92,114.62,61.7,69303.67,0.0,167.21,0
20:36:27,367.3,0,2,2,416.05,351.58,302.85,114.6,61.68,69247.75,0.0,167.14,0
20:36:27,367.4,0,2,2,415.84,351.45,302.78,114.57,61.67,69197.85,0.0,167.07,0
20:36:27,367.4,0,2,2,415.62,351.32,302.7,114.54,61.66,69143.68,0.0,167.0,0
20:36:27,367.5,0,2,2,415.41,351.19,302.63,114.52,61.65,69087.25,0.0,166.93,0
20:36:27,367.5,0,2,2,415.2,351.06,302.55,114.49,61.63,69032.37,0.0,166.86,0
20:36:27,367.6,0,2,2,414.99,350.93,302.48,114.46,61.62,68978.07,0.0,166.78,0
20:36:28,367.6,0,2,2,414.79,350.81,302.41,114.44,61.61,68924.08,0.0,166.71,0
20:36:28,367.7,0,2,2,414.59,350.69,302.34,114.41,61.6,68872.64,0.0,166.64,0
20:36:28,367.8,0,2,2,414.4,350.57,302.27,114.39,61.59,68822.83,0.0,166.57,0
20:36:28,367.8,0,2,2,414.18,350.44,302.2,114.36,61.58,68772.66,0.0,166.5,0
20:36:28,367.9,0,2,2,413.95,350.3,302.12,114.33,61.56,68715.17,0.0,166.43,0
20:36:28,367.9,0,2,2,413.76,350.18,302.05,114.3,61.55,68657.64,0.0,166.36,0
20:36:28,368.0,0,2,2,413.52,350.04,301.96,114.27,61.54,68606.77,0.0,166.29,0
20:36:28,368.0,0,2,2,413.3,349.9,301.89,114.24,61.52,68545.88,0.0,166.22,0
20:36:28,368.1,0,2,2,413.11,349.78,301.82,114.22,61.51,68489.48,0.0,166.15,0
20:36:28,368.2,0,2,2,412.87,349.64,301.73,114.19,61.5,68438.41,0.0,166.07,0
20:36:28,368.2,0,2,2,412.67,349.51,301.66,114.16,61.49,68376.72,0.0,166.0,0
20:36:28,368.3,0,2,2,412.46,349.39,301.59,114.14,61.47,68324.45,0.0,165.93,0
20:36:28,368.3,0,2,2,412.25,349.26,301.51,114.11,61.46,68271.85,0.0,165.86,0
20:36:28,368.4,0,2,2,412.02,349.12,301.43,114.08,61.45,68216.33,0.0,165.79,0
20:36:28,368.4,0,2,2,411.83,349.0,301.36,114.05,61.44,68155.88,0.0,165.72,0
20:36:28,368.5,0,2,2,411.63,348.88,301.29,114.03,61.43,68105.63,0.0,165.65,0
20:36:28,368.6,0,2,2,411.43,348.76,301.22,114.0,61.41,68055.77,0.0,165.58,0
20:36:28,368.6,0,2,2,411.21,348.62,301.14,113.97,61.4,68002.74,0.0,165.5,0
20:36:29,368.7,0,2,2,411.02,348.5,301.07,113.95,61.39,67946.05,0.0,165.43,0
20:36:29,368.7,0,2,2,410.81,348.38,300.99,113.92,61.38,67894.62,0.0,165.36,0
20:36:29,368.8,0,2,2,410.55,348.21,300.89,113.89,61.36,67841.09,0.0,165.29,0
20:36:29,368.9,0,2,2,410.35,348.09,300.82,113.86,61.35,67771.65,0.0,165.22,0
20:36:29,368.9,0,2,2,410.17,347.98,300.75,113.84,61.34,67720.98,0.0,165.15,0
20:36:29,369.0,0,2,2,409.96,347.85,300.68,113.81,61.33,67671.26,0.0,165.07,0
20:36:29,369.0,0,2,2,409.77,347.73,300.61,113.78,61.32,67617.41,0.0,165.0,0
20:36:29,369.1,0,2,2,409.58,347.61,300.54,113.76,61.3,67566.3,0.0,164.93,0
20:36:29,369.1,0,2,2,409.39,347.5,300.47,113.73,61.29,67517.34,0.0,164.86,0
20:36:29,369.2,0,2,2,409.19,347.37,300.4,113.71,61.28,67467.88,0.0,164.79,0
20:36:29,369.2,0,2,2,409.0,347.25,300.33,113.68,61.27,67415.07,0.0,164.72,0
20:36:29,369.3,0,2,2,408.81,347.14,300.26,113.66,61.26,67364.17,0.0,164.64,0
20:36:29,369.4,0,2,2,408.55,346.98,300.16,113.62,61.24,67314.98,0.0,164.57,0
20:36:29,369.4,0,2,2,408.36,346.86,300.09,113.6,61.23,67246.77,0.0,164.5,0
20:36:29,369.5,0,2,2,408.18,346.74,300.02,113.57,61.22,67195.65,0.0,164.43,0
20:36:29,369.5,0,2,2,407.99,346.62,299.95,113.55,61.21,67146.81,0.0,164.36,0
20:36:29,369.6,0,2,2,407.78,346.5,299.87,113.52,61.2,67096.52,0.0,164.28,0
20:36:30,369.6,0,2,2,407.59,346.38,299.8,113.5,61.19,67041.99,0.0,164.21,0
20:36:30,369.7,0,2,2,407.41,346.26,299.73,113.47,61.18,66991.61,0.0,164.14,0
20:36:30,369.7,0,2,2,407.2,346.13,299.65,113.44,61.16,66942.54,0.0,164.07,0
20:36:30,369.8,0,2,2,407.01,346.01,299.58,113.42,61.15,66887.14,0.0,164.0,0
20:36:30,369.8,0,2,2,406.82,345.9,299.51,113.39,61.14,66837.35,0.0,163.92,0
20:36:30,369.9,0,2,2,406.64,345.78,299.44,113.37,61.13,66788.18,0.0,163.85,0
20:36:30,370.0,0,2,2,406.4,345.63,299.35,113.34,61.12,66738.9,0.0,163.78,0
20:36:30,370.0,0,2,2,406.21,345.51,299.28,113.31,61.1,66674.19,0.0,163.71,0
20:36:30,370.1,0,2,2,406.03,345.4,299.21,113.29,61.09,66624.26,0.0,163.63,0
20:36:30,370.1,0,2,2,405.8,345.26,299.13,113.26,61.08,66575.38,0.0,163.56,0
20:36:30,370.2,0,2,2,405.61,345.14,299.05,113.23,61.07,66514.74,0.0,163.49,0
20:36:30,370.2,0,2,2,405.41,345.01,298.98,113.21,61.06,66464.52,0.0,163.42,0
20:36:30,370.3,0,2,2,405.23,344.9,298.91,113.18,61.05,66410.47,0.0,163.34,0
20:36:30,370.4,0,2,2,404.98,344.74,298.81,113.15,61.03,66361.18,0.0,163.27,0
20:36:30,370.4,0,2,2,404.79,344.62,298.74,113.12,61.02,66294.19,0.0,163.2,0
20:36:30,370.5,0,2,2,404.61,344.51,298.67,113.1,61.01,66244.58,0.0,163.13,0
20:36:30,370.5,0,2,2,404.4,344.38,298.59,113.07,61.0,66195.6,0.0,163.05,0
20:36:30,370.6,0,2,2,404.2,344.25,298.51,113.04,60.98,66140.68,0.0,162.98,0
20:36:31,370.6,0,2,2,404.01,344.13,298.44,113.02,60.97,66085.8,0.0,162.91,0
20:36:31,370.7,0,2,2,403.82,344.01,298.37,112.99,60.96,66034.08,0.0,162.83,0
20:36:31,370.8,0,2,2,403.56,343.85,298.27,112.96,60.95,65984.5,0.0,162.76,0
20:36:31,370.8,0,2,2,403.37,343.73,298.19,112.93,60.93,65913.94,0.0,162.69,0
20:36:31,370.9,0,2,2,403.19,343.61,298.12,112.91,60.92,65861.65,0.0,162.61,0
20:36:31,370.9,0,2,2,402.96,343.47,298.03,112.88,60.91,65812.9,0.0,162.54,0
20:36:31,371.0,0,2,2,402.78,343.35,297.96,112.85,60.9,65752.2,0.0,162.47,0
20:36:31,371.1,0,2,2,402.6,343.24,297.89,112.83,60.89,65702.59,0.0,162.39,0
20:36:31,371.1,0,2,2,402.37,343.09,297.8,112.8,60.87,65652.69,0.0,162.32,0
20:36:31,371.2,0,2,2,402.19,342.98,297.73,112.77,60.86,65591.49,0.0,162.25,0
20:36:31,371.2,0,2,2,402.0,342.86,297.66,112.75,60.85,65542.69,0.0,162.18,0
20:36:31,371.3,0,2,2,401.78,342.72,297.57,112.72,60.84,65490.89,0.0,162.1,0
20:36:31,371.3,0,2,2,401.59,342.6,297.49,112.69,60.83,65430.03,0.0,162.03,0
20:36:31,371.4,0,2,2,401.41,342.48,297.42,112.66,60.82,65379.32,0.0,161.96,0
20:36:31,371.5,0,2,2,401.18,342.34,297.33,112.63,60.8,65329.75,0.0,161.88,0
20:36:31,371.5,0,2,2,401.0,342.22,297.26,112.61,60.79,65268.68,0.0,161.81,0
20:36:31,371.6,0,2,2,400.82,342.11,297.19,112.59,60.78,65218.64,0.0,161.74,0
20:36:32,371.6,0,2,2,400.64,341.99,297.12,112.56,60.77,65170.01,0.0,161.66,0
20:36:32,371.7,0,2,2,400.42,341.85,297.03,112.53,60.76,65119.65,0.0,161.59,0
20:36:32,371.7,0,2,2,400.24,341.74,296.96,112.51,60.75,65060.63,0.0,161.51,0
20:36:32,371.8,0,2,2,400.06,341.62,296.89,112.48,60.73,65010.36,0.0,161.44,0
20:36:32,371.9,0,2,2,399.84,341.48,296.8,112.45,60.72,64961.19,0.0,161.37,0
20:36:32,371.9,0,2,2,399.66,341.37,296.73,112.43,60.71,64902.43,0.0,161.29,0
20:36:32,372.0,0,2,2,399.48,341.25,296.66,112.4,60.7,64851.5,0.0,161.22,0
20:36:32,372.0,0,2,2,399.23,341.09,296.55,112.37,60.68,64803.25,0.0,161.15,0
20:36:32,372.1,0,2,2,399.04,340.97,296.48,112.34,60.67,64733.3,0.0,161.07,0
20:36:32,372.2,0,2,2,398.86,340.85,296.41,112.32,60.66,64681.52,0.0,161.0,0
20:36:32,372.2,0,2,2,398.65,340.72,296.32,112.29,60.65,64632.76,0.0,160.92,0
20:36:32,372.3,0,2,2,398.47,340.61,296.25,112.26,60.64,64575.17,0.0,160.85,0
20:36:32,372.3,0,2,2,398.3,340.49,296.18,112.24,60.63,64525.54,0.0,160.78,0
20:36:32,372.4,0,2,2,398.12,340.38,296.1,112.21,60.62,64476.15,0.0,160.7,0
20:36:32,372.4,0,2,2,397.91,340.24,296.02,112.18,60.6,64428.02,0.0,160.63,0
20:36:32,372.5,0,2,2,397.74,340.13,295.95,112.16,60.59,64369.98,0.0,160.56,0
20:36:32,372.5,0,2,2,397.56,340.02,295.88,112.14,60.58,64321.23,0.0,160.48,0
20:36:32,372.6,0,2,2,397.36,339.89,295.8,112.11,60.57,64272.28,0.0,160.41,0
20:36:33,372.6,0,2,2,397.18,339.77,295.72,112.08,60.56,64218.1,0.0,160.34,0
20:36:33,372.7,0,2,2,397.01,339.66,295.65,112.06,60.55,64168.7,0.0,160.26,0
20:36:33,372.8,0,2,2,396.83,339.55,295.58,112.04,60.54,64120.04,0.0,160.19,0
20:36:33,372.8,0,2,2,396.62,339.41,295.49,112.01,60.53,64071.12,0.0,160.11,0
20:36:33,372.9,0,2,2,396.44,339.29,295.42,111.98,60.51,64012.37,0.0,160.04,0
20:36:33,372.9,0,2,2,396.27,339.18,295.35,111.96,60.5,63961.49,0.0,159.97,0
20:36:33,373.0,0,2,2,396.07,339.05,295.26,111.93,60.49,63913.48,0.0,159.89,0
20:36:33,373.0,0,2,2,395.89,338.94,295.19,111.9,60.48,63858.86,0.0,159.82,0
20:36:33,373.1,0,2,2,395.72,338.83,295.12,111.88,60.47,63809.49,0.0,159.75,0
20:36:33,373.2,0,2,2,395.55,338.72,295.05,111.86,60.46,63762.03,0.0,159.67,0
20:36:33,373.2,0,2,2,395.34,338.58,294.96,111.83,60.45,63713.39,0.0,159.6,0
20:36:33,373.3,0,2,2,395.17,338.47,294.89,111.8,60.44,63655.9,0.0,159.52,0
20:36:33,373.3,0,2,2,394.99,338.35,294.82,111.78,60.43,63605.93,0.0,159.45,0
20:36:33,373.4,0,2,2,394.8,338.23,294.74,111.75,60.41,63557.39,0.0,159.37,0
20:36:33,373.4,0,2,2,394.63,338.11,294.66,111.73,60.4,63503.36,0.0,159.3,0
20:36:33,373.5,0,2,2,394.45,338.0,294.59,111.7,60.39,63454.63,0.0,159.23,0
20:36:33,373.5,0,2,2,394.27,337.88,294.52,111.68,60.38,63406.1,0.0,159.15,0
20:36:33,373.6,0,2,2,394.1,337.77,294.44,111.65,60.37,63355.55,0.0,159.08,0
20:36:34,373.7,0,2,2,393.91,337.65,294.36,111.63,60.36,63305.85,0.0,159.0,0
20:36:34,373.7,0,2,2,393.71,337.52,294.28,111.6,60.35,63254.2,0.0,158.93,0
20:36:34,373.8,0,2,2,393.54,337.41,294.21,111.57,60.34,63197.93,0.0,158.86,0
20:36:34,373.8,0,2,2,393.37,337.29,294.14,111.55,60.33,63149.03,0.0,158.78,0
20:36:34,373.9,0,2,2,393.2,337.18,294.06,111.53,60.32,63101.04,0.0,158.71,0
20:36:34,373.9,0,2,2,393.0,337.06,293.98,111.5,60.3,63053.05,0.0,158.63,0
20:36:34,374.0,0,2,2,392.83,336.95,293.91,111.48,60.29,62997.99,0.0,158.56,0
20:36:34,374.0,0,2,2,392.66,336.83,293.83,111.45,60.28,62950.09,0.0,158.48,0
20:36:34,374.1,0,2,2,392.46,336.7,293.75,111.42,60.27,62900.32,0.0,158.41,0
20:36:34,374.1,0,2,2,392.29,336.59,293.68,111.4,60.26,62845.14,0.0,158.34,0
20:36:34,374.2,0,2,2,392.12,336.48,293.6,111.37,60.25,62795.7,0.0,158.26,0
20:36:34,374.3,0,2,2,391.94,336.36,293.53,111.35,60.24,62747.01,0.0,158.19,0
20:36:34,374.3,0,2,2,391.76,336.24,293.45,111.32,60.23,62696.25,0.0,158.11,0
20:36:34,374.4,0,2,2,391.59,336.13,293.38,111.3,60.22,62646.41,0.0,158.04,0
20:36:34,374.4,0,2,2,391.41,336.01,293.3,111.27,60.21,62597.29,0.0,157.96,0
20:36:34,374.5,0,2,2,391.21,335.88,293.21,111.24,60.19,62547.11,0.0,157.89,0
20:36:34,374.5,0,2,2,391.04,335.77,293.14,111.22,60.18,62488.56,0.0,157.81,0
20:36:34,374.6,0,2,2,390.87,335.65,293.07,111.2,60.17,62440.05,0.0,157.74,0
20:36:35,374.6,0,2,2,390.7,335.54,293.0,111.17,60.16,62392.28,0.0,157.67,0
20:36:35,374.7,0,2,2,390.53,335.43,292.92,111.15,60.15,62343.41,0.0,157.59,0
20:36:35,374.7,0,2,2,390.35,335.31,292.85,111.12,60.14,62294.96,0.0,157.52,0
20:36:35,374.8,0,2,2,390.19,335.2,292.77,111.1,60.13,62244.36,0.0,157.44,0
20:36:35,374.9,0,2,2,390.02,335.09,292.7,111.07,60.12,62196.27,0.0,157.37,0
20:36:35,374.9,0,2,2,389.85,334.98,292.63,111.05,60.11,62147.49,0.0,157.29,0
20:36:35,375.0,0,2,2,389.68,334.87,292.55,111.03,60.1,62098.72,0.0,157.22,0
20:36:35,375.0,0,2,2,389.49,334.74,292.47,111.0,60.09,62050.76,0.0,157.14,0
20:36:35,375.1,0,2,2,389.32,334.63,292.4,110.97,60.08,61997.09,0.0,157.07,0
20:36:35,375.1,0,2,2,389.16,334.52,292.33,110.95,60.07,61948.39,0.0,156.99,0
20:36:35,375.2,0,2,2,388.99,334.41,292.25,110.93,60.06,61901.09,0.0,156.92,0
20:36:35,375.2,0,2,2,388.8,334.29,292.17,110.9,60.04,61853.13,0.0,156.84,0
20:36:35,375.3,0,2,2,388.64,334.18,292.1,110.88,60.03,61799.2,0.0,156.77,0
20:36:35,375.4,0,2,2,388.46,334.06,292.02,110.85,60.02,61751.15,0.0,156.7,0
20:36:35,375.4,0,2,2,388.27,333.93,291.94,110.82,60.01,61701.11,0.0,156.62,0
20:36:35,375.5,0,2,2,388.08,333.81,291.85,110.8,60.0,61645.16,0.0,156.54,0
20:36:35,375.5,0,2,2,387.92,333.7,291.78,110.77,59.99,61591.62,0.0,156.47,0
20:36:35,375.6,0,2,2,387.72,333.57,291.69,110.74,59.98,61543.42,0.0,156.39,0
20:36:36,375.6,0,2,2,387.55,333.46,291.62,110.72,59.97,61487.18,0.0,156.32,0
20:36:36,375.7,0,2,2,387.38,333.34,291.54,110.69,59.96,61438.37,0.0,156.24,0
20:36:36,375.8,0,2,2,387.16,333.2,291.45,110.66,59.94,61388.37,0.0,156.17,0
20:36:36,375.8,0,2,2,387.0,333.08,291.37,110.64,59.93,61325.07,0.0,156.09,0
20:36:36,375.9,0,2,2,386.83,332.97,291.3,110.61,59.92,61277.01,0.0,156.02,0
20:36:36,375.9,0,2,2,386.65,332.86,291.22,110.59,59.91,61228.29,0.0,155.94,0
20:36:36,376.0,0,2,2,386.49,332.74,291.15,110.56,59.9,61177.49,0.0,155.87,0
20:36:36,376.0,0,2,2,386.33,332.64,291.07,110.54,59.89,61128.94,0.0,155.79,0
20:36:36,376.1,0,2,2,386.16,332.53,291.0,110.52,59.88,61081.52,0.0,155.72,0
20:36:36,376.1,0,2,2,385.97,332.4,290.92,110.49,59.87,61033.78,0.0,155.64,0
20:36:36,376.2,0,2,2,385.81,332.29,290.84,110.46,59.86,60978.5,0.0,155.57,0
20:36:36,376.2,0,2,2,385.64,332.18,290.77,110.44,59.85,60929.86,0.0,155.49,0
20:36:36,376.3,0,2,2,385.46,332.05,290.69,110.41,59.84,60881.54,0.0,155.42,0
20:36:36,376.4,0,2,2,385.3,331.95,290.61,110.39,59.83,60828.61,0.0,155.34,0
20:36:36,376.4,0,2,2,385.13,331.84,290.54,110.37,59.82,60781.17,0.0,155.27,0
20:36:36,376.5,0,2,2,384.96,331.72,290.46,110.34,59.8,60733.53,0.0,155.19,0
20:36:36,376.5,0,2,2,384.79,331.61,290.38,110.32,59.79,60682.72,0.0,155.12,0
20:36:36,376.6,0,2,2,384.62,331.49,290.31,110.29,59.78,60632.94,0.0,155.04,0
20:36:37,376.6,0,2,2,384.46,331.38,290.24,110.27,59.77,60584.16,0.0,154.97,0
20:36:37,376.7,0,2,2,384.28,331.26,290.15,110.24,59.76,60536.36,0.0,154.9,0
20:36:37,376.7,0,2,2,384.11,331.15,290.08,110.22,59.75,60482.8,0.0,154.83,0
20:36:37,376.8,0,2,2,383.95,331.04,290.0,110.19,59.74,60433.21,0.0,154.76,0
20:36:37,376.8,0,2,2,383.77,330.92,289.92,110.17,59.73,60386.19,0.0,154.69,0
20:36:37,376.9,0,2,2,383.61,330.81,289.85,110.14,59.72,60333.85,0.0,154.62,0
20:36:37,377.0,0,2,2,383.44,330.7,289.77,110.12,59.71,60285.42,0.0,154.55,0
20:36:37,377.0,0,2,2,383.28,330.59,289.7,110.09,59.7,60237.01,0.0,154.48,0
20:36:37,377.1,0,2,2,383.1,330.47,289.62,110.07,59.69,60189.45,0.0,154.41,0
20:36:37,377.1,0,2,2,382.94,330.36,289.54,110.04,59.68,60134.75,0.0,154.34,0
20:36:37,377.2,0,2,2,382.78,330.25,289.47,110.02,59.67,60086.69,0.0,154.27,0
20:36:37,377.2,0,2,2,382.57,330.11,289.37,109.99,59.65,60039.36,0.0,154.2,0
20:36:37,377.3,0,2,2,382.41,330.0,289.3,109.97,59.64,59979.15,0.0,154.13,0
20:36:37,377.3,0,2,2,382.25,329.89,289.23,109.94,59.63,59931.65,0.0,154.06,0
20:36:37,377.4,0,2,2,382.09,329.78,289.15,109.92,59.62,59884.33,0.0,153.99,0
20:36:37,377.5,0,2,2,381.91,329.66,289.07,109.89,59.61,59835.91,0.0,153.92,0
20:36:37,377.5,0,2,2,381.72,329.53,288.98,109.86,59.6,59782.08,0.0,153.85,0
20:36:37,377.6,0,2,2,381.55,329.42,288.9,109.84,59.59,59726.55,0.0,153.78,0
20:36:38,377.6,0,2,2,381.37,329.29,288.82,109.81,59.58,59676.22,0.0,153.71,0
20:36:38,377.7,0,2,2,381.2,329.18,288.74,109.78,59.57,59620.6,0.0,153.64,0
20:36:38,377.8,0,2,2,381.04,329.07,288.67,109.76,59.56,59569.87,0.0,153.57,0
20:36:38,377.8,0,2,2,380.86,328.94,288.58,109.73,59.54,59523.16,0.0,153.5,0
20:36:38,377.9,0,2,2,380.7,328.83,288.51,109.71,59.53,59468.7,0.0,153.43,0
20:36:38,377.9,0,2,2,380.54,328.73,288.43,109.69,59.52,59420.33,0.0,153.36,0
20:36:38,378.0,0,2,2,380.38,328.62,288.36,109.66,59.51,59373.28,0.0,153.29,0
20:36:38,378.0,0,2,2,380.19,328.49,288.27,109.63,59.5,59325.9,0.0,153.22,0
20:36:38,378.1,0,2,2,380.01,328.37,288.19,109.61,59.49,59268.5,0.0,153.15,0
20:36:38,378.1,0,2,2,379.85,328.26,288.11,109.58,59.48,59214.9,0.0,153.08,0
20:36:38,378.2,0,2,2,379.68,328.14,288.03,109.56,59.47,59167.39,0.0,153.01,0
20:36:38,378.2,0,2,2,379.52,328.04,287.96,109.53,59.46,59117.15,0.0,152.94,0
20:36:38,378.3,0,2,2,379.37,327.93,287.89,109.51,59.45,59069.54,0.0,152.87,0
20:36:38,378.4,0,2,2,379.21,327.82,287.81,109.49,59.44,59022.76,0.0,152.8,0
20:36:38,378.4,0,2,2,379.03,327.69,287.72,109.46,59.43,58974.65,0.0,152.73,0
20:36:38,378.5,0,2,2,378.87,327.59,287.65,109.44,59.42,58919.94,0.0,152.66,0
20:36:38,378.5,0,2,2,378.71,327.48,287.58,109.41,59.41,58872.29,0.0,152.59,0
20:36:38,378.6,0,2,2,378.55,327.36,287.5,109.39,59.4,58824.94,0.0,152.52,0
20:36:39,378.6,0,2,2,378.39,327.26,287.42,109.36,59.39,58774.58,0.0,152.45,0
20:36:39,378.7,0,2,2,378.24,327.15,287.35,109.34,59.38,58727.55,0.0,152.38,0
20:36:39,378.7,0,2,2,378.06,327.03,287.27,109.31,59.37,58680.94,0.0,152.31,0
20:36:39,378.8,0,2,2,377.89,326.92,287.19,109.29,59.36,58628.02,0.0,152.24,0
20:36:39,378.9,0,2,2,377.74,326.81,287.11,109.27,59.35,58577.52,0.0,152.16,0
20:36:39,378.9,0,2,2,377.58,326.7,287.04,109.24,59.34,58531.17,0.0,152.09,0
20:36:39,379.0,0,2,2,377.36,326.55,286.93,109.21,59.32,58482.47,0.0,152.02,0
20:36:39,379.0,0,2,2,377.2,326.44,286.86,109.18,59.31,58415.13,0.0,151.95,0
20:36:39,379.1,0,2,2,377.04,326.33,286.78,109.16,59.3,58367.1,0.0,151.88,0
20:36:39,379.1,0,2,2,376.87,326.21,286.7,109.13,59.29,58319.63,0.0,151.81,0
20:36:39,379.2,0,2,2,376.71,326.1,286.62,109.11,59.28,58267.36,0.0,151.74,0
20:36:39,379.3,0,2,2,376.55,325.99,286.55,109.08,59.27,58216.95,0.0,151.67,0
20:36:39,379.3,0,2,2,376.39,325.88,286.47,109.06,59.26,58169.79,0.0,151.6,0
20:36:39,379.4,0,2,2,376.18,325.74,286.37,109.03,59.25,58122.05,0.0,151.53,0
20:36:39,379.4,0,2,2,376.02,325.62,286.29,109.0,59.23,58057.39,0.0,151.46,0
20:36:39,379.5,0,2,2,375.86,325.52,286.22,108.98,59.22,58006.57,0.0,151.39,0
20:36:39,379.6,0,2,2,375.68,325.39,286.13,108.95,59.21,57959.77,0.0,151.32,0
20:36:39,379.6,0,2,2,375.53,325.28,286.05,108.93,59.2,57904.67,0.0,151.25,0
20:36:40,379.7,0,2,2,375.37,325.18,285.98,108.91,59.19,57857.0,0.0,151.18,0
20:36:40,379.7,0,2,2,375.2,325.06,285.89,108.88,59.18,57810.58,0.0,151.11,0
20:36:40,379.8,0,2,2,375.04,324.95,285.82,108.85,59.17,57757.06,0.0,151.04,0
20:36:40,379.8,0,2,2,374.89,324.84,285.74,108.83,59.16,57709.2,0.0,150.97,0
20:36:40,379.9,0,2,2,374.73,324.73,285.67,108.81,59.15,57660.78,0.0,150.9,0
20:36:40,380.0,0,2,2,374.52,324.58,285.56,108.77,59.14,57613.65,0.0,150.83,0
20:36:40,380.0,0,2,2,374.33,324.45,285.47,108.74,59.13,57547.55,0.0,150.76,0
20:36:40,380.1,0,2,2,374.17,324.34,285.39,108.72,59.11,57489.44,0.0,150.69,0
20:36:40,380.1,0,2,2,373.99,324.22,285.3,108.69,59.1,57439.23,0.0,150.61,0
20:36:40,380.2,0,2,2,373.84,324.11,285.23,108.67,59.09,57384.09,0.0,150.54,0
20:36:40,380.2,0,2,2,373.68,324.0,285.15,108.64,59.08,57337.23,0.0,150.47,0
20:36:40,380.3,0,2,2,373.51,323.88,285.07,108.62,59.07,57288.46,0.0,150.4,0
20:36:40,380.4,0,2,2,373.35,323.77,284.99,108.59,59.06,57235.65,0.0,150.33,0
20:36:40,380.4,0,2,2,373.2,323.67,284.92,108.57,59.05,57187.58,0.0,150.26,0
20:36:40,380.5,0,2,2,373.04,323.56,284.84,108.55,59.04,57141.24,0.0,150.19,0
20:36:40,380.5,0,2,2,372.85,323.42,284.75,108.52,59.03,57091.57,0.0,150.12,0
20:36:40,380.6,0,2,2,372.69,323.31,284.67,108.49,59.02,57031.54,0.0,150.05,0
20:36:41,380.6,0,2,2,372.53,323.2,284.59,108.47,59.01,56983.47,0.0,149.98,0
20:36:41,380.7,0,2,2,372.36,323.08,284.51,108.44,59.0,56932.59,0.0,149.91,0
20:36:41,380.8,0,2,2,372.22,322.98,284.43,108.42,58.99,56882.16,0.0,149.84,0
20:36:41,380.8,0,2,2,372.06,322.87,284.36,108.39,58.98,56835.96,0.0,149.77,0
20:36:41,380.9,0,2,2,371.9,322.76,284.28,108.37,58.97,56788.26,0.0,149.7,0
20:36:41,380.9,0,2,2,371.75,322.65,284.2,108.35,58.96,56737.4,0.0,149.63,0
20:36:41,381.0,0,2,2,371.6,322.55,284.13,108.32,58.95,56690.66,0.0,149.56,0
20:36:41,381.0,0,2,2,371.42,322.42,284.04,108.29,58.94,56643.73,0.0,149.48,0
20:36:41,381.1,0,2,2,371.26,322.31,283.96,108.27,58.92,56586.64,0.0,149.41,0
20:36:41,381.1,0,2,2,371.11,322.2,283.88,108.25,58.92,56536.65,0.0,149.34,0
20:36:41,381.2,0,2,2,370.95,322.09,283.8,108.22,58.9,56490.59,0.0,149.27,0
20:36:41,381.2,0,2,2,370.8,321.99,283.73,108.2,58.9,56440.72,0.0,149.2,0
20:36:41,381.3,0,2,2,370.65,321.88,283.66,108.17,58.89,56394.05,0.0,149.13,0
20:36:41,381.4,0,2,2,370.5,321.78,283.58,108.15,58.88,56348.21,0.0,149.06,0
20:36:41,381.4,0,2,2,370.33,321.66,283.5,108.12,58.86,56301.58,0.0,148.99,0
20:36:41,381.5,0,2,2,370.19,321.56,283.42,108.1,58.85,56248.62,0.0,148.92,0
20:36:41,381.5,0,2,2,370.04,321.45,283.35,108.08,58.84,56201.96,0.0,148.85,0
20:36:41,381.6,0,2,2,369.88,321.34,283.27,108.05,58.83,56155.32,0.0,148.78,0
20:36:42,381.6,0,2,2,369.73,321.23,283.19,108.03,58.82,56104.67,0.0,148.71,0
20:36:42,381.7,0,2,2,369.58,321.13,283.12,108.01,58.81,56057.37,0.0,148.64,0
20:36:42,381.7,0,2,2,369.42,321.02,283.04,107.98,58.8,56011.27,0.0,148.57,0
20:36:42,381.8,0,2,2,369.27,320.91,282.96,107.96,58.79,55961.03,0.0,148.49,0
20:36:42,381.9,0,2,2,369.11,320.8,282.88,107.93,58.78,55913.32,0.0,148.42,0
20:36:42,381.9,0,2,2,368.96,320.69,282.8,107.91,58.77,55862.51,0.0,148.35,0
20:36:42,382.0,0,2,2,368.76,320.55,282.7,107.88,58.76,55815.28,0.0,148.28,0
20:36:42,382.0,0,2,2,368.61,320.44,282.63,107.85,58.75,55752.47,0.0,148.21,0
20:36:42,382.1,0,2,2,368.46,320.34,282.55,107.83,58.74,55704.76,0.0,148.14,0
20:36:42,382.1,0,2,2,368.29,320.22,282.47,107.8,58.73,55658.21,0.0,148.07,0
20:36:42,382.2,0,2,2,368.15,320.12,282.39,107.78,58.72,55604.49,0.0,148.0,0
20:36:42,382.3,0,2,2,367.99,320.01,282.32,107.76,58.71,55558.62,0.0,147.93,0
20:36:42,382.3,0,2,2,367.83,319.89,282.23,107.73,58.7,55510.67,0.0,147.86,0
20:36:42,382.4,0,2,2,367.68,319.79,282.16,107.71,58.69,55458.47,0.0,147.79,0
20:36:42,382.4,0,2,2,367.54,319.68,282.08,107.68,58.68,55411.98,0.0,147.72,0
20:36:42,382.5,0,2,2,367.37,319.56,282.0,107.66,58.67,55365.02,0.0,147.64,0
20:36:42,382.5,0,2,2,367.22,319.46,281.92,107.63,58.66,55311.91,0.0,147.57,0
20:36:42,382.6,0,2,2,367.07,319.36,281.85,107.61,58.65,55264.58,0.0,147.5,0
20:36:43,382.6,0,2,2,366.89,319.23,281.75,107.58,58.64,55218.72,0.0,147.43,0
20:36:43,382.7,0,2,2,366.74,319.12,281.68,107.56,58.63,55161.07,0.0,147.36,0
20:36:43,382.8,0,2,2,366.59,319.01,281.6,107.53,58.62,55112.28,0.0,147.29,0
20:36:43,382.8,0,2,2,366.44,318.91,281.52,107.51,58.61,55063.86,0.0,147.22,0
20:36:43,382.9,0,2,2,366.29,318.8,281.44,107.48,58.6,55017.27,0.0,147.15,0
20:36:43,382.9,0,2,2,366.14,318.69,281.37,107.46,58.59,54968.57,0.0,147.08,0
20:36:43,383.0,0,2,2,366.0,318.59,281.3,107.44,58.58,54921.79,0.0,147.01,0
20:36:43,383.0,0,2,2,365.85,318.49,281.22,107.41,58.57,54876.05,0.0,146.94,0
20:36:43,383.1,0,2,2,365.68,318.37,281.13,107.39,58.56,54828.76,0.0,146.86,0
20:36:43,383.1,0,2,2,365.54,318.26,281.06,107.36,58.55,54774.73,0.0,146.79,0
20:36:43,383.2,0,2,2,365.39,318.16,280.98,107.34,58.54,54728.14,0.0,146.72,0
20:36:43,383.2,0,2,2,365.24,318.05,280.9,107.32,58.53,54681.43,0.0,146.65,0
20:36:43,383.3,0,2,2,365.09,317.95,280.83,107.29,58.52,54632.54,0.0,146.58,0
20:36:43,383.4,0,2,2,364.95,317.84,280.75,107.27,58.51,54585.27,0.0,146.51,0
20:36:43,383.4,0,2,2,364.81,317.74,280.68,107.25,58.5,54539.5,0.0,146.44,0
20:36:43,383.5,0,2,2,364.66,317.63,280.6,107.22,58.49,54492.57,0.0,146.37,0
20:36:43,383.5,0,2,2,364.51,317.53,280.52,107.2,58.48,54444.34,0.0,146.3,0
20:36:43,383.6,0,2,2,364.37,317.42,280.45,107.18,58.47,54396.67,0.0,146.23,0
20:36:44,383.6,0,2,2,364.22,317.32,280.37,107.15,58.46,54351.19,0.0,146.16,0
20:36:44,383.7,0,2,2,364.06,317.21,280.29,107.13,58.45,54303.6,0.0,146.08,0
20:36:44,383.7,0,2,2,363.92,317.1,280.21,107.1,58.44,54252.38,0.0,146.01,0
20:36:44,383.8,0,2,2,363.77,317.0,280.14,107.08,58.43,54205.93,0.0,145.94,0
20:36:44,383.8,0,2,2,363.62,316.89,280.06,107.05,58.42,54160.06,0.0,145.87,0
20:36:44,383.9,0,2,2,363.48,316.79,279.98,107.03,58.41,54109.45,0.0,145.8,0
20:36:44,384.0,0,2,2,363.34,316.69,279.91,107.01,58.4,54063.78,0.0,145.73,0
20:36:44,384.0,0,2,2,363.18,316.57,279.83,106.98,58.39,54018.26,0.0,145.66,0
20:36:44,384.1,0,2,2,363.03,316.47,279.75,106.96,58.38,53967.27,0.0,145.59,0
20:36:44,384.1,0,2,2,362.89,316.37,279.68,106.94,58.37,53920.48,0.0,145.52,0
20:36:44,384.2,0,2,2,362.73,316.25,279.59,106.91,58.36,53874.48,0.0,145.45,0
20:36:44,384.2,0,2,2,362.59,316.15,279.52,106.89,58.35,53822.41,0.0,145.37,0
20:36:44,384.3,0,2,2,362.45,316.05,279.44,106.87,58.34,53776.16,0.0,145.3,0
20:36:44,384.3,0,2,2,362.28,315.93,279.36,106.84,58.33,53730.61,0.0,145.23,0
20:36:44,384.4,0,2,2,362.14,315.83,279.28,106.82,58.32,53676.72,0.0,145.16,0
20:36:44,384.4,0,2,2,362.0,315.73,279.21,106.79,58.31,53630.98,0.0,145.09,0
20:36:44,384.5,0,2,2,361.85,315.61,279.13,106.77,58.3,53585.59,0.0,145.02,0
20:36:44,384.5,0,2,2,361.71,315.51,279.05,106.74,58.29,53534.2,0.0,144.95,0
20:36:44,384.6,0,2,2,361.57,315.41,278.98,106.72,58.28,53487.99,0.0,144.88,0
20:36:45,384.7,0,2,2,361.42,315.3,278.9,106.7,58.27,53442.15,0.0,144.81,0
20:36:45,384.7,0,2,2,361.26,315.19,278.81,106.67,58.26,53393.75,0.0,144.74,0
20:36:45,384.8,0,2,2,361.11,315.08,278.74,106.65,58.25,53342.93,0.0,144.67,0
20:36:45,384.8,0,2,2,360.96,314.97,278.65,106.62,58.24,53294.08,0.0,144.59,0
20:36:45,384.9,0,2,2,360.8,314.86,278.57,106.6,58.23,53243.07,0.0,144.52,0
20:36:45,384.9,0,2,2,360.66,314.76,278.49,106.57,58.22,53193.09,0.0,144.45,0
20:36:45,385.0,0,2,2,360.52,314.65,278.42,106.55,58.21,53145.9,0.0,144.38,0
20:36:45,385.1,0,2,2,360.37,314.54,278.34,106.52,58.2,53099.91,0.0,144.31,0
20:36:45,385.1,0,2,2,360.23,314.44,278.26,106.5,58.19,53049.48,0.0,144.24,0
20:36:45,385.2,0,2,2,360.09,314.34,278.19,106.48,58.18,53003.17,0.0,144.17,0
20:36:45,385.2,0,2,2,359.93,314.23,278.1,106.45,58.17,52957.77,0.0,144.1,0
20:36:45,385.3,0,2,2,359.79,314.13,278.03,106.43,58.16,52906.21,0.0,144.03,0
20:36:45,385.3,0,2,2,359.65,314.03,277.96,106.41,58.15,52860.29,0.0,143.96,0
20:36:45,385.4,0,2,2,359.5,313.92,277.88,106.38,58.14,52814.56,0.0,143.88,0
20:36:45,385.4,0,2,2,359.36,313.82,277.8,106.36,58.13,52765.13,0.0,143.81,0
20:36:45,385.5,0,2,2,359.22,313.71,277.73,106.34,58.12,52719.39,0.0,143.74,0
20:36:45,385.5,0,2,2,359.05,313.59,277.63,106.31,58.11,52673.57,0.0,143.67,0
20:36:45,385.6,0,2,2,358.91,313.49,277.56,106.28,58.1,52616.5,0.0,143.6,0
20:36:46,385.7,0,2,2,358.77,313.38,277.48,106.26,58.09,52569.13,0.0,143.53,0
20:36:46,385.7,0,2,2,358.63,313.28,277.41,106.24,58.08,52523.08,0.0,143.46,0
20:36:46,385.8,0,2,2,358.44,313.14,277.3,106.21,58.07,52476.83,0.0,143.39,0
20:36:46,385.8,0,2,2,358.3,313.04,277.23,106.18,58.06,52413.7,0.0,143.32,0
20:36:46,385.9,0,2,2,358.15,312.93,277.15,106.16,58.05,52367.38,0.0,143.25,0
20:36:46,386.0,0,2,2,357.97,312.8,277.05,106.13,58.04,52318.37,0.0,143.17,0
20:36:46,386.0,0,2,2,357.83,312.7,276.97,106.11,58.03,52258.02,0.0,143.1,0
20:36:46,386.1,0,2,2,357.69,312.6,276.9,106.08,58.02,52211.49,0.0,143.03,0
20:36:46,386.1,0,2,2,357.53,312.48,276.81,106.06,58.01,52166.01,0.0,142.96,0
20:36:46,386.2,0,2,2,357.38,312.37,276.73,106.03,58.0,52113.61,0.0,142.89,0
20:36:46,386.2,0,2,2,357.25,312.28,276.66,106.01,57.99,52063.28,0.0,142.82,0
20:36:46,386.3,0,2,2,357.1,312.16,276.57,105.98,57.98,52018.35,0.0,142.75,0
20:36:46,386.3,0,2,2,356.96,312.06,276.5,105.96,57.97,51967.93,0.0,142.68,0
20:36:46,386.4,0,2,2,356.82,311.96,276.42,105.94,57.96,51920.84,0.0,142.61,0
20:36:46,386.5,0,2,2,356.68,311.86,276.35,105.91,57.95,51874.54,0.0,142.53,0
20:36:46,386.5,0,2,2,356.52,311.74,276.26,105.89,57.94,51828.8,0.0,142.46,0
20:36:46,386.6,0,2,2,356.38,311.64,276.19,105.86,57.93,51776.14,0.0,142.39,0
20:36:47,386.6,0,2,2,356.24,311.54,276.11,105.84,57.92,51729.64,0.0,142.32,0
20:36:47,386.7,0,2,2,356.08,311.42,276.02,105.81,57.91,51681.06,0.0,142.25,0
20:36:47,386.7,0,2,2,355.94,311.32,275.94,105.79,57.9,51629.04,0.0,142.18,0
20:36:47,386.8,0,2,2,355.8,311.22,275.87,105.77,57.89,51581.15,0.0,142.11,0
20:36:47,386.9,0,2,2,355.65,311.1,275.78,105.74,57.88,51534.79,0.0,142.04,0
20:36:47,386.9,0,2,2,355.51,311.0,275.71,105.72,57.87,51483.33,0.0,141.97,0
20:36:47,387.0,0,2,2,355.38,310.9,275.63,105.7,57.86,51436.44,0.0,141.9,0
20:36:47,387.0,0,2,2,355.24,310.8,275.56,105.67,57.85,51391.76,0.0,141.82,0
20:36:47,387.1,0,2,2,355.08,310.69,275.47,105.65,57.84,51345.42,0.0,141.75,0
20:36:47,387.1,0,2,2,354.95,310.59,275.4,105.62,57.83,51293.19,0.0,141.68,0
20:36:47,387.2,0,2,2,354.81,310.49,275.32,105.6,57.82,51247.24,0.0,141.61,0
20:36:47,387.2,0,2,2,354.67,310.39,275.25,105.58,57.81,51202.14,0.0,141.54,0
20:36:47,387.3,0,2,2,354.53,310.28,275.17,105.55,57.8,51155.7,0.0,141.47,0
20:36:47,387.3,0,2,2,354.39,310.18,275.09,105.53,57.79,51106.52,0.0,141.4,0
20:36:47,387.4,0,2,2,354.26,310.08,275.01,105.51,57.78,51060.17,0.0,141.33,0
20:36:47,387.5,0,2,2,354.1,309.97,274.93,105.48,57.77,51014.78,0.0,141.26,0
20:36:47,387.5,0,2,2,353.96,309.86,274.85,105.46,57.76,50962.39,0.0,141.19,0
20:36:47,387.6,0,2,2,353.83,309.76,274.78,105.44,57.75,50915.5,0.0,141.12,0
20:36:48,387.6,0,2,2,353.67,309.64,274.69,105.41,57.74,50870.37,0.0,141.04,0
20:36:48,387.7,0,2,2,353.53,309.54,274.61,105.38,57.73,50815.16,0.0,140.97,0
20:36:48,387.7,0,2,2,353.4,309.44,274.54,105.36,57.72,50768.45,0.0,140.9,0
20:36:48,387.8,0,2,2,353.26,309.35,274.46,105.34,57.71,50723.61,0.0,140.83,0
20:36:48,387.9,0,2,2,353.1,309.22,274.37,105.31,57.7,50677.83,0.0,140.76,0
20:36:48,387.9,0,2,2,352.95,309.11,274.29,105.29,57.69,50622.27,0.0,140.69,0
20:36:48,388.0,0,2,2,352.81,309.01,274.21,105.26,57.68,50571.5,0.0,140.62,0
20:36:48,388.0,0,2,2,352.66,308.9,274.13,105.24,57.67,50525.03,0.0,140.55,0
20:36:48,388.1,0,2,2,352.52,308.8,274.05,105.21,57.66,50473.05,0.0,140.48,0
20:36:48,388.1,0,2,2,352.39,308.7,273.98,105.19,57.65,50426.81,0.0,140.41,0
20:36:48,388.2,0,2,2,352.26,308.6,273.9,105.17,57.64,50382.0,0.0,140.33,0
20:36:48,388.2,0,2,2,352.1,308.49,273.81,105.14,57.63,50336.7,0.0,140.26,0
20:36:48,388.3,0,2,2,351.97,308.39,273.74,105.12,57.62,50283.9,0.0,140.19,0
20:36:48,388.4,0,2,2,351.84,308.29,273.66,105.1,57.61,50237.72,0.0,140.12,0
20:36:48,388.4,0,2,2,351.69,308.18,273.58,105.07,57.6,50192.32,0.0,140.05,0
20:36:48,388.5,0,2,2,351.54,308.07,273.5,105.05,57.59,50141.17,0.0,139.98,0
20:36:48,388.5,0,2,2,351.4,307.97,273.42,105.02,57.58,50091.88,0.0,139.91,0
20:36:48,388.6,0,2,2,351.27,307.87,273.35,105.0,57.57,50045.18,0.0,139.84,0
20:36:49,388.6,0,2,2,351.11,307.75,273.26,104.97,57.56,49999.09,0.0,139.77,0
20:36:49,388.7,0,2,2,350.97,307.65,273.18,104.95,57.55,49945.92,0.0,139.7,0
20:36:49,388.8,0,2,2,350.84,307.55,273.1,104.93,57.54,49897.63,0.0,139.63,0
20:36:49,388.8,0,2,2,350.67,307.42,273.01,104.9,57.53,49851.76,0.0,139.55,0
20:36:49,388.9,0,2,2,350.53,307.32,272.93,104.87,57.52,49793.2,0.0,139.48,0
20:36:49,388.9,0,2,2,350.4,307.22,272.85,104.85,57.51,49746.65,0.0,139.41,0
20:36:49,389.0,0,2,2,350.25,307.11,272.77,104.82,57.5,49699.09,0.0,139.34,0
20:36:49,389.1,0,2,2,350.07,306.98,272.67,104.79,57.49,49649.71,0.0,139.27,0
20:36:49,389.1,0,2,2,349.92,306.86,272.58,104.77,57.48,49587.8,0.0,139.2,0
20:36:49,389.2,0,2,2,349.79,306.76,272.51,104.74,57.47,49534.14,0.0,139.13,0
20:36:49,389.2,0,2,2,349.64,306.66,272.43,104.72,57.46,49488.94,0.0,139.06,0
20:36:49,389.3,0,2,2,349.51,306.56,272.35,104.7,57.45,49439.86,0.0,138.99,0
20:36:49,389.3,0,2,2,349.37,306.45,272.27,104.67,57.44,49393.91,0.0,138.92,0
20:36:49,389.4,0,2,2,349.23,306.35,272.19,104.65,57.43,49345.06,0.0,138.85,0
20:36:49,389.4,0,2,2,349.09,306.24,272.11,104.62,57.42,49297.1,0.0,138.77,0
20:36:49,389.5,0,2,2,348.96,306.15,272.03,104.6,57.41,49247.89,0.0,138.7,0
20:36:49,389.6,0,2,2,348.83,306.05,271.96,104.58,57.4,49202.69,0.0,138.63,0
20:36:49,389.6,0,2,2,348.67,305.94,271.87,104.55,57.39,49158.07,0.0,138.56,0
20:36:50,389.7,0,2,2,348.54,305.84,271.8,104.53,57.38,49105.11,0.0,138.49,0
20:36:50,389.7,0,2,2,348.41,305.74,271.72,104.51,57.37,49059.08,0.0,138.42,0
20:36:50,389.8,0,2,2,348.28,305.64,271.65,104.48,57.36,49014.28,0.0,138.35,0
20:36:50,389.8,0,2,2,348.13,305.53,271.56,104.46,57.35,48969.13,0.0,138.28,0
20:36:50,389.9,0,2,2,348.0,305.43,271.49,104.44,57.34,48916.37,0.0,138.21,0
20:36:50,389.9,0,2,2,347.87,305.33,271.41,104.41,57.33,48870.58,0.0,138.14,0
20:36:50,390.0,0,2,2,347.73,305.23,271.33,104.39,57.32,48825.91,0.0,138.07,0
20:36:50,390.0,0,2,2,347.6,305.13,271.26,104.37,57.31,48777.86,0.0,137.99,0
20:36:50,390.1,0,2,2,347.47,305.03,271.18,104.34,57.3,48731.69,0.0,137.92,0
20:36:50,390.2,0,2,2,347.34,304.94,271.11,104.32,57.29,48686.39,0.0,137.85,0
20:36:50,390.2,0,2,2,347.2,304.83,271.03,104.3,57.28,48641.42,0.0,137.78,0
20:36:50,390.3,0,2,2,347.07,304.73,270.95,104.27,57.27,48592.83,0.0,137.71,0
20:36:50,390.3,0,2,2,346.94,304.63,270.88,104.25,57.27,48547.05,0.0,137.64,0
20:36:50,390.4,0,2,2,346.8,304.53,270.8,104.23,57.26,48501.25,0.0,137.57,0
20:36:50,390.4,0,2,2,346.64,304.41,270.7,104.2,57.24,48454.3,0.0,137.5,0
20:36:50,390.5,0,2,2,346.49,304.3,270.62,104.17,57.23,48396.11,0.0,137.43,0
20:36:50,390.6,0,2,2,346.36,304.2,270.54,104.15,57.22,48346.2,0.0,137.36,0
20:36:50,390.6,0,2,2,346.22,304.09,270.46,104.12,57.21,48300.38,0.0,137.29,0
20:36:51,390.7,0,2,2,346.08,303.99,270.38,104.1,57.2,48248.91,0.0,137.22,0
20:36:51,390.7,0,2,2,345.95,303.89,270.31,104.08,57.19,48202.01,0.0,137.15,0
20:36:51,390.8,0,2,2,345.82,303.79,270.23,104.05,57.19,48156.92,0.0,137.07,0
20:36:51,390.8,0,2,2,345.69,303.69,270.15,104.03,57.18,48108.99,0.0,137.0,0
20:36:51,390.9,0,2,2,345.56,303.6,270.08,104.01,57.17,48063.61,0.0,136.93,0
20:36:51,390.9,0,2,2,345.43,303.5,270.0,103.99,57.16,48019.23,0.0,136.86,0
20:36:51,391.0,0,2,2,345.29,303.39,269.92,103.96,57.15,47973.63,0.0,136.79,0
20:36:51,391.0,0,2,2,345.16,303.29,269.84,103.94,57.14,47922.52,0.0,136.72,0
20:36:51,391.1,0,2,2,345.03,303.2,269.77,103.92,57.13,47876.3,0.0,136.65,0
20:36:51,391.1,0,2,2,344.89,303.09,269.69,103.89,57.12,47831.57,0.0,136.58,0
20:36:51,391.2,0,2,2,344.77,303.0,269.62,103.87,57.11,47783.94,0.0,136.51,0
20:36:51,391.3,0,2,2,344.64,302.9,269.54,103.85,57.1,47738.95,0.0,136.44,0
20:36:51,391.3,0,2,2,344.49,302.79,269.46,103.82,57.09,47694.23,0.0,136.37,0
20:36:51,391.4,0,2,2,344.37,302.69,269.38,103.8,57.08,47643.09,0.0,136.3,0
20:36:51,391.4,0,2,2,344.24,302.6,269.31,103.78,57.07,47597.96,0.0,136.23,0
20:36:51,391.5,0,2,2,344.09,302.49,269.22,103.75,57.06,47553.16,0.0,136.16,0
20:36:51,391.5,0,2,2,343.96,302.39,269.14,103.73,57.05,47500.46,0.0,136.08,0
20:36:51,391.6,0,2,2,343.82,302.28,269.06,103.7,57.04,47453.63,0.0,136.01,0
20:36:52,391.7,0,2,2,343.69,302.19,268.99,103.68,57.03,47405.33,0.0,135.94,0
20:36:52,391.7,0,2,2,343.53,302.06,268.89,103.65,57.02,47360.22,0.0,135.87,0
20:36:52,391.8,0,2,2,343.4,301.96,268.82,103.63,57.01,47300.94,0.0,135.8,0
20:36:52,391.8,0,2,2,343.27,301.87,268.74,103.61,57.0,47255.34,0.0,135.73,0
20:36:52,391.9,0,2,2,343.12,301.75,268.65,103.58,56.99,47210.52,0.0,135.66,0
20:36:52,391.9,0,2,2,342.99,301.65,268.58,103.56,56.98,47157.04,0.0,135.59,0
20:36:52,392.0,0,2,2,342.87,301.56,268.5,103.53,56.97,47111.52,0.0,135.52,0
20:36:52,392.1,0,2,2,342.73,301.46,268.42,103.51,56.96,47067.49,0.0,135.45,0
20:36:52,392.1,0,2,2,342.59,301.35,268.34,103.48,56.95,47018.8,0.0,135.38,0
20:36:52,392.2,0,2,2,342.47,301.26,268.27,103.46,56.94,46969.43,0.0,135.31,0
20:36:52,392.2,0,2,2,342.33,301.15,268.19,103.44,56.93,46924.44,0.0,135.24,0
20:36:52,392.3,0,2,2,342.19,301.04,268.1,103.41,56.92,46876.61,0.0,135.17,0
20:36:52,392.3,0,2,2,342.06,300.94,268.03,103.39,56.91,46823.83,0.0,135.1,0
20:36:52,392.4,0,2,2,341.93,300.85,267.95,103.37,56.91,46778.46,0.0,135.03,0
20:36:52,392.4,0,2,2,341.8,300.74,267.87,103.34,56.9,46733.9,0.0,134.95,0
20:36:52,392.5,0,2,2,341.66,300.64,267.79,103.32,56.89,46684.65,0.0,134.88,0
20:36:52,392.6,0,2,2,341.53,300.54,267.71,103.3,56.88,46634.76,0.0,134.81,0
20:36:52,392.6,0,2,2,341.39,300.43,267.63,103.27,56.87,46590.31,0.0,134.74,0
20:36:53,392.7,0,2,2,341.26,300.33,267.55,103.25,56.86,46537.8,0.0,134.67,0
20:36:53,392.7,0,2,2,341.13,300.24,267.48,103.22,56.85,46491.72,0.0,134.6,0
20:36:53,392.8,0,2,2,340.98,300.12,267.38,103.2,56.84,46446.67,0.0,134.53,0
20:36:53,392.8,0,2,2,340.84,300.01,267.3,103.17,56.83,46391.43,0.0,134.46,0
20:36:53,392.9,0,2,2,340.71,299.92,267.23,103.15,56.82,46340.94,0.0,134.39,0
20:36:53,393.0,0,2,2,340.59,299.82,267.15,103.13,56.81,46296.85,0.0,134.32,0
20:36:53,393.0,0,2,2,340.44,299.71,267.06,103.1,56.8,46252.32,0.0,134.25,0
20:36:53,393.1,0,2,2,340.31,299.61,266.99,103.08,56.79,46199.12,0.0,134.18,0
20:36:53,393.1,0,2,2,340.18,299.52,266.91,103.05,56.78,46151.72,0.0,134.11,0
20:36:53,393.2,0,2,2,340.05,299.41,266.83,103.03,56.77,46106.92,0.0,134.04,0
20:36:53,393.2,0,2,2,339.93,299.32,266.76,103.01,56.76,46058.74,0.0,133.97,0
20:36:53,393.3,0,2,2,339.8,299.22,266.68,102.98,56.75,46013.45,0.0,133.9,0
20:36:53,393.3,0,2,2,339.65,299.1,266.59,102.96,56.74,45969.3,0.0,133.83,0
20:36:53,393.4,0,2,2,339.53,299.01,266.52,102.93,56.73,45913.68,0.0,133.76,0
20:36:53,393.5,0,2,2,339.4,298.92,266.44,102.91,56.72,45869.35,0.0,133.69,0
20:36:53,393.5,0,2,2,339.27,298.81,266.36,102.89,56.71,45825.36,0.0,133.62,0
20:36:53,393.6,0,2,2,339.14,298.72,266.29,102.86,56.7,45775.82,0.0,133.55,0
20:36:53,393.6,0,2,2,339.02,298.62,266.21,102.84,56.69,45729.99,0.0,133.47,0
20:36:54,393.7,0,2,2,338.89,298.53,266.14,102.82,56.68,45685.86,0.0,133.4,0
20:36:54,393.7,0,2,2,338.74,298.41,266.05,102.79,56.67,45640.36,0.0,133.33,0
20:36:54,393.8,0,2,2,338.61,298.31,265.97,102.77,56.66,45585.19,0.0,133.26,0
20:36:54,393.9,0,2,2,338.48,298.21,265.89,102.75,56.65,45539.07,0.0,133.19,0
20:36:54,393.9,0,2,2,338.33,298.09,265.8,102.72,56.64,45491.14,0.0,133.12,0
20:36:54,394.0,0,2,2,338.2,297.99,265.72,102.69,56.63,45435.64,0.0,133.05,0
20:36:54,394.0,0,2,2,338.07,297.9,265.64,102.67,56.62,45388.45,0.0,132.98,0
20:36:54,394.1,0,2,2,337.93,297.79,265.56,102.65,56.61,45343.94,0.0,132.91,0
20:36:54,394.1,0,2,2,337.81,297.69,265.48,102.62,56.6,45290.87,0.0,132.84,0
20:36:54,394.2,0,2,2,337.68,297.6,265.41,102.6,56.6,45246.5,0.0,132.77,0
20:36:54,394.3,0,2,2,337.53,297.48,265.31,102.57,56.58,45202.04,0.0,132.7,0
20:36:54,394.3,0,2,2,337.4,297.38,265.24,102.55,56.57,45144.78,0.0,132.63,0
20:36:54,394.4,0,2,2,337.27,297.28,265.16,102.53,56.56,45099.48,0.0,132.56,0
20:36:54,394.4,0,2,2,337.13,297.18,265.08,102.5,56.55,45052.93,0.0,132.49,0
20:36:54,394.5,0,2,2,337.01,297.08,265.0,102.48,56.55,45002.04,0.0,132.42,0
20:36:54,394.5,0,2,2,336.89,296.99,264.93,102.46,56.54,44956.47,0.0,132.35,0
20:36:54,394.6,0,2,2,336.77,296.89,264.85,102.43,56.53,44912.54,0.0,132.28,0
20:36:55,394.6,0,2,2,336.62,296.78,264.77,102.41,56.52,44867.68,0.0,132.21,0
20:36:55,394.7,0,2,2,336.5,296.68,264.69,102.38,56.51,44814.85,0.0,132.14,0
20:36:55,394.8,0,2,2,336.38,296.59,264.62,102.36,56.5,44769.2,0.0,132.07,0
20:36:55,394.8,0,2,2,336.24,296.48,264.53,102.34,56.49,44725.22,0.0,132.0,0
20:36:55,394.9,0,2,2,336.11,296.38,264.45,102.31,56.48,44674.56,0.0,131.93,0
20:36:55,394.9,0,2,2,335.99,296.29,264.38,102.29,56.47,44626.9,0.0,131.86,0
20:36:55,395.0,0,2,2,335.87,296.2,264.31,102.27,56.46,44582.22,0.0,131.79,0
20:36:55,395.0,0,2,2,335.73,296.09,264.22,102.24,56.45,44538.18,0.0,131.72,0
20:36:55,395.1,0,2,2,335.6,295.99,264.14,102.22,56.44,44486.87,0.0,131.65,0
20:36:55,395.1,0,2,2,335.48,295.9,264.07,102.2,56.43,44441.86,0.0,131.58,0
20:36:55,395.2,0,2,2,335.36,295.81,264.0,102.18,56.42,44396.47,0.0,131.51,0
20:36:55,395.2,0,2,2,335.23,295.71,263.92,102.15,56.41,44352.22,0.0,131.44,0
20:36:55,395.3,0,2,2,335.11,295.61,263.84,102.13,56.4,44305.12,0.0,131.37,0
20:36:55,395.4,0,2,2,334.98,295.51,263.76,102.11,56.39,44260.17,0.0,131.3,0
20:36:55,395.4,0,2,2,334.85,295.41,263.68,102.08,56.39,44212.44,0.0,131.23,0
20:36:55,395.5,0,2,2,334.73,295.32,263.61,102.06,56.38,44164.75,0.0,131.16,0
20:36:55,395.5,0,2,2,334.61,295.22,263.54,102.04,56.37,44120.01,0.0,131.09,0
20:36:55,395.6,0,2,2,334.49,295.13,263.46,102.02,56.36,44075.26,0.0,131.02,0
20:36:56,395.6,0,2,2,334.34,295.02,263.37,101.99,56.35,44030.95,0.0,130.95,0
20:36:56,395.7,0,2,2,334.22,294.93,263.3,101.97,56.34,43978.29,0.0,130.88,0
20:36:56,395.7,0,2,2,334.1,294.83,263.22,101.94,56.33,43933.09,0.0,130.81,0
20:36:56,395.8,0,2,2,333.97,294.73,263.14,101.92,56.32,43887.96,0.0,130.74,0
20:36:56,395.9,0,2,2,333.84,294.63,263.07,101.9,56.31,43840.33,0.0,130.67,0
20:36:56,395.9,0,2,2,333.71,294.53,262.98,101.87,56.3,43793.36,0.0,130.6,0
20:36:56,396.0,0,2,2,333.59,294.43,262.91,101.85,56.29,43742.56,0.0,130.53,0
20:36:56,396.0,0,2,2,333.44,294.32,262.82,101.82,56.28,43698.49,0.0,130.46,0
20:36:56,396.1,0,2,2,333.32,294.22,262.74,101.8,56.27,43643.23,0.0,130.39,0
20:36:56,396.1,0,2,2,333.19,294.12,262.66,101.77,56.26,43598.26,0.0,130.32,0
20:36:56,396.2,0,2,2,333.05,294.02,262.58,101.75,56.25,43549.7,0.0,130.25,0
20:36:56,396.3,0,2,2,332.92,293.92,262.5,101.73,56.24,43500.47,0.0,130.18,0
20:36:56,396.3,0,2,2,332.8,293.82,262.42,101.7,56.23,43451.97,0.0,130.11,0
20:36:56,396.4,0,2,2,332.68,293.73,262.35,101.68,56.22,43406.49,0.0,130.04,0
20:36:56,396.4,0,2,2,332.55,293.63,262.27,101.66,56.21,43362.54,0.0,129.97,0
20:36:56,396.5,0,2,2,332.41,293.52,262.18,101.63,56.2,43314.04,0.0,129.9,0
20:36:56,396.5,0,2,2,332.29,293.42,262.1,101.61,56.19,43262.76,0.0,129.83,0
20:36:56,396.6,0,2,2,332.15,293.32,262.02,101.58,56.18,43215.03,0.0,129.76,0
20:36:57,396.7,0,2,2,332.03,293.22,261.94,101.56,56.17,43165.26,0.0,129.69,0
20:36:57,396.7,0,2,2,331.91,293.13,261.87,101.54,56.17,43119.62,0.0,129.62,0
20:36:57,396.8,0,2,2,331.78,293.03,261.79,101.51,56.16,43075.13,0.0,129.55,0
20:36:57,396.8,0,2,2,331.65,292.93,261.71,101.49,56.15,43025.84,0.0,129.48,0
20:36:57,396.9,0,2,2,331.53,292.83,261.64,101.47,56.14,42978.51,0.0,129.41,0
20:36:57,396.9,0,2,2,331.4,292.73,261.55,101.44,56.13,42934.05,0.0,129.34,0
20:36:57,397.0,0,2,2,331.27,292.63,261.47,101.42,56.12,42885.24,0.0,129.27,0
20:36:57,397.0,0,2,2,331.15,292.54,261.4,101.4,56.11,42837.23,0.0,129.2,0
20:36:57,397.1,0,2,2,331.03,292.45,261.33,101.37,56.1,42792.19,0.0,129.13,0
20:36:57,397.2,0,2,2,330.91,292.35,261.25,101.35,56.09,42747.82,0.0,129.06,0
20:36:57,397.2,0,2,2,330.79,292.25,261.17,101.33,56.08,42699.9,0.0,128.99,0
20:36:57,397.3,0,2,2,330.67,292.16,261.1,101.31,56.07,42655.66,0.0,128.92,0
20:36:57,397.3,0,2,2,330.54,292.06,261.02,101.28,56.06,42611.7,0.0,128.85,0
20:36:57,397.4,0,2,2,330.42,291.96,260.94,101.26,56.05,42562.01,0.0,128.78,0
20:36:57,397.4,0,2,2,330.3,291.87,260.87,101.24,56.04,42517.02,0.0,128.71,0
20:36:57,397.5,0,2,2,330.18,291.78,260.79,101.21,56.03,42471.95,0.0,128.64,0
20:36:57,397.6,0,2,2,330.04,291.67,260.7,101.19,56.02,42427.72,0.0,128.57,0
20:36:57,397.6,0,2,2,329.91,291.57,260.62,101.16,56.01,42373.56,0.0,128.5,0
20:36:58,397.7,0,2,2,329.79,291.47,260.55,101.14,56.01,42325.4,0.0,128.43,0
20:36:58,397.7,0,2,2,329.66,291.37,260.47,101.12,56.0,42281.56,0.0,128.36,0
20:36:58,397.8,0,2,2,329.53,291.27,260.39,101.09,55.99,42232.18,0.0,128.29,0
20:36:58,397.8,0,2,2,329.42,291.18,260.31,101.07,55.98,42184.43,0.0,128.22,0
20:36:58,397.9,0,2,2,329.29,291.08,260.23,101.05,55.97,42140.02,0.0,128.15,0
20:36:58,397.9,0,2,2,329.16,290.98,260.15,101.02,55.96,42092.5,0.0,128.08,0
20:36:58,398.0,0,2,2,329.05,290.89,260.08,101.0,55.95,42044.12,0.0,128.01,0
20:36:58,398.1,0,2,2,328.93,290.8,260.01,100.98,55.94,42000.65,0.0,127.94,0
20:36:58,398.1,0,2,2,328.8,290.69,259.92,100.95,55.93,41956.68,0.0,127.87,0
20:36:58,398.2,0,2,2,328.65,290.58,259.83,100.93,55.92,41906.32,0.0,127.8,0
20:36:58,398.2,0,2,2,328.54,290.49,259.76,100.9,55.91,41851.66,0.0,127.73,0
20:36:58,398.3,0,2,2,328.41,290.39,259.68,100.88,55.9,41807.33,0.0,127.66,0
20:36:58,398.3,0,2,2,328.3,290.3,259.61,100.86,55.89,41761.47,0.0,127.6,0
20:36:58,398.4,0,2,2,328.18,290.21,259.54,100.84,55.88,41717.02,0.0,127.53,0
20:36:58,398.4,0,2,2,328.05,290.11,259.45,100.81,55.87,41673.17,0.0,127.46,0
20:36:58,398.5,0,2,2,327.92,290.01,259.37,100.79,55.86,41623.48,0.0,127.39,0
20:36:58,398.6,0,2,2,327.79,289.9,259.29,100.76,55.85,41575.46,0.0,127.32,0
20:36:58,398.6,0,2,2,327.67,289.81,259.21,100.74,55.84,41524.71,0.0,127.25,0
20:36:59,398.7,0,2,2,327.55,289.72,259.14,100.72,55.83,41480.5,0.0,127.18,0
20:36:59,398.7,0,2,2,327.44,289.63,259.06,100.7,55.83,41434.47,0.0,127.11,0
20:36:59,398.8,0,2,2,327.32,289.53,258.99,100.67,55.82,41390.55,0.0,127.04,0
20:36:59,398.8,0,2,2,327.2,289.44,258.91,100.65,55.81,41346.61,0.0,126.97,0
20:36:59,398.9,0,2,2,327.07,289.34,258.83,100.63,55.8,41299.32,0.0,126.9,0
20:36:59,398.9,0,2,2,326.96,289.25,258.76,100.6,55.79,41252.94,0.0,126.83,0
20:36:59,399.0,0,2,2,326.83,289.14,258.68,100.58,55.78,41208.56,0.0,126.76,0
20:36:59,399.1,0,2,2,326.71,289.05,258.6,100.56,55.77,41158.26,0.0,126.69,0
20:36:59,399.1,0,2,2,326.59,288.96,258.53,100.53,55.76,41114.34,0.0,126.62,0
20:36:59,399.2,0,2,2,326.48,288.87,258.46,100.51,55.75,41069.76,0.0,126.55,0
20:36:59,399.2,0,2,2,326.35,288.77,258.37,100.49,55.74,41026.06,0.0,126.48,0
20:36:59,399.3,0,2,2,326.23,288.68,258.3,100.47,55.73,40976.91,0.0,126.41,0
20:36:59,399.3,0,2,2,326.11,288.58,258.22,100.44,55.72,40932.5,0.0,126.35,0
20:36:59,399.4,0,2,2,325.99,288.49,258.15,100.42,55.72,40885.89,0.0,126.28,0
20:36:59,399.4,0,2,2,325.87,288.39,258.07,100.4,55.71,40839.89,0.0,126.21,0
20:36:59,399.5,0,2,2,325.76,288.3,258.0,100.38,55.7,40794.78,0.0,126.14,0
20:36:59,399.6,0,2,2,325.64,288.21,257.92,100.35,55.69,40750.32,0.0,126.07,0
20:37:00,399.6,0,2,2,325.48,288.08,257.82,100.32,55.68,40706.53,0.0,126.0,0
20:37:00,399.7,0,2,2,325.36,287.99,257.74,100.3,55.67,40642.53,0.0,125.93,0
20:37:00,399.7,0,2,2,325.24,287.89,257.67,100.28,55.66,40597.03,0.0,125.86,0
20:37:00,399.8,0,2,2,325.12,287.8,257.59,100.25,55.65,40553.08,0.0,125.79,0
20:37:00,399.8,0,2,2,325.0,287.71,257.52,100.23,55.64,40506.39,0.0,125.72,0
20:37:00,399.9,0,2,2,324.89,287.61,257.44,100.21,55.63,40461.17,0.0,125.65,0
20:37:00,399.9,0,2,2,324.77,287.52,257.37,100.19,55.62,40416.61,0.0,125.58,0
20:37:00,400.0,0,2,2,324.65,287.42,257.29,100.16,55.61,40372.81,0.0,125.51,0
20:37:00,400.1,0,2,2,324.53,287.33,257.21,100.14,55.6,40324.91,0.0,125.44,0
20:37:00,400.1,0,2,2,324.42,287.24,257.14,100.12,55.59,40279.49,0.0,125.38,0
20:37:00,400.2,0,2,2,324.3,287.15,257.07,100.1,55.59,40235.96,0.0,125.31,0
20:37:00,400.2,0,2,2,324.18,287.05,256.99,100.07,55.58,40192.35,0.0,125.24,0
20:37:00,400.3,0,2,2,324.07,286.96,256.91,100.05,55.57,40143.39,0.0,125.17,0
20:37:00,400.3,0,2,2,323.95,286.87,256.84,100.03,55.56,40100.39,0.0,125.1,0
20:37:00,400.4,0,2,2,323.82,286.77,256.75,100.0,55.55,40055.77,0.0,125.03,0
20:37:00,400.4,0,2,2,323.7,286.67,256.68,99.98,55.54,40004.32,0.0,124.96,0
20:37:00,400.5,0,2,2,323.59,286.58,256.61,99.96,55.53,39958.33,0.0,124.89,0
20:37:00,400.6,0,2,2,323.43,286.46,256.51,99.93,55.52,39915.21,0.0,124.82,0
20:37:00,400.6,0,2,2,323.32,286.37,256.43,99.91,55.51,39856.38,0.0,124.75,0
20:37:01,400.7,0,2,2,323.21,286.28,256.36,99.88,55.5,39812.48,0.0,124.68,0
20:37:01,400.7,0,2,2,323.09,286.19,256.29,99.86,55.49,39769.18,0.0,124.62,0
20:37:01,400.8,0,2,2,322.97,286.1,256.21,99.84,55.48,39724.33,0.0,124.55,0
20:37:01,400.8,0,2,2,322.86,286.0,256.14,99.82,55.47,39678.59,0.0,124.48,0
20:37:01,400.9,0,2,2,322.75,285.92,256.06,99.8,55.46,39633.91,0.0,124.41,0
20:37:01,400.9,0,2,2,322.63,285.82,255.99,99.77,55.46,39590.44,0.0,124.34,0
20:37:01,401.0,0,2,2,322.52,285.73,255.92,99.75,55.45,39544.91,0.0,124.27,0
20:37:01,401.1,0,2,2,322.4,285.64,255.84,99.73,55.44,39501.01,0.0,124.2,0
20:37:01,401.1,0,2,2,322.27,285.54,255.76,99.7,55.43,39457.65,0.0,124.13,0
20:37:01,401.2,0,2,2,322.14,285.43,255.67,99.68,55.42,39405.26,0.0,124.06,0
20:37:01,401.2,0,2,2,322.03,285.34,255.6,99.66,55.41,39353.93,0.0,123.99,0
20:37:01,401.3,0,2,2,321.91,285.25,255.52,99.63,55.4,39310.88,0.0,123.93,0
20:37:01,401.3,0,2,2,321.8,285.16,255.45,99.61,55.39,39266.28,0.0,123.86,0
20:37:01,401.4,0,2,2,321.69,285.07,255.38,99.59,55.38,39222.66,0.0,123.79,0
20:37:01,401.4,0,2,2,321.56,284.97,255.3,99.57,55.37,39178.85,0.0,123.72,0
20:37:01,401.5,0,2,2,321.45,284.88,255.22,99.54,55.36,39131.16,0.0,123.65,0
20:37:01,401.6,0,2,2,321.33,284.79,255.15,99.52,55.35,39086.56,0.0,123.58,0
20:37:02,401.6,0,2,2,321.21,284.7,255.07,99.5,55.34,39042.03,0.0,123.51,0
20:37:02,401.7,0,2,2,321.07,284.58,254.98,99.47,55.33,38995.07,0.0,123.44,0
20:37:02,401.7,0,2,2,320.95,284.49,254.9,99.45,55.32,38938.36,0.0,123.38,0
20:37:02,401.8,0,2,2,320.84,284.4,254.83,99.43,55.32,38893.94,0.0,123.31,0
20:37:02,401.9,0,2,2,320.68,284.27,254.72,99.39,55.3,38850.36,0.0,123.24,0
20:37:02,401.9,0,2,2,320.56,284.18,254.65,99.37,55.29,38786.42,0.0,123.17,0
20:37:02,402.0,0,2,2,320.45,284.09,254.58,99.35,55.28,38741.01,0.0,123.1,0
20:37:02,402.0,0,2,2,320.34,284.0,254.5,99.33,55.28,38697.16,0.0,123.03,0
20:37:02,402.1,0,2,2,320.21,283.9,254.42,99.3,55.27,38652.89,0.0,122.96,0
20:37:02,402.1,0,2,2,320.09,283.8,254.34,99.28,55.26,38604.46,0.0,122.89,0
20:37:02,402.2,0,2,2,319.98,283.71,254.27,99.26,55.25,38556.17,0.0,122.83,0
20:37:02,402.3,0,2,2,319.84,283.6,254.18,99.23,55.24,38512.95,0.0,122.76,0
20:37:02,402.3,0,2,2,319.72,283.5,254.1,99.21,55.23,38457.51,0.0,122.69,0
20:37:02,402.4,0,2,2,319.61,283.42,254.03,99.18,55.22,38411.63,0.0,122.62,0
20:37:02,402.4,0,2,2,319.48,283.31,253.94,99.16,55.21,38368.47,0.0,122.55,0
20:37:02,402.5,0,2,2,319.36,283.22,253.87,99.14,55.2,38315.68,0.0,122.48,0
20:37:02,402.6,0,2,2,319.25,283.13,253.79,99.11,55.19,38271.32,0.0,122.41,0
20:37:02,402.6,0,2,2,319.09,283.0,253.69,99.08,55.18,38227.16,0.0,122.35,0
20:37:03,402.7,0,2,2,318.97,282.91,253.61,99.06,55.17,38165.1,0.0,122.28,0
20:37:03,402.7,0,2,2,318.87,282.82,253.54,99.04,55.16,38118.1,0.0,122.21,0
20:37:03,402.8,0,2,2,318.76,282.73,253.47,99.02,55.15,38075.31,0.0,122.14,0
20:37:03,402.8,0,2,2,318.61,282.62,253.37,98.99,55.14,38032.21,0.0,122.07,0
20:37:03,402.9,0,2,2,318.5,282.52,253.3,98.96,55.13,37974.83,0.0,122.0,0
20:37:03,403.0,0,2,2,318.39,282.44,253.23,98.94,55.12,37929.38,0.0,121.93,0
20:37:03,403.0,0,2,2,318.24,282.32,253.13,98.92,55.11,37886.41,0.0,121.87,0
20:37:03,403.1,0,2,2,318.13,282.23,253.06,98.89,55.1,37830.44,0.0,121.8,0
20:37:03,403.1,0,2,2,318.02,282.14,252.98,98.87,55.09,37784.76,0.0,121.73,0
20:37:03,403.2,0,2,2,317.9,282.05,252.91,98.85,55.08,37740.7,0.0,121.66,0
20:37:03,403.2,0,2,2,317.79,281.95,252.83,98.82,55.07,37696.34,0.0,121.59,0
20:37:03,403.3,0,2,2,317.68,281.87,252.76,98.8,55.07,37649.63,0.0,121.52,0
20:37:03,403.4,0,2,2,317.57,281.78,252.69,98.78,55.06,37606.69,0.0,121.46,0
20:37:03,403.4,0,2,2,317.44,281.67,252.6,98.76,55.05,37562.74,0.0,121.39,0
20:37:03,403.5,0,2,2,317.31,281.57,252.52,98.73,55.04,37511.08,0.0,121.32,0
20:37:03,403.5,0,2,2,317.19,281.47,252.44,98.71,55.03,37462.14,0.0,121.25,0
20:37:03,403.6,0,2,2,317.06,281.37,252.35,98.68,55.02,37412.76,0.0,121.18,0
20:37:04,403.6,0,2,2,316.94,281.28,252.28,98.66,55.01,37362.47,0.0,121.11,0
20:37:04,403.7,0,2,2,316.83,281.19,252.2,98.64,55.0,37316.24,0.0,121.05,0
20:37:04,403.8,0,2,2,316.72,281.09,252.13,98.61,54.99,37271.5,0.0,120.98,0
20:37:04,403.8,0,2,2,316.61,281.01,252.05,98.59,54.98,37225.89,0.0,120.91,0
20:37:04,403.9,0,2,2,316.5,280.92,251.98,98.57,54.97,37182.51,0.0,120.84,0
20:37:04,403.9,0,2,2,316.36,280.81,251.89,98.54,54.96,37139.84,0.0,120.77,0
20:37:04,404.0,0,2,2,316.24,280.72,251.81,98.52,54.95,37085.45,0.0,120.7,0
20:37:04,404.0,0,2,2,316.13,280.62,251.74,98.5,54.94,37038.7,0.0,120.64,0
20:37:04,404.1,0,2,2,316.02,280.53,251.66,98.47,54.93,36993.62,0.0,120.57,0
20:37:04,404.2,0,2,2,315.89,280.43,251.58,98.45,54.92,36949.05,0.0,120.5,0
20:37:04,404.2,0,2,2,315.78,280.34,251.51,98.43,54.92,36899.38,0.0,120.43,0
20:37:04,404.3,0,2,2,315.67,280.25,251.43,98.41,54.91,36854.17,0.0,120.36,0
20:37:04,404.3,0,2,2,315.54,280.15,251.35,98.38,54.9,36811.06,0.0,120.29,0
20:37:04,404.4,0,2,2,315.43,280.06,251.27,98.36,54.89,36758.26,0.0,120.23,0
20:37:04,404.4,0,2,2,315.32,279.97,251.2,98.34,54.88,36714.31,0.0,120.16,0
20:37:04,404.5,0,2,2,315.21,279.88,251.13,98.31,54.87,36670.0,0.0,120.09,0
20:37:04,404.6,0,2,2,315.08,279.78,251.04,98.29,54.86,36625.77,0.0,120.02,0
20:37:04,404.6,0,2,2,314.97,279.69,250.97,98.26,54.85,36574.24,0.0,119.95,0
20:37:05,404.7,0,2,2,314.86,279.6,250.89,98.24,54.84,36529.38,0.0,119.89,0
20:37:05,404.7,0,2,2,314.74,279.5,250.81,98.22,54.83,36486.52,0.0,119.82,0
20:37:05,404.8,0,2,2,314.63,279.41,250.74,98.2,54.82,36437.95,0.0,119.75,0
20:37:05,404.8,0,2,2,314.52,279.32,250.67,98.18,54.81,36393.73,0.0,119.68,0
20:37:05,404.9,0,2,2,314.41,279.24,250.6,98.15,54.81,36350.15,0.0,119.61,0
20:37:05,404.9,0,2,2,314.3,279.15,250.52,98.13,54.8,36307.23,0.0,119.55,0
20:37:05,405.0,0,2,2,314.2,279.06,250.45,98.11,54.79,36263.81,0.0,119.48,0
20:37:05,405.0,0,2,2,314.09,278.98,250.38,98.09,54.78,36221.05,0.0,119.41,0
20:37:05,405.1,0,2,2,313.96,278.87,250.3,98.06,54.77,36177.6,0.0,119.34,0
20:37:05,405.2,0,2,2,313.85,278.79,250.22,98.04,54.76,36127.68,0.0,119.27,0
20:37:05,405.2,0,2,2,313.74,278.7,250.15,98.02,54.75,36083.78,0.0,119.21,0
20:37:05,405.3,0,2,2,313.63,278.61,250.08,98.0,54.74,36039.13,0.0,119.14,0
20:37:05,405.3,0,2,2,313.52,278.51,250.0,97.97,54.73,35995.56,0.0,119.07,0
20:37:05,405.4,0,2,2,313.39,278.41,249.92,97.95,54.72,35948.77,0.0,119.0,0
20:37:05,405.4,0,2,2,313.28,278.33,249.84,97.93,54.72,35897.91,0.0,118.94,0
20:37:05,405.5,0,2,2,313.17,278.23,249.77,97.9,54.71,35854.86,0.0,118.87,0
20:37:05,405.5,0,2,2,313.06,278.14,249.69,97.88,54.7,35808.26,0.0,118.8,0
20:37:05,405.6,0,2,2,312.95,278.06,249.62,97.86,54.69,35764.95,0.0,118.73,0
20:37:06,405.7,0,2,2,312.84,277.97,249.55,97.84,54.68,35722.2,0.0,118.66,0
20:37:06,405.7,0,2,2,312.72,277.87,249.47,97.81,54.67,35676.88,0.0,118.6,0
20:37:06,405.8,0,2,2,312.6,277.77,249.39,97.79,54.66,35628.14,0.0,118.53,0
20:37:06,405.8,0,2,2,312.48,277.67,249.3,97.77,54.65,35579.69,0.0,118.46,0
20:37:06,405.9,0,2,2,312.36,277.58,249.23,97.74,54.64,35530.82,0.0,118.39,0
20:37:06,405.9,0,2,2,312.25,277.49,249.15,97.72,54.63,35484.63,0.0,118.33,0
20:37:06,406.0,0,2,2,312.15,277.41,249.08,97.7,54.62,35439.98,0.0,118.26,0
20:37:06,406.1,0,2,2,312.03,277.31,249.01,97.68,54.61,35397.5,0.0,118.19,0
20:37:06,406.1,0,2,2,311.92,277.22,248.93,97.65,54.6,35351.12,0.0,118.12,0
20:37:06,406.2,0,2,2,311.79,277.11,248.84,97.63,54.59,35303.8,0.0,118.05,0
20:37:06,406.2,0,2,2,311.68,277.03,248.77,97.6,54.59,35251.77,0.0,117.99,0
20:37:06,406.3,0,2,2,311.57,276.93,248.69,97.58,54.58,35208.04,0.0,117.92,0
20:37:06,406.3,0,2,2,311.46,276.85,248.62,97.56,54.57,35162.17,0.0,117.85,0
20:37:06,406.4,0,2,2,311.35,276.76,248.54,97.54,54.56,35118.25,0.0,117.78,0
20:37:06,406.5,0,2,2,311.23,276.66,248.46,97.51,54.55,35073.31,0.0,117.72,0
20:37:06,406.5,0,2,2,311.12,276.57,248.39,97.49,54.54,35024.98,0.0,117.65,0
20:37:06,406.6,0,2,2,311.01,276.48,248.32,97.47,54.53,34981.34,0.0,117.58,0
20:37:07,406.6,0,2,2,310.9,276.39,248.24,97.45,54.52,34937.35,0.0,117.51,0
20:37:07,406.7,0,2,2,310.76,276.28,248.15,97.42,54.51,34892.52,0.0,117.45,0
20:37:07,406.7,0,2,2,310.64,276.18,248.07,97.39,54.5,34836.4,0.0,117.38,0
20:37:07,406.8,0,2,2,310.54,276.1,248.0,97.37,54.49,34788.3,0.0,117.31,0
20:37:07,406.9,0,2,2,310.42,276.0,247.92,97.35,54.48,34745.06,0.0,117.24,0
20:37:07,406.9,0,2,2,310.31,275.91,247.84,97.33,54.47,34697.69,0.0,117.18,0
20:37:07,407.0,0,2,2,310.21,275.83,247.77,97.3,54.47,34651.79,0.0,117.11,0
20:37:07,407.0,0,2,2,310.09,275.74,247.7,97.28,54.46,34609.67,0.0,117.04,0
20:37:07,407.1,0,2,2,309.98,275.64,247.62,97.26,54.45,34564.68,0.0,116.97,0
20:37:07,407.1,0,2,2,309.86,275.55,247.54,97.24,54.44,34516.08,0.0,116.91,0
20:37:07,407.2,0,2,2,309.76,275.46,247.47,97.21,54.43,34470.21,0.0,116.84,0
20:37:07,407.3,0,2,2,309.61,275.34,247.37,97.18,54.42,34427.47,0.0,116.77,0
20:37:07,407.3,0,2,2,309.49,275.25,247.29,97.16,54.41,34366.9,0.0,116.71,0
20:37:07,407.4,0,2,2,309.39,275.16,247.22,97.14,54.4,34320.44,0.0,116.64,0
20:37:07,407.4,0,2,2,309.27,275.06,247.14,97.11,54.39,34278.2,0.0,116.57,0
20:37:07,407.5,0,2,2,309.15,274.97,247.06,97.09,54.38,34226.92,0.0,116.5,0
20:37:07,407.6,0,2,2,309.03,274.87,246.98,97.06,54.37,34181.46,0.0,116.44,0
20:37:07,407.6,0,2,2,308.92,274.78,246.9,97.04,54.36,34129.46,0.0,116.37,0
20:37:08,407.7,0,2,2,308.81,274.69,246.83,97.02,54.35,34084.17,0.0,116.3,0
20:37:08,407.7,0,2,2,308.7,274.6,246.75,97.0,54.34,34039.53,0.0,116.23,0
20:37:08,407.8,0,2,2,308.59,274.51,246.68,96.98,54.33,33994.65,0.0,116.17,0
20:37:08,407.8,0,2,2,308.48,274.42,246.6,96.95,54.33,33952.78,0.0,116.1,0
20:37:08,407.9,0,2,2,308.37,274.33,246.53,96.93,54.32,33905.68,0.0,116.03,0
20:37:08,407.9,0,2,2,308.26,274.24,246.46,96.91,54.31,33860.55,0.0,115.97,0
20:37:08,408.0,0,2,2,308.15,274.15,246.38,96.89,54.3,33817.22,0.0,115.9,0
20:37:08,408.1,0,2,2,308.04,274.06,246.31,96.86,54.29,33772.02,0.0,115.83,0
20:37:08,408.1,0,2,2,307.93,273.97,246.23,96.84,54.28,33726.28,0.0,115.76,0
20:37:08,408.2,0,2,2,307.83,273.89,246.16,96.82,54.27,33680.16,0.0,115.7,0
20:37:08,408.2,0,2,2,307.72,273.8,246.09,96.8,54.26,33638.3,0.0,115.63,0
20:37:08,408.3,0,2,2,307.6,273.7,246.01,96.77,54.25,33593.53,0.0,115.56,0
20:37:08,408.3,0,2,2,307.49,273.61,245.93,96.75,54.24,33546.33,0.0,115.5,0
20:37:08,408.4,0,2,2,307.39,273.53,245.86,96.73,54.24,33500.56,0.0,115.43,0
20:37:08,408.5,0,2,2,307.26,273.42,245.77,96.7,54.22,33457.87,0.0,115.36,0
20:37:08,408.5,0,2,2,307.14,273.32,245.69,96.68,54.21,33404.66,0.0,115.3,0
20:37:08,408.6,0,2,2,307.04,273.24,245.62,96.66,54.21,33355.01,0.0,115.23,0
20:37:09,408.6,0,2,2,306.92,273.14,245.54,96.63,54.2,33313.1,0.0,115.16,0
20:37:09,408.7,0,2,2,306.81,273.06,245.47,96.61,54.19,33263.68,0.0,115.09,0
20:37:09,408.7,0,2,2,306.7,272.96,245.39,96.59,54.18,33220.02,0.0,115.03,0
20:37:09,408.8,0,2,2,306.59,272.88,245.32,96.57,54.17,33173.2,0.0,114.96,0
20:37:09,408.9,0,2,2,306.47,272.78,245.23,96.54,54.16,33130.41,0.0,114.89,0
20:37:09,408.9,0,2,2,306.37,272.69,245.16,96.52,54.15,33079.28,0.0,114.83,0
20:37:09,409.0,0,2,2,306.26,272.61,245.09,96.5,54.14,33037.22,0.0,114.76,0
20:37:09,409.0,0,2,2,306.14,272.51,245.01,96.47,54.13,32995.17,0.0,114.69,0
20:37:09,409.1,0,2,2,306.03,272.42,244.93,96.45,54.12,32942.95,0.0,114.63,0
20:37:09,409.1,0,2,2,305.93,272.33,244.86,96.43,54.12,32899.98,0.0,114.56,0
20:37:09,409.2,0,2,2,305.82,272.25,244.79,96.41,54.11,32856.78,0.0,114.49,0
20:37:09,409.2,0,2,2,305.71,272.15,244.71,96.38,54.1,32812.38,0.0,114.43,0
20:37:09,409.3,0,2,2,305.61,272.07,244.64,96.36,54.09,32766.27,0.0,114.36,0
20:37:09,409.4,0,2,2,305.51,271.99,244.57,96.34,54.08,32724.23,0.0,114.29,0
20:37:09,409.4,0,2,2,305.37,271.88,244.48,96.31,54.07,32682.68,0.0,114.23,0
20:37:09,409.5,0,2,2,305.26,271.78,244.4,96.29,54.06,32625.76,0.0,114.16,0
20:37:09,409.5,0,2,2,305.14,271.68,244.32,96.26,54.05,32579.16,0.0,114.09,0
20:37:09,409.6,0,2,2,305.03,271.6,244.25,96.24,54.04,32528.76,0.0,114.03,0
20:37:10,409.7,0,2,2,304.92,271.51,244.17,96.22,54.03,32485.48,0.0,113.96,0
20:37:10,409.7,0,2,2,304.81,271.42,244.09,96.2,54.02,32439.34,0.0,113.89,0
20:37:10,409.8,0,2,2,304.7,271.32,244.02,96.17,54.01,32393.06,0.0,113.83,0
20:37:10,409.8,0,2,2,304.59,271.24,243.95,96.15,54.0,32346.34,0.0,113.76,0
20:37:10,409.9,0,2,2,304.49,271.15,243.87,96.13,54.0,32303.8,0.0,113.69,0
20:37:10,409.9,0,2,2,304.37,271.05,243.79,96.1,53.99,32260.21,0.0,113.63,0
20:37:10,410.0,0,2,2,304.26,270.96,243.71,96.08,53.98,32209.16,0.0,113.56,0
20:37:10,410.1,0,2,2,304.15,270.88,243.64,96.06,53.97,32162.99,0.0,113.49,0
20:37:10,410.1,0,2,2,304.04,270.79,243.57,96.04,53.96,32120.67,0.0,113.43,0
20:37:10,410.2,0,2,2,303.91,270.67,243.47,96.01,53.95,32075.49,0.0,113.36,0
20:37:10,410.2,0,2,2,303.79,270.58,243.39,95.99,53.94,32017.9,0.0,113.29,0
20:37:10,410.3,0,2,2,303.69,270.5,243.32,95.96,53.93,31970.01,0.0,113.23,0
20:37:10,410.4,0,2,2,303.57,270.39,243.24,95.94,53.92,31927.89,0.0,113.16,0
20:37:10,410.4,0,2,2,303.46,270.31,243.17,95.92,53.91,31876.48,0.0,113.09,0
20:37:10,410.5,0,2,2,303.36,270.23,243.1,95.9,53.9,31833.39,0.0,113.03,0
20:37:10,410.5,0,2,2,303.25,270.14,243.02,95.87,53.89,31792.03,0.0,112.96,0
20:37:10,410.6,0,2,2,303.15,270.05,242.95,95.85,53.88,31746.47,0.0,112.9,0
20:37:11,410.6,0,2,2,303.05,269.97,242.88,95.83,53.88,31704.34,0.0,112.83,0
20:37:11,410.7,0,2,2,302.95,269.88,242.81,95.81,53.87,31659.64,0.0,112.76,0
20:37:11,410.7,0,2,2,302.83,269.79,242.73,95.79,53.86,31617.95,0.0,112.7,0
20:37:11,410.8,0,2,2,302.73,269.71,242.66,95.76,53.85,31570.1,0.0,112.63,0
20:37:11,410.8,0,2,2,302.63,269.62,242.59,95.74,53.84,31527.83,0.0,112.56,0
20:37:11,410.9,0,2,2,302.53,269.54,242.52,95.72,53.83,31485.97,0.0,112.5,0
20:37:11,411.0,0,2,2,302.42,269.45,242.44,95.7,53.82,31442.37,0.0,112.43,0
20:37:11,411.0,0,2,2,302.32,269.37,242.37,95.68,53.82,31396.91,0.0,112.36,0
20:37:11,411.1,0,2,2,302.22,269.28,242.3,95.66,53.81,31355.21,0.0,112.3,0
20:37:11,411.1,0,2,2,302.1,269.19,242.23,95.63,53.8,31312.33,0.0,112.23,0
20:37:11,411.2,0,2,2,302.0,269.11,242.16,95.61,53.79,31265.18,0.0,112.17,0
20:37:11,411.2,0,2,2,301.9,269.02,242.08,95.59,53.78,31223.63,0.0,112.1,0
20:37:11,411.3,0,2,2,301.77,268.92,242.0,95.56,53.77,31179.34,0.0,112.03,0
20:37:11,411.3,0,2,2,301.66,268.82,241.92,95.54,53.76,31127.2,0.0,111.97,0
20:37:11,411.4,0,2,2,301.56,268.74,241.85,95.52,53.75,31078.7,0.0,111.9,0
20:37:11,411.5,0,2,2,301.45,268.65,241.77,95.49,53.74,31036.16,0.0,111.84,0
20:37:11,411.5,0,2,2,301.33,268.55,241.69,95.47,53.73,30989.78,0.0,111.77,0
20:37:11,411.6,0,2,2,301.23,268.47,241.62,95.45,53.72,30942.44,0.0,111.7,0
20:37:12,411.6,0,2,2,301.11,268.37,241.54,95.43,53.71,30900.83,0.0,111.64,0
20:37:12,411.7,0,2,2,301.01,268.29,241.47,95.4,53.71,30850.68,0.0,111.57,0
20:37:12,411.7,0,2,2,300.91,268.2,241.39,95.38,53.7,30808.38,0.0,111.51,0
20:37:12,411.8,0,2,2,300.81,268.12,241.32,95.36,53.69,30763.29,0.0,111.44,0
20:37:12,411.9,0,2,2,300.7,268.03,241.25,95.34,53.68,30721.02,0.0,111.37,0
20:37:12,411.9,0,2,2,300.6,267.95,241.18,95.32,53.67,30676.56,0.0,111.31,0
20:37:12,412.0,0,2,2,300.5,267.86,241.11,95.3,53.66,30633.33,0.0,111.24,0
20:37:12,412.0,0,2,2,300.4,267.78,241.04,95.27,53.65,30591.89,0.0,111.18,0
20:37:12,412.1,0,2,2,300.29,267.69,240.96,95.25,53.64,30548.67,0.0,111.11,0
20:37:12,412.1,0,2,2,300.19,267.6,240.89,95.23,53.64,30502.32,0.0,111.04,0
20:37:12,412.2,0,2,2,300.09,267.52,240.82,95.21,53.63,30459.57,0.0,110.98,0
20:37:12,412.2,0,2,2,299.98,267.43,240.75,95.19,53.62,30418.32,0.0,110.91,0
20:37:12,412.3,0,2,2,299.88,267.35,240.68,95.16,53.61,30371.39,0.0,110.85,0
20:37:12,412.3,0,2,2,299.77,267.26,240.6,95.14,53.6,30328.68,0.0,110.78,0
20:37:12,412.4,0,2,2,299.67,267.18,240.53,95.12,53.59,30285.65,0.0,110.71,0
20:37:12,412.5,0,2,2,299.54,267.07,240.44,95.09,53.58,30243.54,0.0,110.65,0
20:37:12,412.5,0,2,2,299.44,266.99,240.37,95.07,53.57,30187.39,0.0,110.58,0
20:37:12,412.6,0,2,2,299.34,266.9,240.3,95.05,53.56,30145.03,0.0,110.52,0
20:37:13,412.6,0,2,2,299.22,266.8,240.22,95.03,53.55,30101.51,0.0,110.45,0
20:37:13,412.7,0,2,2,299.12,266.72,240.15,95.0,53.55,30050.18,0.0,110.39,0
20:37:13,412.7,0,2,2,299.02,266.64,240.08,94.98,53.54,30007.9,0.0,110.32,0
20:37:13,412.8,0,2,2,298.92,266.56,240.01,94.96,53.53,30000.0,0.0,110.25,0
20:37:13,412.9,0,2,2,298.82,266.47,239.94,94.94,53.52,30000.0,0.0,110.19,0
20:37:13,412.9,0,2,2,298.72,266.39,239.87,94.92,53.51,30000.0,0.0,110.12,0
20:37:13,413.0,0,2,2,298.62,266.31,239.8,94.9,53.5,30000.0,0.0,110.06,0
20:37:13,413.0,0,2,2,298.49,266.2,239.71,94.87,53.49,30000.0,0.0,109.99,0
20:37:13,413.1,0,2,2,298.39,266.12,239.64,94.85,53.48,30000.0,0.0,109.93,0
20:37:13,413.1,0,2,2,298.29,266.04,239.57,94.83,53.48,30000.0,0.0,109.86,0
20:37:13,413.2,0,2,2,298.19,265.96,239.5,94.81,53.47,30000.0,0.0,109.79,0
20:37:13,413.3,0,2,2,298.06,265.84,239.4,94.78,53.46,30000.0,0.0,109.73,0
20:37:13,413.3,0,2,2,297.95,265.76,239.33,94.76,53.45,30000.0,0.0,109.66,0
20:37:13,413.4,0,2,2,297.86,265.67,239.26,94.74,53.44,30000.0,0.0,109.6,0
20:37:13,413.4,0,2,2,297.75,265.59,239.19,94.72,53.43,30000.0,0.0,109.53,0
20:37:13,413.5,0,2,2,297.65,265.51,239.12,94.69,53.42,30000.0,0.0,109.47,0
20:37:13,413.5,0,2,2,297.55,265.42,239.05,94.67,53.41,30000.0,0.0,109.4,0
20:37:13,413.6,0,2,2,297.45,265.34,238.98,94.65,53.4,30000.0,0.0,109.34,0
20:37:14,413.6,0,2,2,297.33,265.24,238.9,94.63,53.39,30000.0,0.0,109.27,0
20:37:14,413.7,0,2,2,297.24,265.16,238.83,94.61,53.39,30000.0,0.0,109.21,0
20:37:14,413.8,0,2,2,297.14,265.08,238.76,94.58,53.38,30000.0,0.0,109.14,0
20:37:14,413.8,0,2,2,297.01,264.97,238.67,94.56,53.37,30000.0,0.0,109.07,0
20:37:14,413.9,0,2,2,296.92,264.89,238.6,94.54,53.36,30000.0,0.0,109.01,0
20:37:14,413.9,0,2,2,296.82,264.81,238.53,94.52,53.35,30000.0,0.0,108.94,0
20:37:14,414.0,0,2,2,296.68,264.7,238.43,94.49,53.34,30000.0,0.0,108.88,0
20:37:14,414.1,0,2,2,296.57,264.61,238.36,94.46,53.33,30000.0,0.0,108.81,0
20:37:14,414.1,0,2,2,296.47,264.53,238.29,94.44,53.32,30000.0,0.0,108.75,0
20:37:14,414.2,0,2,2,296.37,264.44,238.22,94.42,53.31,30000.0,0.0,108.68,0
20:37:14,414.2,0,2,2,296.27,264.36,238.15,94.4,53.3,30000.0,0.0,108.62,0
20:37:14,414.3,0,2,2,296.17,264.28,238.08,94.38,53.3,30000.0,0.0,108.55,0
20:37:14,414.3,0,2,2,296.06,264.19,238.0,94.36,53.29,30000.0,0.0,108.49,0
20:37:14,414.4,0,2,2,295.97,264.11,237.93,94.33,53.28,30000.0,0.0,108.42,0
20:37:14,414.4,0,2,2,295.87,264.03,237.87,94.31,53.27,30000.0,0.0,108.36,0
20:37:14,414.5,0,2,2,295.77,263.94,237.8,94.29,53.26,30000.0,0.0,108.29,0
20:37:14,414.6,0,2,2,295.66,263.85,237.72,94.27,53.25,30000.0,0.0,108.23,0
20:37:14,414.6,0,2,2,295.56,263.77,237.65,94.25,53.24,30000.0,0.0,108.16,0
20:37:15,414.7,0,2,2,295.46,263.68,237.58,94.23,53.23,30000.0,0.0,108.1,0
20:37:15,414.7,0,2,2,295.35,263.59,237.5,94.2,53.23,30000.0,0.0,108.03,0
20:37:15,414.8,0,2,2,295.25,263.51,237.43,94.18,53.22,30000.0,0.0,107.97,0
20:37:15,414.8,0,2,2,295.15,263.43,237.36,94.16,53.21,30000.0,0.0,107.9,0
20:37:15,414.9,0,2,2,295.06,263.35,237.29,94.14,53.2,30000.0,0.0,107.84,0
20:37:15,415.0,0,2,2,294.94,263.25,237.2,94.11,53.19,30000.0,0.0,107.77,0
20:37:15,415.0,0,2,2,294.82,263.15,237.12,94.09,53.18,30000.0,0.0,107.71,0
20:37:15,415.1,0,2,2,294.72,263.07,237.05,94.07,53.17,30000.0,0.0,107.64,0
20:37:15,415.1,0,2,2,294.62,262.98,236.98,94.05,53.16,30000.0,0.0,107.58,0
20:37:15,415.2,0,2,2,294.52,262.9,236.91,94.02,53.15,30000.0,0.0,107.51,0
20:37:15,415.2,0,2,2,294.43,262.82,236.84,94.0,53.15,30000.0,0.0,107.45,0
20:37:15,415.3,0,2,2,294.33,262.74,236.78,93.98,53.14,30000.0,0.0,107.38,0
20:37:15,415.3,0,2,2,294.22,262.65,236.7,93.96,53.13,30000.0,0.0,107.32,0
20:37:15,415.4,0,2,2,294.12,262.57,236.63,93.94,53.12,30000.0,0.0,107.25,0
20:37:15,415.4,0,2,2,294.02,262.48,236.56,93.92,53.11,30000.0,0.0,107.19,0
20:37:15,415.5,0,2,2,293.92,262.4,236.49,93.9,53.1,30000.0,0.0,107.12,0
20:37:15,415.6,0,2,2,293.81,262.31,236.41,93.87,53.09,30000.0,0.0,107.06,0
20:37:15,415.6,0,2,2,293.71,262.23,236.34,93.85,53.08,30000.0,0.0,106.99,0
20:37:16,415.7,0,2,2,293.62,262.14,236.27,93.83,53.08,30000.0,0.0,106.93,0
20:37:16,415.7,0,2,2,293.51,262.06,236.19,93.81,53.07,30000.0,0.0,106.86,0
20:37:16,415.8,0,2,2,293.41,261.97,236.13,93.79,53.06,30000.0,0.0,106.8,0
20:37:16,415.8,0,2,2,293.32,261.89,236.06,93.77,53.05,30000.0,0.0,106.73,0
20:37:16,415.9,0,2,2,293.22,261.81,235.99,93.74,53.04,30000.0,0.0,106.67,0
20:37:16,415.9,0,2,2,293.1,261.71,235.9,93.72,53.03,30000.0,0.0,106.6,0
20:37:16,416.0,0,2,2,293.0,261.63,235.83,93.7,53.02,30000.0,0.0,106.54,0
20:37:16,416.1,0,2,2,292.91,261.55,235.77,93.68,53.02,30000.0,0.0,106.47,0
20:37:16,416.1,0,2,2,292.8,261.46,235.69,93.65,53.01,30000.0,0.0,106.41,0
20:37:16,416.2,0,2,2,292.69,261.37,235.61,93.63,53.0,30000.0,0.0,106.34,0
20:37:16,416.2,0,2,2,292.59,261.29,235.54,93.61,52.99,30000.0,0.0,106.28,0
20:37:16,416.3,0,2,2,292.5,261.21,235.48,93.59,52.98,30000.0,0.0,106.22,0
20:37:16,416.3,0,2,2,292.39,261.12,235.4,93.57,52.97,30000.0,0.0,106.15,0
20:37:16,416.4,0,2,2,292.29,261.03,235.32,93.54,52.96,30000.0,0.0,106.09,0
20:37:16,416.4,0,2,2,292.19,260.95,235.26,93.52,52.95,30000.0,0.0,106.02,0
20:37:16,416.5,0,2,2,292.09,260.87,235.19,93.5,52.94,30000.0,0.0,105.96,0
20:37:16,416.6,0,2,2,291.99,260.78,235.11,93.48,52.94,30000.0,0.0,105.89,0
20:37:16,416.6,0,2,2,291.89,260.7,235.04,93.46,52.93,30000.0,0.0,105.83,0
20:37:17,416.7,0,2,2,291.79,260.62,234.97,93.44,52.92,30000.0,0.0,105.76,0
20:37:17,416.7,0,2,2,291.69,260.53,234.9,93.41,52.91,30000.0,0.0,105.7,0
20:37:17,416.8,0,2,2,291.56,260.43,234.81,93.39,52.9,30000.0,0.0,105.63,0
20:37:17,416.8,0,2,2,291.46,260.35,234.74,93.36,52.89,30000.0,0.0,105.57,0
20:37:17,416.9,0,2,2,291.36,260.26,234.67,93.34,52.88,30000.0,0.0,105.51,0
20:37:17,417.0,0,2,2,291.24,260.16,234.58,93.32,52.87,30000.0,0.0,105.44,0
20:37:17,417.0,0,2,2,291.14,260.08,234.51,93.3,52.86,30000.0,0.0,105.38,0
20:37:17,417.1,0,2,2,291.05,260.0,234.44,93.27,52.85,30000.0,0.0,105.31,0
20:37:17,417.1,0,2,2,290.95,259.92,234.37,93.25,52.85,30000.0,0.0,105.25,0
20:37:17,417.2,0,2,2,290.85,259.83,234.3,93.23,52.84,30000.0,0.0,105.18,0
20:37:17,417.2,0,2,2,290.76,259.75,234.23,93.21,52.83,30000.0,0.0,105.12,0
20:37:17,417.3,0,2,2,290.66,259.67,234.17,93.19,52.82,30000.0,0.0,105.06,0
20:37:17,417.4,0,2,2,290.56,259.59,234.09,93.17,52.81,30000.0,0.0,104.99,0
20:37:17,417.4,0,2,2,290.46,259.51,234.02,93.15,52.8,30000.0,0.0,104.93,0
20:37:17,417.5,0,2,2,290.36,259.42,233.95,93.13,52.79,30000.0,0.0,104.86,0
20:37:17,417.5,0,2,2,290.25,259.33,233.87,93.1,52.78,30000.0,0.0,104.8,0
20:37:17,417.6,0,2,2,290.15,259.24,233.8,93.08,52.78,30000.0,0.0,104.73,0
20:37:18,417.6,0,2,2,290.04,259.15,233.72,93.06,52.77,30000.0,0.0,104.67,0
20:37:18,417.7,0,2,2,289.95,259.07,233.65,93.03,52.76,30000.0,0.0,104.61,0
20:37:18,417.8,0,2,2,289.81,258.96,233.56,93.01,52.75,30000.0,0.0,104.54,0
20:37:18,417.8,0,2,2,289.72,258.88,233.49,92.98,52.74,30000.0,0.0,104.48,0
20:37:18,417.9,0,2,2,289.62,258.8,233.42,92.96,52.73,30000.0,0.0,104.41,0
20:37:18,417.9,0,2,2,289.51,258.71,233.34,92.94,52.72,30000.0,0.0,104.35,0
20:37:18,418.0,0,2,2,289.42,258.63,233.27,92.92,52.71,30000.0,0.0,104.29,0
20:37:18,418.0,0,2,2,289.32,258.55,233.21,92.9,52.7,30000.0,0.0,104.22,0
20:37:18,418.1,0,2,2,289.23,258.47,233.14,92.88,52.7,30000.0,0.0,104.16,0
20:37:18,418.2,0,2,2,289.11,258.37,233.05,92.85,52.69,30000.0,0.0,104.09,0
20:37:18,418.2,0,2,2,289.01,258.29,232.98,92.83,52.68,30000.0,0.0,104.03,0
20:37:18,418.3,0,2,2,288.92,258.21,232.92,92.81,52.67,30000.0,0.0,103.97,0
20:37:18,418.3,0,2,2,288.81,258.12,232.84,92.79,52.66,30000.0,0.0,103.9,0
20:37:18,418.4,0,2,2,288.7,258.03,232.76,92.76,52.65,30000.0,0.0,103.84,0
20:37:18,418.4,0,2,2,288.6,257.94,232.69,92.74,52.64,30000.0,0.0,103.77,0
20:37:18,418.5,0,2,2,288.51,257.87,232.62,92.72,52.63,30000.0,0.0,103.71,0
20:37:18,418.6,0,2,2,288.4,257.77,232.54,92.7,52.62,30000.0,0.0,103.65,0
20:37:18,418.6,0,2,2,288.3,257.69,232.47,92.68,52.61,30000.0,0.0,103.58,0
20:37:19,418.7,0,2,2,288.21,257.62,232.41,92.66,52.61,30000.0,0.0,103.52,0
20:37:19,418.7,0,2,2,288.1,257.52,232.33,92.63,52.6,30000.0,0.0,103.45,0
20:37:19,418.8,0,2,2,288.0,257.44,232.26,92.61,52.59,30000.0,0.0,103.39,0
20:37:19,418.8,0,2,2,287.91,257.36,232.19,92.59,52.58,30000.0,0.0,103.33,0
20:37:19,418.9,0,2,2,287.82,257.28,232.12,92.57,52.57,30000.0,0.0,103.26,0
20:37:19,418.9,0,2,2,287.72,257.2,232.05,92.55,52.56,30000.0,0.0,103.2,0
20:37:19,419.0,0,2,2,287.62,257.12,231.98,92.53,52.55,30000.0,0.0,103.14,0
20:37:19,419.1,0,2,2,287.52,257.04,231.91,92.5,52.55,30000.0,0.0,103.07,0
20:37:19,419.1,0,2,2,287.41,256.94,231.83,92.48,52.54,30000.0,0.0,103.01,0
20:37:19,419.2,0,2,2,287.3,256.85,231.76,92.46,52.53,30000.0,0.0,102.95,0
20:37:19,419.2,0,2,2,287.21,256.77,231.69,92.44,52.52,30000.0,0.0,102.88,0
20:37:19,419.3,0,2,2,287.12,256.69,231.62,92.42,52.51,30000.0,0.0,102.82,0
20:37:19,419.4,0,2,2,287.0,256.6,231.54,92.39,52.5,30000.0,0.0,102.75,0
20:37:19,419.4,0,2,2,286.9,256.51,231.46,92.37,52.49,30000.0,0.0,102.69,0
20:37:19,419.5,0,2,2,286.81,256.43,231.4,92.35,52.48,30000.0,0.0,102.63,0
20:37:19,419.5,0,2,2,286.71,256.36,231.33,92.33,52.48,30000.0,0.0,102.56,0
20:37:19,419.6,0,2,2,286.6,256.26,231.25,92.3,52.47,30000.0,0.0,102.5,0
20:37:20,419.6,0,2,2,286.5,256.18,231.18,92.28,52.46,30000.0,0.0,102.44,0
20:37:20,419.7,0,2,2,286.41,256.1,231.11,92.26,52.45,30000.0,0.0,102.37,0
20:37:20,419.7,0,2,2,286.31,256.02,231.04,92.24,52.44,30000.0,0.0,102.31,0
20:37:20,419.8,0,2,2,286.22,255.94,230.98,92.22,52.43,30000.0,0.0,102.25,0
20:37:20,419.9,0,2,2,286.13,255.86,230.91,92.2,52.42,30000.0,0.0,102.18,0
20:37:20,419.9,0,2,2,286.02,255.77,230.83,92.17,52.41,30000.0,0.0,102.12,0
20:37:20,420.0,0,2,2,285.93,255.69,230.76,92.15,52.41,30000.0,0.0,102.06,0
20:37:20,420.0,0,2,2,285.83,255.61,230.69,92.13,52.4,30000.0,0.0,101.99,0
20:37:20,420.1,0,2,2,285.74,255.53,230.63,92.11,52.39,30000.0,0.0,101.93,0
20:37:20,420.1,0,2,2,285.62,255.43,230.54,92.08,52.38,30000.0,0.0,101.87,0
20:37:20,420.2,0,2,2,285.52,255.35,230.47,92.06,52.37,30000.0,0.0,101.8,0
20:37:20,420.2,0,2,2,285.43,255.27,230.4,92.04,52.36,30000.0,0.0,101.74,0
20:37:20,420.3,0,2,2,285.33,255.19,230.33,92.02,52.35,30000.0,0.0,101.68,0
20:37:20,420.4,0,2,2,285.24,255.11,230.26,92.0,52.34,30000.0,0.0,101.61,0
20:37:20,420.4,0,2,2,285.14,255.03,230.2,91.98,52.34,30000.0,0.0,101.55,0
20:37:20,420.5,0,2,2,285.05,254.95,230.13,91.96,52.33,30000.0,0.0,101.49,0
20:37:20,420.5,0,2,2,284.95,254.87,230.06,91.94,52.32,30000.0,0.0,101.42,0
20:37:20,420.6,0,2,2,284.86,254.79,229.99,91.92,52.31,30000.0,0.0,101.36,0
20:37:21,420.6,0,2,2,284.76,254.71,229.92,91.9,52.3,30000.0,0.0,101.3,0
20:37:21,420.7,0,2,2,284.66,254.63,229.85,91.87,52.29,30000.0,0.0,101.23,0
20:37:21,420.7,0,2,2,284.57,254.55,229.78,91.85,52.29,30000.0,0.0,101.17,0
20:37:21,420.8,0,2,2,284.48,254.47,229.72,91.83,52.28,30000.0,0.0,101.11,0
20:37:21,420.9,0,2,2,284.38,254.39,229.64,91.81,52.27,30000.0,0.0,101.04,0
20:37:21,420.9,0,2,2,284.27,254.29,229.56,91.79,52.26,30000.0,0.0,100.98,0
20:37:21,421.0,0,2,2,284.17,254.21,229.49,91.76,52.25,30000.0,0.0,100.92,0
20:37:21,421.0,0,2,2,284.07,254.12,229.42,91.74,52.24,30000.0,0.0,100.85,0
20:37:21,421.1,0,2,2,283.96,254.03,229.34,91.72,52.23,30000.0,0.0,100.79,0
20:37:21,421.1,0,2,2,283.86,253.95,229.27,91.7,52.22,30000.0,0.0,100.73,0
20:37:21,421.2,0,2,2,283.77,253.87,229.2,91.68,52.22,30000.0,0.0,100.67,0
20:37:21,421.3,0,2,2,283.67,253.79,229.13,91.65,52.21,30000.0,0.0,100.6,0
20:37:21,421.3,0,2,2,283.57,253.71,229.06,91.63,52.2,30000.0,0.0,100.54,0
20:37:21,421.4,0,2,2,283.48,253.62,228.99,91.61,52.19,30000.0,0.0,100.48,0
20:37:21,421.4,0,2,2,283.38,253.54,228.92,91.59,52.18,30000.0,0.0,100.41,0
20:37:21,421.5,0,2,2,283.28,253.46,228.85,91.57,52.17,30000.0,0.0,100.35,0
20:37:21,421.5,0,2,2,283.18,253.37,228.77,91.55,52.16,30000.0,0.0,100.29,0
20:37:21,421.6,0,2,2,283.09,253.3,228.71,91.53,52.15,30000.0,0.0,100.22,0
20:37:22,421.7,0,2,2,283.0,253.22,228.64,91.5,52.15,30000.0,0.0,100.16,0
20:37:22,421.7,0,2,2,282.89,253.13,228.56,91.48,52.14,30000.0,0.0,100.1,0
20:37:22,421.8,0,2,2,282.79,253.04,228.48,91.46,52.13,30000.0,0.0,100.04,0
20:37:22,421.8,0,2,2,282.69,252.96,228.41,91.44,52.12,30000.0,0.0,99.97,0
20:37:22,421.9,0,2,2,282.59,252.88,228.34,91.41,52.11,30000.0,0.0,99.91,0
20:37:22,421.9,0,2,2,282.5,252.79,228.27,91.39,52.1,30000.0,0.0,99.85,0
20:37:22,422.0,0,2,2,282.41,252.72,228.21,91.37,52.09,30000.0,0.0,99.79,0
20:37:22,422.0,0,2,2,282.32,252.64,228.14,91.35,52.09,30000.0,0.0,99.72,0
20:37:22,422.1,0,2,2,282.22,252.56,228.07,91.33,52.08,30000.0,0.0,99.66,0
20:37:22,422.2,0,2,2,282.12,252.47,228.0,91.31,52.07,30000.0,0.0,99.6,0
20:37:22,422.2,0,2,2,282.02,252.39,227.93,91.29,52.06,30000.0,0.0,99.53,0
20:37:22,422.3,0,2,2,281.92,252.31,227.85,91.26,52.05,30000.0,0.0,99.47,0
20:37:22,422.3,0,2,2,281.82,252.22,227.78,91.24,52.04,30000.0,0.0,99.41,0
20:37:22,422.4,0,2,2,281.73,252.14,227.71,91.22,52.03,30000.0,0.0,99.35,0
20:37:22,422.4,0,2,2,281.62,252.05,227.63,91.2,52.02,30000.0,0.0,99.28,0
20:37:22,422.5,0,2,2,281.52,251.97,227.56,91.18,52.01,30000.0,0.0,99.22,0
20:37:22,422.6,0,2,2,281.43,251.89,227.49,91.15,52.01,30000.0,0.0,99.16,0
20:37:22,422.6,0,2,2,281.33,251.8,227.42,91.13,52.0,30000.0,0.0,99.1,0
20:37:23,422.7,0,2,2,281.23,251.72,227.35,91.11,51.99,30000.0,0.0,99.03,0
20:37:23,422.7,0,2,2,281.13,251.64,227.28,91.09,51.98,30000.0,0.0,98.97,0
20:37:23,422.8,0,2,2,281.04,251.56,227.21,91.07,51.97,30000.0,0.0,98.91,0
20:37:23,422.9,0,2,2,280.91,251.45,227.12,91.04,51.96,30000.0,0.0,98.85,0
20:37:23,422.9,0,2,2,280.81,251.37,227.04,91.02,51.95,30000.0,0.0,98.78,0
20:37:23,423.0,0,2,2,280.72,251.29,226.98,91.0,51.94,30000.0,0.0,98.72,0
20:37:23,423.0,0,2,2,280.62,251.21,226.91,90.97,51.93,30000.0,0.0,98.66,0
20:37:23,423.1,0,2,2,280.53,251.13,226.84,90.95,51.93,30000.0,0.0,98.6,0
20:37:23,423.1,0,2,2,280.43,251.05,226.77,90.93,51.92,30000.0,0.0,98.53,0
20:37:23,423.2,0,2,2,280.34,250.97,226.7,90.91,51.91,30000.0,0.0,98.47,0
20:37:23,423.3,0,2,2,280.25,250.89,226.63,90.89,51.9,30000.0,0.0,98.41,0
20:37:23,423.3,0,2,2,280.15,250.8,226.56,90.87,51.89,30000.0,0.0,98.35,0
20:37:23,423.4,0,2,2,280.06,250.73,226.49,90.85,51.88,30000.0,0.0,98.29,0
20:37:23,423.4,0,2,2,279.95,250.64,226.41,90.82,51.87,30000.0,0.0,98.22,0
20:37:23,423.5,0,2,2,279.85,250.55,226.34,90.8,51.87,30000.0,0.0,98.16,0
20:37:23,423.5,0,2,2,279.76,250.48,226.28,90.78,51.86,30000.0,0.0,98.1,0
20:37:23,423.6,0,2,2,279.67,250.4,226.21,90.76,51.85,30000.0,0.0,98.04,0
20:37:24,423.6,0,2,2,279.56,250.3,226.13,90.74,51.84,30000.0,0.0,97.97,0
20:37:24,423.7,0,2,2,279.47,250.23,226.06,90.72,51.83,30000.0,0.0,97.91,0
20:37:24,423.8,0,2,2,279.38,250.15,226.0,90.7,51.82,30000.0,0.0,97.85,0
20:37:24,423.8,0,2,2,279.28,250.07,225.92,90.67,51.81,30000.0,0.0,97.79,0
20:37:24,423.9,0,2,2,279.19,249.99,225.85,90.65,51.81,30000.0,0.0,97.73,0
20:37:24,423.9,0,2,2,279.09,249.9,225.78,90.63,51.8,30000.0,0.0,97.66,0
20:37:24,424.0,0,2,2,278.98,249.81,225.7,90.61,51.79,30000.0,0.0,97.6,0
20:37:24,424.0,0,2,2,278.88,249.73,225.63,90.58,51.78,30000.0,0.0,97.54,0
20:37:24,424.1,0,2,2,278.79,249.65,225.57,90.56,51.77,30000.0,0.0,97.48,0
20:37:24,424.2,0,2,2,278.69,249.57,225.49,90.54,51.76,30000.0,0.0,97.42,0
20:37:24,424.2,0,2,2,278.6,249.49,225.42,90.52,51.75,30000.0,0.0,97.35,0
20:37:24,424.3,0,2,2,278.51,249.41,225.35,90.5,51.74,30000.0,0.0,97.29,0
20:37:24,424.3,0,2,2,278.41,249.33,225.29,90.48,51.74,30000.0,0.0,97.23,0
20:37:24,424.4,0,2,2,278.32,249.25,225.22,90.46,51.73,30000.0,0.0,97.17,0
20:37:24,424.4,0,2,2,278.22,249.17,225.15,90.44,51.72,30000.0,0.0,97.11,0
20:37:24,424.5,0,2,2,278.14,249.09,225.08,90.42,51.71,30000.0,0.0,97.04,0
20:37:24,424.6,0,2,2,278.05,249.02,225.02,90.4,51.7,30000.0,0.0,96.98,0
20:37:24,424.6,0,2,2,277.94,248.92,224.94,90.37,51.69,30000.0,0.0,96.92,0
20:37:25,424.7,0,2,2,277.83,248.83,224.86,90.35,51.68,30000.0,0.0,96.86,0
20:37:25,424.7,0,2,2,277.73,248.75,224.78,90.32,51.67,30000.0,0.0,96.8,0
20:37:25,424.8,0,2,2,277.63,248.66,224.71,90.3,51.66,30000.0,0.0,96.73,0
20:37:25,424.8,0,2,2,277.53,248.58,224.64,90.28,51.66,30000.0,0.0,96.67,0
20:37:25,424.9,0,2,2,277.45,248.51,224.57,90.26,51.65,30000.0,0.0,96.61,0
20:37:25,425.0,0,2,2,277.35,248.42,224.5,90.24,51.64,30000.0,0.0,96.55,0
20:37:25,425.0,0,2,2,277.25,248.34,224.43,90.22,51.63,30000.0,0.0,96.49,0
20:37:25,425.1,0,2,2,277.16,248.26,224.36,90.19,51.62,30000.0,0.0,96.43,0
20:37:25,425.1,0,2,2,277.06,248.18,224.29,90.17,51.61,30000.0,0.0,96.36,0
20:37:25,425.2,0,2,2,276.97,248.1,224.22,90.15,51.6,30000.0,0.0,96.3,0
20:37:25,425.2,0,2,2,276.87,248.02,224.15,90.13,51.6,30000.0,0.0,96.24,0
20:37:25,425.3,0,2,2,276.78,247.94,224.09,90.11,51.59,30000.0,0.0,96.18,0
20:37:25,425.4,0,2,2,276.7,247.87,224.02,90.09,51.58,30000.0,0.0,96.12,0
20:37:25,425.4,0,2,2,276.59,247.77,223.94,90.07,51.57,30000.0,0.0,96.06,0
20:37:25,425.5,0,2,2,276.48,247.69,223.87,90.04,51.56,30000.0,0.0,95.99,0
20:37:25,425.5,0,2,2,276.39,247.61,223.8,90.02,51.55,30000.0,0.0,95.93,0
20:37:25,425.6,0,2,2,276.29,247.52,223.73,90.0,51.54,30000.0,0.0,95.87,0
20:37:26,425.6,0,2,2,276.2,247.44,223.66,89.98,51.53,30000.0,0.0,95.81,0
20:37:26,425.7,0,2,2,276.11,247.37,223.59,89.96,51.53,30000.0,0.0,95.75,0
20:37:26,425.8,0,2,2,276.02,247.29,223.53,89.94,51.52,30000.0,0.0,95.69,0
20:37:26,425.8,0,2,2,275.93,247.21,223.46,89.92,51.51,30000.0,0.0,95.62,0
20:37:26,425.9,0,2,2,275.84,247.14,223.39,89.9,51.5,30000.0,0.0,95.56,0
20:37:26,425.9,0,2,2,275.73,247.05,223.31,89.87,51.49,30000.0,0.0,95.5,0
20:37:26,426.0,0,2,2,275.64,246.97,223.24,89.85,51.48,30000.0,0.0,95.44,0
20:37:26,426.0,0,2,2,275.54,246.88,223.17,89.83,51.48,30000.0,0.0,95.38,0
20:37:26,426.1,0,2,2,275.45,246.81,223.11,89.81,51.47,30000.0,0.0,95.32,0
20:37:26,426.2,0,2,2,275.34,246.71,223.03,89.78,51.46,30000.0,0.0,95.26,0
20:37:26,426.2,0,2,2,275.25,246.63,222.96,89.76,51.45,30000.0,0.0,95.19,0
20:37:26,426.3,0,2,2,275.16,246.56,222.89,89.74,51.44,30000.0,0.0,95.13,0
20:37:26,426.3,0,2,2,275.05,246.47,222.81,89.72,51.43,30000.0,0.0,95.07,0
20:37:26,426.4,0,2,2,274.97,246.39,222.75,89.7,51.42,30000.0,0.0,95.01,0
20:37:26,426.4,0,2,2,274.87,246.31,222.68,89.68,51.41,30000.0,0.0,94.95,0
20:37:26,426.5,0,2,2,274.78,246.24,222.61,89.66,51.41,30000.0,0.0,94.89,0
20:37:26,426.6,0,2,2,274.68,246.15,222.54,89.63,51.4,30000.0,0.0,94.83,0
20:37:26,426.6,0,2,2,274.59,246.07,222.47,89.61,51.39,30000.0,0.0,94.77,0
20:37:27,426.7,0,2,2,274.5,246.0,222.4,89.59,51.38,30000.0,0.0,94.7,0
20:37:27,426.7,0,2,2,274.39,245.9,222.32,89.57,51.37,30000.0,0.0,94.64,0
20:37:27,426.8,0,2,2,274.29,245.82,222.25,89.54,51.36,30000.0,0.0,94.58,0
20:37:27,426.9,0,2,2,274.21,245.74,222.18,89.52,51.35,30000.0,0.0,94.52,0
20:37:27,426.9,0,2,2,274.1,245.66,222.11,89.5,51.34,30000.0,0.0,94.46,0
20:37:27,427.0,0,2,2,274.02,245.58,222.04,89.48,51.34,30000.0,0.0,94.4,0
20:37:27,427.0,0,2,2,273.93,245.51,221.98,89.46,51.33,30000.0,0.0,94.34,0
20:37:27,427.1,0,2,2,273.84,245.43,221.91,89.44,51.32,30000.0,0.0,94.28,0
20:37:27,427.1,0,2,2,273.74,245.35,221.84,89.42,51.31,30000.0,0.0,94.22,0
20:37:27,427.2,0,2,2,273.66,245.27,221.78,89.4,51.3,30000.0,0.0,94.16,0
20:37:27,427.2,0,2,2,273.57,245.2,221.71,89.38,51.3,30000.0,0.0,94.09,0
20:37:27,427.3,0,2,2,273.47,245.11,221.64,89.36,51.29,30000.0,0.0,94.03,0
20:37:27,427.3,0,2,2,273.38,245.04,221.57,89.34,51.28,30000.0,0.0,93.97,0
20:37:27,427.4,0,2,2,273.3,244.97,221.51,89.32,51.27,30000.0,0.0,93.91,0
20:37:27,427.5,0,2,2,273.2,244.88,221.44,89.3,51.26,30000.0,0.0,93.85,0
20:37:27,427.5,0,2,2,273.11,244.81,221.37,89.27,51.25,30000.0,0.0,93.79,0
20:37:27,427.6,0,2,2,273.01,244.72,221.3,89.25,51.24,30000.0,0.0,93.73,0
20:37:28,427.6,0,2,2,272.92,244.65,221.23,89.23,51.24,30000.0,0.0,93.67,0
20:37:28,427.7,0,2,2,272.83,244.57,221.17,89.21,51.23,30000.0,0.0,93.61,0
20:37:28,427.7,0,2,2,272.74,244.49,221.1,89.19,51.22,30000.0,0.0,93.55,0
20:37:28,427.8,0,2,2,272.66,244.42,221.04,89.17,51.21,30000.0,0.0,93.49,0
20:37:28,427.9,0,2,2,272.57,244.35,220.97,89.15,51.2,30000.0,0.0,93.42,0
20:37:28,427.9,0,2,2,272.47,244.26,220.9,89.13,51.19,30000.0,0.0,93.36,0
20:37:28,428.0,0,2,2,272.38,244.18,220.83,89.11,51.19,30000.0,0.0,93.3,0
20:37:28,428.0,0,2,2,272.29,244.11,220.77,89.09,51.18,30000.0,0.0,93.24,0
20:37:28,428.1,0,2,2,272.2,244.03,220.7,89.07,51.17,30000.0,0.0,93.18,0
20:37:28,428.1,0,2,2,272.11,243.95,220.63,89.05,51.16,30000.0,0.0,93.12,0
20:37:28,428.2,0,2,2,272.02,243.88,220.57,89.03,51.15,30000.0,0.0,93.06,0
20:37:28,428.2,0,2,2,271.93,243.8,220.5,89.0,51.14,30000.0,0.0,93.0,0
20:37:28,428.3,0,2,2,271.83,243.71,220.42,88.98,51.14,30000.0,0.0,92.94,0
20:37:28,428.3,0,2,2,271.75,243.64,220.36,88.96,51.13,30000.0,0.0,92.88,0
20:37:28,428.4,0,2,2,271.66,243.56,220.29,88.94,51.12,30000.0,0.0,92.82,0
20:37:28,428.5,0,2,2,271.57,243.49,220.23,88.92,51.11,30000.0,0.0,92.76,0
20:37:28,428.5,0,2,2,271.48,243.41,220.16,88.9,51.1,30000.0,0.0,92.7,0
20:37:28,428.6,0,2,2,271.39,243.34,220.1,88.88,51.1,30000.0,0.0,92.64,0
20:37:29,428.6,0,2,2,271.3,243.26,220.03,88.86,51.09,30000.0,0.0,92.58,0
20:37:29,428.7,0,2,2,271.2,243.17,219.95,88.84,51.08,30000.0,0.0,92.52,0
20:37:29,428.7,0,2,2,271.11,243.1,219.89,88.82,51.07,30000.0,0.0,92.45,0
20:37:29,428.8,0,2,2,271.03,243.02,219.82,88.8,51.06,30000.0,0.0,92.39,0
20:37:29,428.9,0,2,2,270.92,242.93,219.74,88.77,51.05,30000.0,0.0,92.33,0
20:37:29,428.9,0,2,2,270.83,242.86,219.68,88.75,51.04,30000.0,0.0,92.27,0
20:37:29,429.0,0,2,2,270.75,242.78,219.62,88.73,51.04,30000.0,0.0,92.21,0
20:37:29,429.0,0,2,2,270.65,242.7,219.54,88.71,51.03,30000.0,0.0,92.15,0
20:37:29,429.1,0,2,2,270.56,242.63,219.48,88.69,51.02,30000.0,0.0,92.09,0
20:37:29,429.1,0,2,2,270.48,242.55,219.42,88.67,51.01,30000.0,0.0,92.03,0
20:37:29,429.2,0,2,2,270.39,242.48,219.35,88.65,51.0,30000.0,0.0,91.97,0
20:37:29,429.2,0,2,2,270.29,242.4,219.28,88.63,50.99,30000.0,0.0,91.91,0
20:37:29,429.3,0,2,2,270.21,242.32,219.21,88.61,50.99,30000.0,0.0,91.85,0
20:37:29,429.4,0,2,2,270.12,242.25,219.15,88.59,50.98,30000.0,0.0,91.79,0
20:37:29,429.4,0,2,2,270.02,242.16,219.08,88.57,50.97,30000.0,0.0,91.73,0
20:37:29,429.5,0,2,2,269.93,242.09,219.01,88.55,50.96,30000.0,0.0,91.67,0
20:37:29,429.5,0,2,2,269.85,242.01,218.95,88.53,50.95,30000.0,0.0,91.61,0
20:37:29,429.6,0,2,2,269.77,241.94,218.88,88.51,50.95,30000.0,0.0,91.55,0
20:37:30,429.6,0,2,2,269.68,241.87,218.82,88.49,50.94,30000.0,0.0,91.49,0
20:37:30,429.7,0,2,2,269.59,241.79,218.75,88.47,50.93,30000.0,0.0,91.43,0
20:37:30,429.7,0,2,2,269.5,241.72,218.69,88.45,50.92,30000.0,0.0,91.37,0
20:37:30,429.8,0,2,2,269.41,241.64,218.62,88.42,50.91,30000.0,0.0,91.31,0
20:37:30,429.8,0,2,2,269.33,241.56,218.56,88.4,50.9,30000.0,0.0,91.25,0
20:37:30,429.9,0,2,2,269.24,241.49,218.49,88.39,50.9,30000.0,0.0,91.19,0
20:37:30,430.0,0,2,2,269.15,241.42,218.43,88.37,50.89,30000.0,0.0,91.13,0
20:37:30,430.0,0,2,2,269.06,241.34,218.36,88.34,50.88,30000.0,0.0,91.07,0
20:37:30,430.1,0,2,2,268.96,241.25,218.29,88.32,50.87,30000.0,0.0,91.01,0
20:37:30,430.1,0,2,2,268.88,241.18,218.22,88.3,50.86,30000.0,0.0,90.95,0
20:37:30,430.2,0,2,2,268.79,241.11,218.16,88.28,50.86,30000.0,0.0,90.89,0
20:37:30,430.2,0,2,2,268.7,241.03,218.09,88.26,50.85,30000.0,0.0,90.83,0
20:37:30,430.3,0,2,2,268.62,240.96,218.03,88.24,50.84,30000.0,0.0,90.77,0
20:37:30,430.3,0,2,2,268.53,240.88,217.96,88.22,50.83,30000.0,0.0,90.71,0
20:37:30,430.4,0,2,2,268.43,240.8,217.89,88.2,50.82,30000.0,0.0,90.65,0
20:37:30,430.4,0,2,2,268.35,240.73,217.83,88.18,50.81,30000.0,0.0,90.59,0
20:37:30,430.5,0,2,2,268.26,240.65,217.76,88.16,50.81,30000.0,0.0,90.53,0
20:37:30,430.6,0,2,2,268.16,240.56,217.69,88.14,50.8,30000.0,0.0,90.47,0
20:37:30,430.6,0,2,2,268.08,240.49,217.62,88.12,50.79,30000.0,0.0,90.41,0
20:37:31,430.7,0,2,2,267.99,240.42,217.56,88.1,50.78,30000.0,0.0,90.35,0
20:37:31,430.7,0,2,2,267.89,240.33,217.49,88.07,50.77,30000.0,0.0,90.29,0
20:37:31,430.8,0,2,2,267.8,240.26,217.42,88.05,50.76,30000.0,0.0,90.23,0
20:37:31,430.9,0,2,2,267.72,240.18,217.35,88.03,50.76,30000.0,0.0,90.17,0
20:37:31,430.9,0,2,2,267.62,240.1,217.28,88.01,50.75,30000.0,0.0,90.11,0
20:37:31,431.0,0,2,2,267.52,240.01,217.21,87.99,50.74,30000.0,0.0,90.05,0
20:37:31,431.0,0,2,2,267.44,239.94,217.14,87.97,50.73,30000.0,0.0,89.99,0
20:37:31,431.1,0,2,2,267.35,239.87,217.08,87.95,50.72,30000.0,0.0,89.93,0
20:37:31,431.1,0,2,2,267.25,239.79,217.01,87.93,50.71,30000.0,0.0,89.87,0
20:37:31,431.2,0,2,2,267.17,239.71,216.94,87.91,50.7,30000.0,0.0,89.81,0
20:37:31,431.2,0,2,2,267.08,239.64,216.88,87.89,50.7,30000.0,0.0,89.75,0
20:37:31,431.3,0,2,2,266.99,239.56,216.81,87.86,50.69,30000.0,0.0,89.69,0
20:37:31,431.4,0,2,2,266.91,239.49,216.75,87.84,50.68,30000.0,0.0,89.63,0
20:37:31,431.4,0,2,2,266.82,239.41,216.68,87.83,50.67,30000.0,0.0,89.57,0
20:37:31,431.5,0,2,2,266.73,239.34,216.62,87.8,50.66,30000.0,0.0,89.51,0
20:37:31,431.5,0,2,2,266.65,239.26,216.55,87.78,50.66,30000.0,0.0,89.45,0
20:37:31,431.6,0,2,2,266.56,239.19,216.49,87.76,50.65,30000.0,0.0,89.39,0
20:37:32,431.6,0,2,2,266.47,239.11,216.42,87.74,50.64,30000.0,0.0,89.34,0
20:37:32,431.7,0,2,2,266.38,239.03,216.35,87.72,50.63,30000.0,0.0,89.28,0
20:37:32,431.7,0,2,2,266.29,238.96,216.29,87.7,50.62,30000.0,0.0,89.22,0
20:37:32,431.8,0,2,2,266.21,238.89,216.23,87.68,50.62,30000.0,0.0,89.16,0
20:37:32,431.9,0,2,2,266.13,238.82,216.16,87.66,50.61,30000.0,0.0,89.1,0
20:37:32,431.9,0,2,2,266.02,238.73,216.09,87.64,50.6,30000.0,0.0,89.04,0
20:37:32,432.0,0,2,2,265.93,238.65,216.02,87.62,50.59,30000.0,0.0,88.98,0
20:37:32,432.0,0,2,2,265.85,238.58,215.95,87.6,50.58,30000.0,0.0,88.92,0
20:37:32,432.1,0,2,2,265.76,238.5,215.89,87.58,50.57,30000.0,0.0,88.86,0
20:37:32,432.1,0,2,2,265.67,238.43,215.82,87.56,50.56,30000.0,0.0,88.8,0
20:37:32,432.2,0,2,2,265.59,238.36,215.76,87.54,50.56,30000.0,0.0,88.74,0
20:37:32,432.2,0,2,2,265.51,238.28,215.7,87.52,50.55,30000.0,0.0,88.68,0
20:37:32,432.3,0,2,2,265.42,238.21,215.63,87.5,50.54,30000.0,0.0,88.62,0
20:37:32,432.3,0,2,2,265.33,238.13,215.57,87.48,50.53,30000.0,0.0,88.56,0
20:37:32,432.4,0,2,2,265.25,238.06,215.5,87.46,50.53,30000.0,0.0,88.5,0
20:37:32,432.5,0,2,2,265.16,237.98,215.44,87.44,50.52,30000.0,0.0,88.44,0
20:37:32,432.5,0,2,2,265.07,237.91,215.37,87.42,50.51,30000.0,0.0,88.39,0
20:37:32,432.6,0,2,2,264.99,237.84,215.31,87.4,50.5,30000.0,0.0,88.33,0
20:37:33,432.6,0,2,2,264.9,237.76,215.24,87.38,50.49,30000.0,0.0,88.27,0
20:37:33,432.7,0,2,2,264.8,237.68,215.17,87.36,50.48,30000.0,0.0,88.21,0
20:37:33,432.7,0,2,2,264.71,237.6,215.1,87.33,50.47,30000.0,0.0,88.15,0
20:37:33,432.8,0,2,2,264.63,237.53,215.04,87.31,50.47,30000.0,0.0,88.09,0
20:37:33,432.9,0,2,2,264.54,237.45,214.97,87.29,50.46,30000.0,0.0,88.03,0
20:37:33,432.9,0,2,2,264.44,237.37,214.9,87.27,50.45,30000.0,0.0,87.97,0
20:37:33,433.0,0,2,2,264.36,237.3,214.84,87.25,50.44,30000.0,0.0,87.91,0
20:37:33,433.0,0,2,2,264.25,237.2,214.75,87.23,50.43,30000.0,0.0,87.85,0
20:37:33,433.1,0,2,2,264.16,237.13,214.69,87.21,50.42,30000.0,0.0,87.79,0
20:37:33,433.1,0,2,2,264.08,237.05,214.62,87.19,50.42,30000.0,0.0,87.74,0
20:37:33,433.2,0,2,2,264.0,236.98,214.56,87.17,50.41,30000.0,0.0,87.68,0
20:37:33,433.3,0,2,2,263.9,236.9,214.49,87.15,50.4,30000.0,0.0,87.62,0
20:37:33,433.3,0,2,2,263.82,236.83,214.43,87.13,50.39,30000.0,0.0,87.56,0
20:37:33,433.4,0,2,2,263.74,236.76,214.37,87.11,50.38,30000.0,0.0,87.5,0
20:37:33,433.4,0,2,2,263.65,236.68,214.3,87.09,50.38,30000.0,0.0,87.44,0
20:37:33,433.5,0,2,2,263.56,236.61,214.23,87.07,50.37,30000.0,0.0,87.38,0
20:37:33,433.5,0,2,2,263.48,236.53,214.17,87.05,50.36,30000.0,0.0,87.32,0
20:37:33,433.6,0,2,2,263.4,236.46,214.11,87.03,50.35,30000.0,0.0,87.26,0
20:37:34,433.6,0,2,2,263.3,236.39,214.04,87.01,50.34,30000.0,0.0,87.21,0
20:37:34,433.7,0,2,2,263.21,236.31,213.97,86.98,50.33,30000.0,0.0,87.15,0
20:37:34,433.8,0,2,2,263.13,236.23,213.91,86.96,50.33,30000.0,0.0,87.09,0
20:37:34,433.8,0,2,2,263.03,236.15,213.84,86.94,50.32,30000.0,0.0,87.03,0
20:37:34,433.9,0,2,2,262.94,236.07,213.76,86.92,50.31,30000.0,0.0,86.97,0
20:37:34,433.9,0,2,2,262.84,235.99,213.69,86.9,50.3,30000.0,0.0,86.91,0
20:37:34,434.0,0,2,2,262.75,235.91,213.63,86.88,50.29,30000.0,0.0,86.85,0
20:37:34,434.0,0,2,2,262.67,235.84,213.56,86.86,50.28,30000.0,0.0,86.79,0
20:37:34,434.1,0,2,2,262.58,235.76,213.5,86.84,50.28,30000.0,0.0,86.74,0
20:37:34,434.2,0,2,2,262.5,235.69,213.43,86.82,50.27,30000.0,0.0,86.68,0
20:37:34,434.2,0,2,2,262.4,235.61,213.36,86.79,50.26,30000.0,0.0,86.62,0
20:37:34,434.3,0,2,2,262.32,235.54,213.3,86.78,50.25,30000.0,0.0,86.56,0
20:37:34,434.3,0,2,2,262.24,235.47,213.24,86.76,50.24,30000.0,0.0,86.5,0
20:37:34,434.4,0,2,2,262.16,235.4,213.18,86.74,50.24,30000.0,0.0,86.44,0
20:37:34,434.4,0,2,2,262.07,235.32,213.11,86.72,50.23,30000.0,0.0,86.38,0
20:37:34,434.5,0,2,2,261.97,235.24,213.04,86.69,50.22,30000.0,0.0,86.32,0
20:37:34,434.6,0,2,2,261.89,235.17,212.97,86.67,50.21,30000.0,0.0,86.27,0
20:37:34,434.6,0,2,2,261.8,235.09,212.91,86.65,50.2,30000.0,0.0,86.21,0
20:37:35,434.7,0,2,2,261.72,235.02,212.84,86.63,50.19,30000.0,0.0,86.15,0
20:37:35,434.7,0,2,2,261.64,234.95,212.78,86.61,50.19,30000.0,0.0,86.09,0
20:37:35,434.8,0,2,2,261.55,234.87,212.72,86.59,50.18,30000.0,0.0,86.03,0
20:37:35,434.8,0,2,2,261.45,234.79,212.64,86.57,50.17,30000.0,0.0,85.97,0
20:37:35,434.9,0,2,2,261.37,234.71,212.58,86.55,50.16,30000.0,0.0,85.92,0
20:37:35,434.9,0,2,2,261.29,234.64,212.52,86.53,50.15,30000.0,0.0,85.86,0
20:37:35,435.0,0,2,2,261.2,234.57,212.45,86.51,50.14,30000.0,0.0,85.8,0
20:37:35,435.0,0,2,2,261.11,234.5,212.39,86.49,50.14,30000.0,0.0,85.74,0
20:37:35,435.1,0,2,2,261.03,234.43,212.33,86.47,50.13,30000.0,0.0,85.68,0
20:37:35,435.2,0,2,2,260.95,234.36,212.27,86.45,50.12,30000.0,0.0,85.62,0
20:37:35,435.2,0,2,2,260.85,234.27,212.19,86.43,50.11,30000.0,0.0,85.57,0
20:37:35,435.3,0,2,2,260.77,234.2,212.13,86.41,50.1,30000.0,0.0,85.51,0
20:37:35,435.3,0,2,2,260.69,234.13,212.07,86.39,50.1,30000.0,0.0,85.45,0
20:37:35,435.4,0,2,2,260.6,234.05,212.0,86.37,50.09,30000.0,0.0,85.39,0
20:37:35,435.4,0,2,2,260.52,233.98,211.94,86.35,50.08,30000.0,0.0,85.33,0
20:37:35,435.5,0,2,2,260.44,233.91,211.88,86.33,50.07,30000.0,0.0,85.27,0
20:37:35,435.5,0,2,2,260.36,233.84,211.82,86.31,50.06,30000.0,0.0,85.22,0
20:37:35,435.6,0,2,2,260.27,233.76,211.75,86.29,50.06,30000.0,0.0,85.16,0
20:37:36,435.6,0,2,2,260.19,233.69,211.69,86.27,50.05,30000.0,0.0,85.1,0
20:37:36,435.7,0,2,2,260.11,233.63,211.63,86.25,50.04,30000.0,0.0,85.04,0
20:37:36,435.8,0,2,2,260.01,233.54,211.55,86.23,50.03,30000.0,0.0,84.98,0
20:37:36,435.8,0,2,2,259.92,233.46,211.48,86.21,50.02,30000.0,0.0,84.93,0
20:37:36,435.9,0,2,2,259.84,233.39,211.42,86.19,50.02,30000.0,0.0,84.87,0
20:37:36,435.9,0,2,2,259.75,233.31,211.35,86.17,50.01,30000.0,0.0,84.81,0
20:37:36,436.0,0,2,2,259.66,233.24,211.29,86.15,50.0,30000.0,0.0,84.75,0
20:37:36,436.0,0,2,2,259.58,233.17,211.23,86.13,49.99,30000.0,0.0,84.69,0
20:37:36,436.1,0,2,2,259.5,233.1,211.17,86.11,49.98,30000.0,0.0,84.63,0
20:37:36,436.2,0,2,2,259.41,233.03,211.1,86.09,49.98,30000.0,0.0,84.58,0
20:37:36,436.2,0,2,2,259.33,232.95,211.04,86.07,49.97,30000.0,0.0,84.52,0
20:37:36,436.3,0,2,2,259.25,232.88,210.98,86.05,49.96,30000.0,0.0,84.46,0
20:37:36,436.3,0,2,2,259.15,232.8,210.9,86.03,49.95,30000.0,0.0,84.4,0
20:37:36,436.4,0,2,2,259.07,232.72,210.84,86.01,49.94,30000.0,0.0,84.35,0
20:37:36,436.4,0,2,2,258.98,232.65,210.77,85.99,49.93,30000.0,0.0,84.29,0
20:37:36,436.5,0,2,2,258.9,232.58,210.71,85.97,49.93,30000.0,0.0,84.23,0
20:37:36,436.6,0,2,2,258.8,232.5,210.64,85.95,49.92,30000.0,0.0,84.17,0
20:37:36,436.6,0,2,2,258.71,232.42,210.57,85.92,49.91,30000.0,0.0,84.11,0
20:37:37,436.7,0,2,2,258.62,232.34,210.5,85.9,49.9,30000.0,0.0,84.06,0
20:37:37,436.7,0,2,2,258.52,232.25,210.43,85.88,49.89,30000.0,0.0,84.0,0
20:37:37,436.8,0,2,2,258.44,232.18,210.36,85.86,49.88,30000.0,0.0,83.94,0
20:37:37,436.9,0,2,2,258.36,232.11,210.3,85.84,49.88,30000.0,0.0,83.88,0
20:37:37,436.9,0,2,2,258.26,232.03,210.23,85.82,49.87,30000.0,0.0,83.82,0
20:37:37,437.0,0,2,2,258.18,231.95,210.16,85.8,49.86,30000.0,0.0,83.77,0
20:37:37,437.0,0,2,2,258.1,231.89,210.1,85.78,49.85,30000.0,0.0,83.71,0
20:37:37,437.1,0,2,2,258.02,231.82,210.04,85.76,49.84,30000.0,0.0,83.65,0
20:37:37,437.1,0,2,2,257.91,231.72,209.96,85.74,49.83,30000.0,0.0,83.59,0
20:37:37,437.2,0,2,2,257.83,231.65,209.9,85.72,49.82,30000.0,0.0,83.54,0
20:37:37,437.3,0,2,2,257.75,231.58,209.84,85.7,49.82,30000.0,0.0,83.48,0
20:37:37,437.3,0,2,2,257.64,231.49,209.76,85.67,49.81,30000.0,0.0,83.42,0
20:37:37,437.4,0,2,2,257.56,231.42,209.69,85.65,49.8,30000.0,0.0,83.36,0
20:37:37,437.4,0,2,2,257.48,231.35,209.63,85.63,49.79,30000.0,0.0,83.31,0
20:37:37,437.5,0,2,2,257.39,231.28,209.57,85.61,49.78,30000.0,0.0,83.25,0
20:37:37,437.5,0,2,2,257.31,231.21,209.51,85.59,49.78,30000.0,0.0,83.19,0
20:37:37,437.6,0,2,2,257.23,231.14,209.45,85.57,49.77,30000.0,0.0,83.13,0
20:37:38,437.6,0,2,2,257.15,231.07,209.39,85.56,49.76,30000.0,0.0,83.08,0
20:37:38,437.7,0,2,2,257.07,230.99,209.32,85.53,49.75,30000.0,0.0,83.02,0
20:37:38,437.7,0,2,2,256.99,230.92,209.26,85.52,49.74,30000.0,0.0,82.96,0
20:37:38,437.8,0,2,2,256.91,230.86,209.2,85.5,49.74,30000.0,0.0,82.9,0
20:37:38,437.9,0,2,2,256.82,230.78,209.14,85.48,49.73,30000.0,0.0,82.85,0
20:37:38,437.9,0,2,2,256.74,230.71,209.07,85.46,49.72,30000.0,0.0,82.79,0
20:37:38,438.0,0,2,2,256.66,230.64,209.01,85.44,49.71,30000.0,0.0,82.73,0
20:37:38,438.0,0,2,2,256.58,230.57,208.95,85.42,49.71,30000.0,0.0,82.67,0
20:37:38,438.1,0,2,2,256.47,230.48,208.87,85.39,49.7,30000.0,0.0,82.62,0
20:37:38,438.2,0,2,2,256.38,230.4,208.8,85.37,49.69,30000.0,0.0,82.56,0
20:37:38,438.2,0,2,2,256.29,230.32,208.73,85.35,49.68,30000.0,0.0,82.5,0
20:37:38,438.3,0,2,2,256.2,230.24,208.66,85.33,49.67,30000.0,0.0,82.44,0
20:37:38,438.3,0,2,2,256.11,230.16,208.59,85.31,49.66,30000.0,0.0,82.39,0
20:37:38,438.4,0,2,2,256.03,230.09,208.53,85.29,49.65,30000.0,0.0,82.33,0
20:37:38,438.5,0,2,2,255.93,230.01,208.45,85.26,49.64,30000.0,0.0,82.27,0
20:37:38,438.5,0,2,2,255.85,229.94,208.39,85.25,49.64,30000.0,0.0,82.22,0
20:37:38,438.6,0,2,2,255.77,229.87,208.33,85.23,49.63,30000.0,0.0,82.16,0
20:37:38,438.6,0,2,2,255.69,229.8,208.27,85.21,49.62,30000.0,0.0,82.1,0
20:37:39,438.7,0,2,2,255.61,229.73,208.21,85.19,49.61,30000.0,0.0,82.04,0
20:37:39,438.7,0,2,2,255.53,229.66,208.15,85.17,49.61,30000.0,0.0,81.99,0
20:37:39,438.8,0,2,2,255.45,229.59,208.09,85.15,49.6,30000.0,0.0,81.93,0
20:37:39,438.8,0,2,2,255.36,229.52,208.02,85.13,49.59,30000.0,0.0,81.87,0
20:37:39,438.9,0,2,2,255.28,229.44,207.96,85.11,49.58,30000.0,0.0,81.82,0
20:37:39,438.9,0,2,2,255.2,229.37,207.9,85.09,49.57,30000.0,0.0,81.76,0
20:37:39,439.0,0,2,2,255.12,229.31,207.84,85.07,49.57,30000.0,0.0,81.7,0
20:37:39,439.0,0,2,2,255.04,229.24,207.78,85.05,49.56,30000.0,0.0,81.64,0
20:37:39,439.1,0,2,2,254.96,229.17,207.72,85.03,49.55,30000.0,0.0,81.59,0
20:37:39,439.2,0,2,2,254.88,229.1,207.66,85.02,49.54,30000.0,0.0,81.53,0
20:37:39,439.2,0,2,2,254.79,229.02,207.59,84.99,49.53,30000.0,0.0,81.47,0
20:37:39,439.3,0,2,2,254.71,228.95,207.52,84.97,49.53,30000.0,0.0,81.42,0
20:37:39,439.3,0,2,2,254.63,228.88,207.46,84.95,49.52,30000.0,0.0,81.36,0
20:37:39,439.4,0,2,2,254.55,228.81,207.4,84.94,49.51,30000.0,0.0,81.3,0
20:37:39,439.4,0,2,2,254.46,228.73,207.33,84.91,49.5,30000.0,0.0,81.25,0
20:37:39,439.5,0,2,2,254.38,228.66,207.27,84.9,49.49,30000.0,0.0,81.19,0
20:37:39,439.5,0,2,2,254.3,228.59,207.21,84.88,49.49,30000.0,0.0,81.13,0
20:37:39,439.6,0,2,2,254.21,228.52,207.15,84.86,49.48,30000.0,0.0,81.08,0
20:37:40,439.6,0,2,2,254.14,228.45,207.09,84.84,49.47,30000.0,0.0,81.02,0
20:37:40,439.7,0,2,2,254.06,228.38,207.03,84.82,49.46,30000.0,0.0,80.96,0
20:37:40,439.8,0,2,2,253.98,228.32,206.97,84.8,49.46,30000.0,0.0,80.91,0
20:37:40,439.8,0,2,2,253.9,228.24,206.91,84.78,49.45,30000.0,0.0,80.85,0
20:37:40,439.9,0,2,2,253.82,228.18,206.85,84.76,49.44,30000.0,0.0,80.79,0
20:37:40,439.9,0,2,2,253.74,228.11,206.79,84.74,49.43,30000.0,0.0,80.73,0
20:37:40,440.0,0,2,2,253.66,228.03,206.72,84.72,49.43,30000.0,0.0,80.68,0
20:37:40,440.0,0,2,2,253.58,227.97,206.66,84.7,49.42,30000.0,0.0,80.62,0
20:37:40,440.1,0,2,2,253.5,227.9,206.6,84.69,49.41,30000.0,0.0,80.56,0
20:37:40,440.1,0,2,2,253.41,227.82,206.53,84.66,49.4,30000.0,0.0,80.51,0
20:37:40,440.2,0,2,2,253.33,227.75,206.47,84.64,49.39,30000.0,0.0,80.45,0
20:37:40,440.2,0,2,2,253.25,227.68,206.41,84.63,49.39,30000.0,0.0,80.39,0
20:37:40,440.3,0,2,2,253.17,227.61,206.35,84.61,49.38,30000.0,0.0,80.34,0
20:37:40,440.4,0,2,2,253.09,227.54,206.29,84.59,49.37,30000.0,0.0,80.28,0
20:37:40,440.4,0,2,2,253.01,227.47,206.23,84.57,49.36,30000.0,0.0,80.23,0
20:37:40,440.5,0,2,2,252.93,227.41,206.17,84.55,49.36,30000.0,0.0,80.17,0
20:37:40,440.5,0,2,2,252.84,227.33,206.1,84.53,49.35,30000.0,0.0,80.11,0
20:37:40,440.6,0,2,2,252.77,227.26,206.04,84.51,49.34,30000.0,0.0,80.06,0
20:37:41,440.6,0,2,2,252.69,227.19,205.98,84.49,49.33,30000.0,0.0,80.0,0
20:37:41,440.7,0,2,2,252.6,227.12,205.92,84.47,49.32,30000.0,0.0,79.94,0
20:37:41,440.7,0,2,2,252.52,227.05,205.86,84.45,49.32,30000.0,0.0,79.89,0
20:37:41,440.8,0,2,2,252.44,226.98,205.8,84.43,49.31,30000.0,0.0,79.83,0
20:37:41,440.9,0,2,2,252.34,226.9,205.72,84.41,49.3,30000.0,0.0,79.77,0
20:37:41,440.9,0,2,2,252.27,226.83,205.66,84.39,49.29,30000.0,0.0,79.72,0
20:37:41,441.0,0,2,2,252.18,226.76,205.6,84.37,49.28,30000.0,0.0,79.66,0
20:37:41,441.0,0,2,2,252.11,226.69,205.54,84.35,49.28,30000.0,0.0,79.6,0
20:37:41,441.1,0,2,2,252.02,226.62,205.48,84.33,49.27,30000.0,0.0,79.55,0
20:37:41,441.1,0,2,2,251.94,226.55,205.42,84.31,49.26,30000.0,0.0,79.49,0
20:37:41,441.2,0,2,2,251.87,226.48,205.36,84.29,49.25,30000.0,0.0,79.44,0
20:37:41,441.3,0,2,2,251.76,226.39,205.28,84.27,49.24,30000.0,0.0,79.38,0
20:37:41,441.3,0,2,2,251.68,226.32,205.22,84.25,49.24,30000.0,0.0,79.32,0
20:37:41,441.4,0,2,2,251.6,226.25,205.15,84.23,49.23,30000.0,0.0,79.27,0
20:37:41,441.4,0,2,2,251.52,226.18,205.09,84.21,49.22,30000.0,0.0,79.21,0
20:37:41,441.5,0,2,2,251.44,226.11,205.03,84.19,49.21,30000.0,0.0,79.15,0
20:37:41,441.5,0,2,2,251.36,226.04,204.97,84.17,49.2,30000.0,0.0,79.1,0
20:37:41,441.6,0,2,2,251.28,225.97,204.91,84.15,49.2,30000.0,0.0,79.04,0
20:37:42,441.7,0,2,2,251.18,225.88,204.83,84.13,49.19,30000.0,0.0,78.99,0
20:37:42,441.7,0,2,2,251.09,225.81,204.77,84.11,49.18,30000.0,0.0,78.93,0
20:37:42,441.8,0,2,2,251.01,225.73,204.7,84.09,49.17,30000.0,0.0,78.87,0
20:37:42,441.8,0,2,2,250.93,225.67,204.64,84.07,49.16,30000.0,0.0,78.82,0
20:37:42,441.9,0,2,2,250.85,225.59,204.58,84.05,49.15,30000.0,0.0,78.76,0
20:37:42,441.9,0,2,2,250.77,225.53,204.52,84.03,49.15,30000.0,0.0,78.7,0
20:37:42,442.0,0,2,2,250.69,225.46,204.46,84.01,49.14,30000.0,0.0,78.65,0
20:37:42,442.0,0,2,2,250.61,225.39,204.39,83.99,49.13,30000.0,0.0,78.59,0
20:37:42,442.1,0,2,2,250.53,225.32,204.33,83.97,49.12,30000.0,0.0,78.54,0
20:37:42,442.1,0,2,2,250.45,225.25,204.27,83.95,49.12,30000.0,0.0,78.48,0
20:37:42,442.2,0,2,2,250.37,225.18,204.21,83.93,49.11,30000.0,0.0,78.42,0
20:37:42,442.3,0,2,2,250.28,225.1,204.14,83.91,49.1,30000.0,0.0,78.37,0
20:37:42,442.3,0,2,2,250.21,225.04,204.09,83.9,49.09,30000.0,0.0,78.31,0
20:37:42,442.4,0,2,2,250.13,224.97,204.03,83.88,49.08,30000.0,0.0,78.26,0
20:37:42,442.4,0,2,2,250.04,224.89,203.96,83.86,49.08,30000.0,0.0,78.2,0
20:37:42,442.5,0,2,2,249.94,224.81,203.88,83.83,49.07,30000.0,0.0,78.15,0
20:37:42,442.5,0,2,2,249.87,224.74,203.83,83.81,49.06,30000.0,0.0,78.09,0
20:37:42,442.6,0,2,2,249.79,224.67,203.76,83.79,49.05,30000.0,0.0,78.03,0
20:37:43,442.7,0,2,2,249.71,224.6,203.7,83.78,49.04,30000.0,0.0,77.98,0
20:37:43,442.7,0,2,2,249.63,224.53,203.64,83.76,49.04,30000.0,0.0,77.92,0
20:37:43,442.8,0,2,2,249.55,224.47,203.59,83.74,49.03,30000.0,0.0,77.87,0
20:37:43,442.8,0,2,2,249.47,224.4,203.52,83.72,49.02,30000.0,0.0,77.81,0
20:37:43,442.9,0,2,2,249.39,224.33,203.46,83.7,49.01,30000.0,0.0,77.75,0
20:37:43,442.9,0,2,2,249.31,224.26,203.4,83.68,49.01,30000.0,0.0,77.7,0
20:37:43,443.0,0,2,2,249.23,224.19,203.34,83.66,49.0,30000.0,0.0,77.64,0
20:37:43,443.0,0,2,2,249.15,224.12,203.28,83.64,48.99,30000.0,0.0,77.59,0
20:37:43,443.1,0,2,2,249.08,224.05,203.22,83.62,48.98,30000.0,0.0,77.53,0
20:37:43,443.2,0,2,2,249.0,223.98,203.16,83.6,48.98,30000.0,0.0,77.48,0
20:37:43,443.2,0,2,2,248.91,223.9,203.09,83.58,48.97,30000.0,0.0,77.42,0
20:37:43,443.3,0,2,2,248.83,223.84,203.03,83.56,48.96,30000.0,0.0,77.36,0
20:37:43,443.3,0,2,2,248.75,223.77,202.97,83.54,48.95,30000.0,0.0,77.31,0
20:37:43,443.4,0,2,2,248.67,223.7,202.91,83.53,48.94,30000.0,0.0,77.25,0
20:37:43,443.4,0,2,2,248.59,223.63,202.85,83.51,48.94,30000.0,0.0,77.2,0
20:37:43,443.5,0,2,2,248.52,223.56,202.79,83.49,48.93,30000.0,0.0,77.14,0
20:37:43,443.5,0,2,2,248.44,223.49,202.73,83.47,48.92,30000.0,0.0,77.09,0
20:37:43,443.6,0,2,2,248.35,223.42,202.66,83.45,48.91,30000.0,0.0,77.03,0
20:37:44,443.6,0,2,2,248.27,223.35,202.6,83.43,48.9,30000.0,0.0,76.98,0
20:37:44,443.7,0,2,2,248.19,223.28,202.54,83.41,48.9,30000.0,0.0,76.92,0
20:37:44,443.8,0,2,2,248.1,223.2,202.47,83.39,48.89,30000.0,0.0,76.86,0
20:37:44,443.8,0,2,2,248.02,223.14,202.41,83.37,48.88,30000.0,0.0,76.81,0
20:37:44,443.9,0,2,2,247.94,223.06,202.35,83.35,48.87,30000.0,0.0,76.75,0
20:37:44,443.9,0,2,2,247.86,223.0,202.29,83.33,48.86,30000.0,0.0,76.7,0
20:37:44,444.0,0,2,2,247.78,222.92,202.22,83.31,48.86,30000.0,0.0,76.64,0
20:37:44,444.0,0,2,2,247.7,222.85,202.16,83.29,48.85,30000.0,0.0,76.59,0
20:37:44,444.1,0,2,2,247.62,222.79,202.1,83.27,48.84,30000.0,0.0,76.53,0
20:37:44,444.2,0,2,2,247.54,222.72,202.04,83.25,48.83,30000.0,0.0,76.48,0
20:37:44,444.2,0,2,2,247.46,222.65,201.98,83.23,48.83,30000.0,0.0,76.42,0
20:37:44,444.3,0,2,2,247.38,222.57,201.92,83.21,48.82,30000.0,0.0,76.37,0
20:37:44,444.3,0,2,2,247.3,222.51,201.86,83.19,48.81,30000.0,0.0,76.31,0
20:37:44,444.4,0,2,2,247.22,222.44,201.8,83.18,48.8,30000.0,0.0,76.26,0
20:37:44,444.4,0,2,2,247.14,222.37,201.74,83.16,48.79,30000.0,0.0,76.2,0
20:37:44,444.5,0,2,2,247.07,222.3,201.68,83.14,48.79,30000.0,0.0,76.15,0
20:37:44,444.5,0,2,2,246.99,222.24,201.62,83.12,48.78,30000.0,0.0,76.09,0
20:37:44,444.6,0,2,2,246.91,222.16,201.55,83.1,48.77,30000.0,0.0,76.04,0
20:37:45,444.6,0,2,2,246.83,222.1,201.5,83.08,48.76,30000.0,0.0,75.98,0
20:37:45,444.7,0,2,2,246.75,222.03,201.44,83.06,48.76,30000.0,0.0,75.92,0
20:37:45,444.8,0,2,2,246.67,221.96,201.37,83.04,48.75,30000.0,0.0,75.87,0
20:37:45,444.8,0,2,2,246.59,221.89,201.31,83.02,48.74,30000.0,0.0,75.81,0
20:37:45,444.9,0,2,2,246.51,221.82,201.25,83.0,48.73,30000.0,0.0,75.76,0
20:37:45,444.9,0,2,2,246.43,221.75,201.19,82.98,48.73,30000.0,0.0,75.7,0
20:37:45,445.0,0,2,2,246.35,221.68,201.13,82.96,48.72,30000.0,0.0,75.65,0
20:37:45,445.0,0,2,2,246.28,221.61,201.07,82.95,48.71,30000.0,0.0,75.59,0
20:37:45,445.1,0,2,2,246.2,221.55,201.01,82.93,48.7,30000.0,0.0,75.54,0
20:37:45,445.1,0,2,2,246.11,221.47,200.94,82.91,48.69,30000.0,0.0,75.48,0
20:37:45,445.2,0,2,2,246.04,221.4,200.89,82.89,48.69,30000.0,0.0,75.43,0
20:37:45,445.3,0,2,2,245.96,221.33,200.82,82.87,48.68,30000.0,0.0,75.37,0
20:37:45,445.3,0,2,2,245.88,221.27,200.77,82.85,48.67,30000.0,0.0,75.32,0
20:37:45,445.4,0,2,2,245.8,221.2,200.71,82.83,48.66,30000.0,0.0,75.26,0
20:37:45,445.4,0,2,2,245.73,221.14,200.65,82.81,48.66,30000.0,0.0,75.21,0
20:37:45,445.5,0,2,2,245.66,221.07,200.59,82.8,48.65,30000.0,0.0,75.15,0
20:37:45,445.5,0,2,2,245.58,221.0,200.53,82.78,48.64,30000.0,0.0,75.1,0
20:37:45,445.6,0,2,2,245.5,220.93,200.47,82.76,48.63,30000.0,0.0,75.04,0
20:37:46,445.6,0,2,2,245.42,220.86,200.41,82.74,48.63,30000.0,0.0,74.99,0
20:37:46,445.7,0,2,2,245.34,220.8,200.35,82.72,48.62,30000.0,0.0,74.94,0
20:37:46,445.8,0,2,2,245.25,220.72,200.28,82.7,48.61,30000.0,0.0,74.88,0
20:37:46,445.8,0,2,2,245.17,220.65,200.22,82.68,48.6,30000.0,0.0,74.83,0
20:37:46,445.9,0,2,2,245.1,220.59,200.16,82.66,48.59,30000.0,0.0,74.77,0
20:37:46,445.9,0,2,2,245.02,220.51,200.1,82.64,48.59,30000.0,0.0,74.72,0
20:37:46,446.0,0,2,2,244.94,220.45,200.04,82.62,48.58,30000.0,0.0,74.66,0
20:37:46,446.0,0,2,2,244.86,220.38,199.98,82.6,48.57,30000.0,0.0,74.61,0
20:37:46,446.1,0,2,2,244.78,220.31,199.92,82.58,48.56,30000.0,0.0,74.55,0
20:37:46,446.1,0,2,2,244.71,220.24,199.86,82.57,48.56,30000.0,0.0,74.5,0
20:37:46,446.2,0,2,2,244.63,220.18,199.8,82.55,48.55,30000.0,0.0,74.44,0
20:37:46,446.2,0,2,2,244.55,220.11,199.74,82.53,48.54,30000.0,0.0,74.39,0
20:37:46,446.3,0,2,2,244.47,220.04,199.68,82.51,48.53,30000.0,0.0,74.33,0
20:37:46,446.4,0,2,2,244.4,219.97,199.62,82.49,48.53,30000.0,0.0,74.28,0
20:37:46,446.4,0,2,2,244.32,219.91,199.56,82.47,48.52,30000.0,0.0,74.22,0
20:37:46,446.5,0,2,2,244.24,219.84,199.5,82.45,48.51,30000.0,0.0,74.17,0
20:37:46,446.5,0,2,2,244.17,219.77,199.44,82.43,48.5,30000.0,0.0,74.11,0
20:37:46,446.6,0,2,2,244.09,219.71,199.39,82.42,48.5,30000.0,0.0,74.06,0
20:37:47,446.6,0,2,2,244.01,219.63,199.32,82.4,48.49,30000.0,0.0,74.01,0
20:37:47,446.7,0,2,2,243.93,219.57,199.27,82.38,48.48,30000.0,0.0,73.95,0
20:37:47,446.7,0,2,2,243.86,219.5,199.21,82.36,48.47,30000.0,0.0,73.9,0
20:37:47,446.8,0,2,2,243.78,219.43,199.15,82.34,48.47,30000.0,0.0,73.84,0
20:37:47,446.8,0,2,2,243.7,219.37,199.09,82.32,48.46,30000.0,0.0,73.79,0
20:37:47,446.9,0,2,2,243.63,219.3,199.03,82.3,48.45,30000.0,0.0,73.73,0
20:37:47,447.0,0,2,2,243.55,219.24,198.97,82.29,48.44,30000.0,0.0,73.68,0
20:37:47,447.0,0,2,2,243.47,219.16,198.91,82.26,48.43,30000.0,0.0,73.62,0
20:37:47,447.1,0,2,2,243.39,219.1,198.85,82.25,48.43,30000.0,0.0,73.57,0
20:37:47,447.1,0,2,2,243.32,219.03,198.79,82.23,48.42,30000.0,0.0,73.52,0
20:37:47,447.2,0,2,2,243.24,218.96,198.73,82.21,48.41,30000.0,0.0,73.46,0
20:37:47,447.2,0,2,2,243.16,218.89,198.67,82.19,48.4,30000.0,0.0,73.41,0
20:37:47,447.3,0,2,2,243.08,218.83,198.61,82.17,48.4,30000.0,0.0,73.35,0
20:37:47,447.3,0,2,2,243.01,218.76,198.55,82.15,48.39,30000.0,0.0,73.3,0
20:37:47,447.4,0,2,2,242.93,218.69,198.49,82.13,48.38,30000.0,0.0,73.24,0
20:37:47,447.4,0,2,2,242.85,218.62,198.43,82.11,48.37,30000.0,0.0,73.19,0
20:37:47,447.5,0,2,2,242.78,218.56,198.37,82.1,48.37,30000.0,0.0,73.14,0
20:37:47,447.6,0,2,2,242.7,218.49,198.31,82.08,48.36,30000.0,0.0,73.08,0
20:37:48,447.6,0,2,2,242.61,218.41,198.24,82.05,48.35,30000.0,0.0,73.03,0
20:37:48,447.7,0,2,2,242.53,218.34,198.18,82.04,48.34,30000.0,0.0,72.97,0
20:37:48,447.7,0,2,2,242.45,218.27,198.12,82.02,48.33,30000.0,0.0,72.92,0
20:37:48,447.8,0,2,2,242.37,218.2,198.06,82.0,48.33,30000.0,0.0,72.86,0
20:37:48,447.8,0,2,2,242.3,218.14,198.0,81.98,48.32,30000.0,0.0,72.81,0
20:37:48,447.9,0,2,2,242.22,218.07,197.95,81.96,48.31,30000.0,0.0,72.76,0
20:37:48,448.0,0,2,2,242.15,218.01,197.89,81.94,48.31,30000.0,0.0,72.7,0
20:37:48,448.0,0,2,2,242.06,217.93,197.82,81.92,48.3,30000.0,0.0,72.65,0
20:37:48,448.1,0,2,2,241.99,217.87,197.76,81.9,48.29,30000.0,0.0,72.59,0
20:37:48,448.1,0,2,2,241.91,217.8,197.7,81.88,48.28,30000.0,0.0,72.54,0
20:37:48,448.2,0,2,2,241.83,217.73,197.64,81.87,48.27,30000.0,0.0,72.49,0
20:37:48,448.2,0,2,2,241.76,217.67,197.59,81.85,48.27,30000.0,0.0,72.43,0
20:37:48,448.3,0,2,2,241.68,217.6,197.53,81.83,48.26,30000.0,0.0,72.38,0
20:37:48,448.3,0,2,2,241.61,217.54,197.47,81.81,48.25,30000.0,0.0,72.32,0
20:37:48,448.4,0,2,2,241.53,217.47,197.41,81.79,48.24,30000.0,0.0,72.27,0
20:37:48,448.4,0,2,2,241.46,217.4,197.35,81.77,48.24,30000.0,0.0,72.22,0
20:37:48,448.5,0,2,2,241.39,217.34,197.3,81.76,48.23,30000.0,0.0,72.16,0
20:37:48,448.6,0,2,2,241.31,217.28,197.24,81.74,48.22,30000.0,0.0,72.11,0
20:37:48,448.6,0,2,2,241.23,217.21,197.18,81.72,48.21,30000.0,0.0,72.05,0
20:37:49,448.7,0,2,2,241.15,217.14,197.12,81.7,48.21,30000.0,0.0,72.0,0
20:37:49,448.7,0,2,2,241.08,217.07,197.06,81.68,48.2,30000.0,0.0,71.95,0
20:37:49,448.8,0,2,2,241.0,217.01,197.0,81.66,48.19,30000.0,0.0,71.89,0
20:37:49,448.8,0,2,2,240.93,216.94,196.94,81.64,48.18,30000.0,0.0,71.84,0
20:37:49,448.9,0,2,2,240.86,216.88,196.89,81.63,48.18,30000.0,0.0,71.79,0
20:37:49,448.9,0,2,2,240.78,216.81,196.83,81.61,48.17,30000.0,0.0,71.73,0
20:37:49,449.0,0,2,2,240.7,216.74,196.77,81.59,48.16,30000.0,0.0,71.68,0
20:37:49,449.0,0,2,2,240.62,216.67,196.71,81.57,48.15,30000.0,0.0,71.62,0
20:37:49,449.1,0,2,2,240.55,216.61,196.65,81.55,48.15,30000.0,0.0,71.57,0
20:37:49,449.2,0,2,2,240.47,216.54,196.59,81.53,48.14,30000.0,0.0,71.52,0
20:37:49,449.2,0,2,2,240.39,216.47,196.53,81.51,48.13,30000.0,0.0,71.46,0
20:37:49,449.3,0,2,2,240.32,216.41,196.47,81.5,48.12,30000.0,0.0,71.41,0
20:37:49,449.3,0,2,2,240.25,216.35,196.42,81.48,48.12,30000.0,0.0,71.36,0
20:37:49,449.4,0,2,2,240.17,216.28,196.36,81.46,48.11,30000.0,0.0,71.3,0
20:37:49,449.4,0,2,2,240.1,216.21,196.3,81.44,48.1,30000.0,0.0,71.25,0
20:37:49,449.5,0,2,2,240.02,216.15,196.24,81.42,48.1,30000.0,0.0,71.2,0
20:37:49,449.5,0,2,2,239.93,216.07,196.17,81.4,48.09,30000.0,0.0,71.14,0
20:37:49,449.6,0,2,2,239.86,216.01,196.12,81.38,48.08,30000.0,0.0,71.09,0
20:37:50,449.6,0,2,2,239.78,215.94,196.06,81.36,48.07,30000.0,0.0,71.03,0
20:37:50,449.7,0,2,2,239.71,215.88,196.0,81.35,48.06,30000.0,0.0,70.98,0
20:37:50,449.8,0,2,2,239.62,215.8,195.93,81.32,48.06,30000.0,0.0,70.93,0
20:37:50,449.8,0,2,2,239.55,215.74,195.88,81.31,48.05,30000.0,0.0,70.87,0
20:37:50,449.9,0,2,2,239.48,215.67,195.82,81.29,48.04,30000.0,0.0,70.82,0
20:37:50,449.9,0,2,2,239.4,215.6,195.76,81.27,48.03,30000.0,0.0,70.77,0
20:37:50,450.0,0,2,2,239.32,215.53,195.7,81.25,48.03,30000.0,0.0,70.71,0
20:37:50,450.0,0,2,2,239.25,215.47,195.64,81.23,48.02,30000.0,0.0,70.66,0
20:37:50,450.1,0,2,2,239.17,215.41,195.59,81.21,48.01,30000.0,0.0,70.61,0
20:37:50,450.2,0,2,2,239.09,215.33,195.52,81.19,48.0,30000.0,0.0,70.55,0
20:37:50,450.2,0,2,2,239.02,215.27,195.46,81.18,48.0,30000.0,0.0,70.5,0
20:37:50,450.3,0,2,2,238.95,215.21,195.41,81.16,47.99,30000.0,0.0,70.45,0
20:37:50,450.3,0,2,2,238.87,215.14,195.35,81.14,47.98,30000.0,0.0,70.39,0
20:37:50,450.4,0,2,2,238.79,215.07,195.29,81.12,47.97,30000.0,0.0,70.34,0
20:37:50,450.4,0,2,2,238.72,215.01,195.23,81.1,47.97,30000.0,0.0,70.29,0
20:37:50,450.5,0,2,2,238.64,214.94,195.18,81.08,47.96,30000.0,0.0,70.23,0
20:37:50,450.5,0,2,2,238.56,214.87,195.11,81.06,47.95,30000.0,0.0,70.18,0
20:37:50,450.6,0,2,2,238.49,214.81,195.06,81.05,47.94,30000.0,0.0,70.13,0
20:37:51,450.6,0,2,2,238.41,214.74,195.0,81.03,47.94,30000.0,0.0,70.07,0
20:37:51,450.7,0,2,2,238.34,214.68,194.94,81.01,47.93,30000.0,0.0,70.02,0
20:37:51,450.8,0,2,2,238.25,214.6,194.87,80.99,47.92,30000.0,0.0,69.97,0
20:37:51,450.8,0,2,2,238.18,214.54,194.82,80.97,47.91,30000.0,0.0,69.91,0
20:37:51,450.9,0,2,2,238.11,214.47,194.76,80.95,47.91,30000.0,0.0,69.86,0
20:37:51,450.9,0,2,2,238.03,214.4,194.7,80.93,47.9,30000.0,0.0,69.81,0
20:37:51,451.0,0,2,2,237.95,214.34,194.64,80.91,47.89,30000.0,0.0,69.76,0
20:37:51,451.0,0,2,2,237.88,214.27,194.58,80.9,47.88,30000.0,0.0,69.7,0
20:37:51,451.1,0,2,2,237.81,214.21,194.53,80.88,47.88,30000.0,0.0,69.65,0
20:37:51,451.1,0,2,2,237.74,214.15,194.47,80.86,47.87,30000.0,0.0,69.6,0
20:37:51,451.2,0,2,2,237.66,214.08,194.42,80.84,47.86,30000.0,0.0,69.54,0
20:37:51,451.2,0,2,2,237.59,214.02,194.36,80.83,47.85,30000.0,0.0,69.49,0
20:37:51,451.3,0,2,2,237.52,213.95,194.3,80.81,47.85,30000.0,0.0,69.44,0
20:37:51,451.4,0,2,2,237.44,213.88,194.24,80.79,47.84,30000.0,0.0,69.38,0
20:37:51,451.4,0,2,2,237.36,213.82,194.18,80.77,47.83,30000.0,0.0,69.33,0
20:37:51,451.5,0,2,2,237.29,213.76,194.13,80.75,47.82,30000.0,0.0,69.28,0
20:37:51,451.5,0,2,2,237.2,213.68,194.06,80.73,47.82,30000.0,0.0,69.22,0
20:37:51,451.6,0,2,2,237.12,213.61,194.0,80.71,47.81,30000.0,0.0,69.17,0
20:37:52,451.6,0,2,2,237.05,213.55,193.94,80.69,47.8,30000.0,0.0,69.12,0
20:37:52,451.7,0,2,2,236.97,213.48,193.88,80.67,47.79,30000.0,0.0,69.07,0
20:37:52,451.7,0,2,2,236.9,213.41,193.82,80.66,47.79,30000.0,0.0,69.01,0
20:37:52,451.8,0,2,2,236.83,213.35,193.77,80.64,47.78,30000.0,0.0,68.96,0
20:37:52,451.9,0,2,2,236.76,213.29,193.71,80.62,47.77,30000.0,0.0,68.91,0
20:37:52,451.9,0,2,2,236.68,213.22,193.65,80.6,47.76,30000.0,0.0,68.85,0
20:37:52,452.0,0,2,2,236.6,213.15,193.59,80.58,47.76,30000.0,0.0,68.8,0
20:37:52,452.0,0,2,2,236.53,213.09,193.54,80.56,47.75,30000.0,0.0,68.75,0
20:37:52,452.1,0,2,2,236.46,213.02,193.48,80.55,47.74,30000.0,0.0,68.7,0
20:37:52,452.1,0,2,2,236.38,212.96,193.42,80.53,47.73,30000.0,0.0,68.64,0
20:37:52,452.2,0,2,2,236.31,212.9,193.37,80.51,47.73,30000.0,0.0,68.59,0
20:37:52,452.2,0,2,2,236.24,212.83,193.31,80.49,47.72,30000.0,0.0,68.54,0
20:37:52,452.3,0,2,2,236.16,212.77,193.25,80.47,47.71,30000.0,0.0,68.49,0
20:37:52,452.3,0,2,2,236.09,212.71,193.2,80.46,47.7,30000.0,0.0,68.43,0
20:37:52,452.4,0,2,2,236.02,212.64,193.14,80.44,47.7,30000.0,0.0,68.38,0
20:37:52,452.5,0,2,2,235.95,212.58,193.08,80.42,47.69,30000.0,0.0,68.33,0
20:37:52,452.5,0,2,2,235.86,212.5,193.02,80.4,47.68,30000.0,0.0,68.27,0
20:37:52,452.6,0,2,2,235.78,212.43,192.96,80.38,47.67,30000.0,0.0,68.22,0
20:37:53,452.6,0,2,2,235.7,212.36,192.89,80.36,47.67,30000.0,0.0,68.17,0
20:37:53,452.7,0,2,2,235.62,212.29,192.83,80.34,47.66,30000.0,0.0,68.12,0
20:37:53,452.8,0,2,2,235.54,212.22,192.77,80.32,47.65,30000.0,0.0,68.06,0
20:37:53,452.8,0,2,2,235.47,212.16,192.71,80.3,47.64,30000.0,0.0,68.01,0
20:37:53,452.9,0,2,2,235.37,212.08,192.64,80.28,47.63,30000.0,0.0,67.96,0
20:37:53,452.9,0,2,2,235.29,212.0,192.58,80.26,47.62,30000.0,0.0,67.91,0
20:37:53,453.0,0,2,2,235.22,211.94,192.52,80.24,47.62,30000.0,0.0,67.85,0
20:37:53,453.0,0,2,2,235.14,211.87,192.46,80.22,47.61,30000.0,0.0,67.8,0
20:37:53,453.1,0,2,2,235.07,211.81,192.4,80.2,47.6,30000.0,0.0,67.75,0
20:37:53,453.2,0,2,2,234.99,211.74,192.34,80.19,47.6,30000.0,0.0,67.7,0
20:37:53,453.2,0,2,2,234.9,211.66,192.27,80.16,47.59,30000.0,0.0,67.64,0
20:37:53,453.3,0,2,2,234.82,211.59,192.21,80.14,47.58,30000.0,0.0,67.59,0
20:37:53,453.3,0,2,2,234.75,211.53,192.15,80.12,47.57,30000.0,0.0,67.54,0
20:37:53,453.4,0,2,2,234.67,211.46,192.09,80.1,47.56,30000.0,0.0,67.49,0
20:37:53,453.4,0,2,2,234.6,211.39,192.03,80.09,47.56,30000.0,0.0,67.44,0
20:37:53,453.5,0,2,2,234.53,211.33,191.98,80.07,47.55,30000.0,0.0,67.38,0
20:37:53,453.6,0,2,2,234.44,211.25,191.91,80.05,47.54,30000.0,0.0,67.33,0
20:37:53,453.6,0,2,2,234.36,211.19,191.85,80.03,47.53,30000.0,0.0,67.28,0
20:37:54,453.7,0,2,2,234.29,211.13,191.8,80.01,47.53,30000.0,0.0,67.23,0
20:37:54,453.7,0,2,2,234.21,211.06,191.74,79.99,47.52,30000.0,0.0,67.17,0
20:37:54,453.8,0,2,2,234.13,210.98,191.67,79.97,47.51,29082.05,0.0,67.12,0
20:37:54,453.9,0,2,2,234.05,210.92,191.61,79.95,47.5,28237.71,0.0,67.07,0
20:37:54,453.9,0,2,2,233.98,210.86,191.56,79.94,47.49,27436.46,0.0,67.02,0
20:37:54,454.0,0,2,2,233.88,210.77,191.48,79.91,47.48,26300.41,0.0,66.97,0
20:37:54,454.0,0,2,2,233.81,210.7,191.42,79.89,47.48,25476.62,0.0,66.91,0
20:37:54,454.1,0,2,2,233.74,210.64,191.37,79.87,47.47,24691.16,0.0,66.86,0
20:37:54,454.1,0,2,2,233.66,210.58,191.31,79.86,47.46,23866.07,0.0,66.81,0
20:37:54,454.2,0,2,2,233.58,210.51,191.25,79.84,47.45,22964.78,0.0,66.76,0
20:37:54,454.3,0,2,2,233.51,210.44,191.19,79.82,47.45,22172.55,0.0,66.7,0
20:37:54,454.3,0,2,2,233.42,210.36,191.12,79.8,47.44,21115.75,0.0,66.65,0
20:37:54,454.4,0,2,2,233.35,210.3,191.06,79.78,47.43,20303.98,0.0,66.6,0
20:37:54,454.4,0,2,2,233.28,210.24,191.01,79.76,47.42,19515.52,0.0,66.55,0
20:37:54,454.5,0,2,2,233.2,210.17,190.95,79.74,47.42,18678.39,0.0,66.5,0
20:37:54,454.5,0,2,2,233.13,210.11,190.89,79.72,47.41,17883.7,0.0,66.44,0
20:37:54,454.6,0,2,2,233.06,210.05,190.84,79.71,47.4,17083.92,0.0,66.39,0
20:37:55,454.7,0,2,2,232.97,209.96,190.77,79.68,47.39,16031.37,0.0,66.34,0
20:37:55,454.7,0,2,2,232.89,209.9,190.71,79.66,47.38,15193.39,0.0,66.29,0
20:37:55,454.8,0,2,2,232.82,209.84,190.65,79.65,47.38,14413.78,0.0,66.24,0
20:37:55,454.8,0,2,2,232.74,209.76,190.59,79.63,47.37,13491.09,0.0,66.19,0
20:37:55,454.9,0,2,2,232.67,209.7,190.53,79.61,47.36,12687.19,0.0,66.13,0
20:37:55,455.0,0,2,2,232.59,209.63,190.47,79.59,47.35,11815.11,0.0,66.08,0
20:37:55,455.0,0,2,2,232.51,209.56,190.41,79.57,47.35,10919.51,0.0,66.03,0
20:37:55,455.1,0,2,2,232.44,209.5,190.36,79.55,47.34,10113.59,0.0,65.98,0
20:37:55,455.1,0,2,2,232.37,209.44,190.3,79.54,47.33,9318.44,0.0,65.93,0
20:37:55,455.2,0,2,2,232.29,209.37,190.24,79.52,47.32,8457.38,0.0,65.87,0
20:37:55,455.2,0,2,2,232.21,209.3,190.18,79.5,47.32,7582.25,0.0,65.82,0
20:37:55,455.3,0,2,2,232.14,209.24,190.13,79.48,47.31,6774.34,0.0,65.77,0
20:37:55,455.3,0,2,2,232.07,209.18,190.07,79.46,47.3,5953.9,0.0,65.72,0
20:37:55,455.4,0,2,2,231.99,209.11,190.01,79.44,47.29,5075.78,0.0,65.67,0
20:37:55,455.4,0,2,2,231.92,209.05,189.95,79.43,47.29,4283.96,0.0,65.62,0
20:37:55,455.5,0,2,2,231.85,208.99,189.9,79.41,47.28,3484.5,0.0,65.56,0
20:37:55,455.6,0,2,2,231.78,208.92,189.84,79.39,47.27,2636.59,0.0,65.51,0
20:37:56,455.6,0,2,2,231.7,208.85,189.78,79.37,47.27,1769.05,0.0,65.46,0
20:37:56,455.7,0,2,2,231.62,208.78,189.72,79.35,47.26,857.26,0.0,65.41,0
20:37:56,455.7,0,2,2,231.55,208.72,189.66,79.33,47.25,32.56,0.0,65.36,0
20:37:56,455.8,0,2,2,231.46,208.65,189.6,79.31,47.24,0.0,0.0,65.31,0
20:37:56,455.8,0,2,2,231.39,208.58,189.54,79.29,47.23,0.0,0.0,65.25,0
20:37:56,455.9,0,2,2,231.32,208.52,189.49,79.28,47.23,0.0,0.0,65.2,0
20:37:56,456.0,0,2,2,231.25,208.46,189.43,79.26,47.22,0.0,0.0,65.15,0
20:37:56,456.0,0,2,2,231.18,208.39,189.37,79.24,47.21,0.0,0.0,65.1,0
20:37:56,456.1,0,2,2,231.11,208.33,189.32,79.22,47.21,0.0,0.0,65.05,0
20:37:56,456.1,0,2,2,231.03,208.27,189.26,79.2,47.2,0.0,0.0,65.0,0
20:37:56,456.2,0,2,2,230.95,208.2,189.2,79.18,47.19,0.0,0.0,64.95,0
20:37:56,456.2,0,2,2,230.88,208.13,189.14,79.17,47.18,0.0,0.0,64.89,0
20:37:56,456.3,0,2,2,230.81,208.07,189.09,79.15,47.18,0.0,0.0,64.84,0
20:37:56,456.3,0,2,2,230.74,208.01,189.03,79.13,47.17,0.0,0.0,64.79,0
20:37:56,456.4,0,2,2,230.67,207.94,188.97,79.11,47.16,0.0,0.0,64.74,0
20:37:56,456.5,0,2,2,230.59,207.88,188.92,79.09,47.15,0.0,0.0,64.69,0
20:37:56,456.5,0,2,2,230.52,207.81,188.86,79.08,47.15,0.0,0.0,64.64,0
20:37:56,456.6,0,2,2,230.45,207.75,188.8,79.06,47.14,0.0,0.0,64.59,0
20:37:57,456.6,0,2,2,230.37,207.68,188.74,79.04,47.13,0.0,0.0,64.53,0
20:37:57,456.7,0,2,2,230.29,207.62,188.68,79.02,47.12,0.0,0.0,64.48,0
20:37:57,456.7,0,2,2,230.22,207.55,188.62,79.0,47.12,0.0,0.0,64.43,0
20:37:57,456.8,0,2,2,230.14,207.49,188.57,78.98,47.11,0.0,0.0,64.38,0
20:37:57,456.8,0,2,2,230.08,207.43,188.51,78.97,47.1,0.0,0.0,64.33,0
20:37:57,456.9,0,2,2,230.01,207.36,188.46,78.95,47.09,0.0,0.0,64.28,0
20:37:57,457.0,0,2,2,229.93,207.3,188.4,78.93,47.09,0.0,0.0,64.23,0
20:37:57,457.0,0,2,2,229.86,207.23,188.34,78.91,47.08,0.0,0.0,64.18,0
20:37:57,457.1,0,2,2,229.79,207.17,188.29,78.89,47.07,0.0,0.0,64.12,0
20:37:57,457.1,0,2,2,229.71,207.1,188.23,78.87,47.06,0.0,0.0,64.07,0
20:37:57,457.2,0,2,2,229.63,207.03,188.16,78.85,47.06,0.0,0.0,64.02,0
20:37:57,457.3,0,2,2,229.55,206.96,188.1,78.83,47.05,0.0,0.0,63.97,0
20:37:57,457.3,0,2,2,229.48,206.9,188.05,78.82,47.04,0.0,0.0,63.92,0
20:37:57,457.4,0,2,2,229.39,206.82,187.98,78.79,47.03,0.0,0.0,63.87,0
20:37:57,457.4,0,2,2,229.32,206.76,187.92,78.78,47.03,0.0,0.0,63.82,0
20:37:57,457.5,0,2,2,229.25,206.7,187.87,78.76,47.02,0.0,0.0,63.77,0
20:37:57,457.5,0,2,2,229.17,206.63,187.81,78.74,47.01,0.0,0.0,63.72,0
20:37:57,457.6,0,2,2,229.11,206.57,187.76,78.72,47.0,0.0,0.0,63.66,0
20:37:58,457.6,0,2,2,229.04,206.51,187.7,78.71,47.0,0.0,0.0,63.61,0
20:37:58,457.7,0,2,2,228.96,206.45,187.65,78.69,46.99,0.0,0.0,63.56,0
20:37:58,457.8,0,2,2,228.88,206.37,187.58,78.67,46.98,0.0,0.0,63.51,0
20:37:58,457.8,0,2,2,228.81,206.31,187.53,78.65,46.97,0.0,0.0,63.46,0
20:37:58,457.9,0,2,2,228.72,206.23,187.46,78.63,46.97,0.0,0.0,63.41,0
20:37:58,457.9,0,2,2,228.65,206.17,187.4,78.61,46.96,0.0,0.0,63.36,0
20:37:58,458.0,0,2,2,228.59,206.11,187.35,78.59,46.95,0.0,0.0,63.31,0
20:37:58,458.0,0,2,2,228.52,206.05,187.3,78.58,46.94,0.0,0.0,63.26,0
20:37:58,458.1,0,2,2,228.45,205.99,187.24,78.56,46.94,0.0,0.0,63.21,0
20:37:58,458.1,0,2,2,228.38,205.93,187.19,78.54,46.93,0.0,0.0,63.16,0
20:37:58,458.2,0,2,2,228.31,205.87,187.13,78.53,46.92,0.0,0.0,63.1,0
20:37:58,458.3,0,2,2,228.24,205.81,187.08,78.51,46.92,0.0,0.0,63.05,0
20:37:58,458.3,0,2,2,228.17,205.75,187.02,78.49,46.91,0.0,0.0,63.0,0
20:37:58,458.4,0,2,2,228.1,205.68,186.97,78.47,46.9,0.0,0.0,62.95,0
20:37:58,458.4,0,2,2,228.02,205.62,186.91,78.45,46.89,0.0,0.0,62.9,0
20:37:58,458.5,0,2,2,227.95,205.55,186.85,78.44,46.89,0.0,0.0,62.85,0
20:37:58,458.5,0,2,2,227.87,205.49,186.79,78.42,46.88,0.0,0.0,62.8,0
20:37:58,458.6,0,2,2,227.8,205.42,186.74,78.4,46.87,0.0,0.0,62.75,0
20:37:59,458.6,0,2,2,227.73,205.36,186.68,78.38,46.87,0.0,0.0,62.7,0
20:37:59,458.7,0,2,2,227.66,205.3,186.63,78.36,46.86,0.0,0.0,62.65,0
20:37:59,458.8,0,2,2,227.58,205.23,186.57,78.35,46.85,0.0,0.0,62.6,0
20:37:59,458.8,0,2,2,227.51,205.17,186.51,78.33,46.84,0.0,0.0,62.55,0
20:37:59,458.9,0,2,2,227.44,205.11,186.46,78.31,46.84,0.0,0.0,62.5,0
20:37:59,458.9,0,2,2,227.37,205.05,186.41,78.29,46.83,0.0,0.0,62.45,0
20:37:59,459.0,0,2,2,227.3,204.98,186.35,78.27,46.82,0.0,0.0,62.39,0
20:37:59,459.0,0,2,2,227.23,204.92,186.29,78.26,46.81,0.0,0.0,62.34,0
20:37:59,459.1,0,2,2,227.16,204.86,186.24,78.24,46.81,0.0,0.0,62.29,0
20:37:59,459.2,0,2,2,227.07,204.79,186.17,78.22,46.8,0.0,0.0,62.24,0
20:37:59,459.2,0,2,2,227.0,204.72,186.12,78.2,46.79,0.0,0.0,62.19,0
20:37:59,459.3,0,2,2,226.93,204.66,186.06,78.18,46.78,0.0,0.0,62.14,0
20:37:59,459.3,0,2,2,226.86,204.59,186.0,78.16,46.78,0.0,0.0,62.09,0
20:37:59,459.4,0,2,2,226.78,204.53,185.94,78.14,46.77,0.0,0.0,62.04,0
20:37:59,459.4,0,2,2,226.71,204.47,185.89,78.13,46.76,0.0,0.0,61.99,0
20:37:59,459.5,0,2,2,226.65,204.41,185.84,78.11,46.76,0.0,0.0,61.94,0
20:37:59,459.6,0,2,2,226.56,204.34,185.77,78.09,46.75,0.0,0.0,61.89,0
20:37:59,459.6,0,2,2,226.48,204.26,185.71,78.07,46.74,0.0,0.0,61.84,0
20:38:00,459.7,0,2,2,226.41,204.2,185.65,78.05,46.73,0.0,0.0,61.79,0
20:38:00,459.7,0,2,2,226.34,204.14,185.59,78.03,46.72,0.0,0.0,61.74,0
20:38:00,459.8,0,2,2,226.26,204.07,185.53,78.01,46.72,0.0,0.0,61.69,0
20:38:00,459.8,0,2,2,226.19,204.01,185.48,78.0,46.71,0.0,0.0,61.64,0
20:38:00,459.9,0,2,2,226.12,203.95,185.43,77.98,46.7,0.0,0.0,61.59,0
20:38:00,460.0,0,2,2,226.04,203.88,185.37,77.96,46.69,0.0,0.0,61.54,0
20:38:00,460.0,0,2,2,225.97,203.81,185.31,77.94,46.69,0.0,0.0,61.49,0
20:38:00,460.1,0,2,2,225.9,203.75,185.25,77.92,46.68,0.0,0.0,61.44,0
20:38:00,460.1,0,2,2,225.83,203.69,185.2,77.91,46.67,0.0,0.0,61.39,0
20:38:00,460.2,0,2,2,225.75,203.62,185.13,77.89,46.66,0.0,0.0,61.34,0
20:38:00,460.2,0,2,2,225.68,203.55,185.08,77.87,46.66,0.0,0.0,61.29,0
20:38:00,460.3,0,2,2,225.61,203.5,185.02,77.85,46.65,0.0,0.0,61.24,0
20:38:00,460.3,0,2,2,225.53,203.43,184.97,77.83,46.64,0.0,0.0,61.19,0
20:38:00,460.4,0,2,2,225.46,203.37,184.91,77.81,46.64,0.0,0.0,61.14,0
20:38:00,460.5,0,2,2,225.4,203.31,184.86,77.8,46.63,0.0,0.0,61.09,0
20:38:00,460.5,0,2,2,225.31,203.23,184.79,77.78,46.62,0.0,0.0,61.04,0
20:38:00,460.6,0,2,2,225.24,203.17,184.74,77.76,46.61,0.0,0.0,60.99,0
20:38:01,460.6,0,2,2,225.17,203.11,184.68,77.74,46.61,0.0,0.0,60.94,0
20:38:01,460.7,0,2,2,225.1,203.04,184.62,77.72,46.6,0.0,0.0,60.89,0
20:38:01,460.7,0,2,2,225.03,202.98,184.57,77.71,46.59,0.0,0.0,60.84,0
20:38:01,460.8,0,2,2,224.96,202.92,184.52,77.69,46.58,0.0,0.0,60.79,0
20:38:01,460.9,0,2,2,224.89,202.86,184.46,77.67,46.58,0.0,0.0,60.74,0
20:38:01,460.9,0,2,2,224.79,202.77,184.38,77.65,46.57,0.0,0.0,60.69,0
20:38:01,461.0,0,2,2,224.71,202.71,184.32,77.63,46.56,0.0,0.0,60.64,0
20:38:01,461.1,0,2,2,224.64,202.65,184.27,77.61,46.55,0.0,0.0,60.59,0
20:38:01,461.1,0,2,2,224.55,202.56,184.2,77.59,46.54,0.0,0.0,60.54,0
20:38:01,461.2,0,2,2,224.48,202.5,184.14,77.57,46.54,0.0,0.0,60.49,0
20:38:01,461.2,0,2,2,224.41,202.44,184.09,77.55,46.53,0.0,0.0,60.44,0
20:38:01,461.3,0,2,2,224.34,202.38,184.03,77.53,46.52,0.0,0.0,60.39,0
20:38:01,461.3,0,2,2,224.27,202.32,183.98,77.52,46.51,0.0,0.0,60.34,0
20:38:01,461.4,0,2,2,224.2,202.26,183.93,77.5,46.51,0.0,0.0,60.29,0
20:38:01,461.4,0,2,2,224.14,202.2,183.87,77.48,46.5,0.0,0.0,60.24,0
20:38:01,461.5,0,2,2,224.06,202.14,183.82,77.46,46.49,0.0,0.0,60.19,0
20:38:01,461.6,0,2,2,223.99,202.07,183.76,77.45,46.49,0.0,0.0,60.14,0
20:38:01,461.6,0,2,2,223.92,202.01,183.71,77.43,46.48,0.0,0.0,60.09,0
20:38:02,461.7,0,2,2,223.85,201.95,183.65,77.41,46.47,0.0,0.0,60.04,0
20:38:02,461.7,0,2,2,223.78,201.89,183.6,77.39,46.47,0.0,0.0,59.99,0
20:38:02,461.8,0,2,2,223.72,201.83,183.54,77.38,46.46,0.0,0.0,59.94,0
20:38:02,461.8,0,2,2,223.65,201.77,183.49,77.36,46.45,0.0,0.0,59.89,0
20:38:02,461.9,0,2,2,223.58,201.71,183.44,77.34,46.44,0.0,0.0,59.84,0
20:38:02,461.9,0,2,2,223.52,201.65,183.39,77.33,46.44,0.0,0.0,59.79,0
20:38:02,462.0,0,2,2,223.44,201.59,183.33,77.31,46.43,0.0,0.0,59.74,0
20:38:02,462.0,0,2,2,223.37,201.53,183.28,77.29,46.42,0.0,0.0,59.69,0
20:38:02,462.1,0,2,2,223.31,201.47,183.22,77.27,46.42,0.0,0.0,59.64,0
20:38:02,462.2,0,2,2,223.24,201.41,183.17,77.26,46.41,0.0,0.0,59.59,0
20:38:02,462.2,0,2,2,223.16,201.34,183.11,77.24,46.4,0.0,0.0,59.54,0
20:38:02,462.3,0,2,2,223.08,201.27,183.05,77.22,46.39,0.0,0.0,59.49,0
20:38:02,462.3,0,2,2,223.02,201.21,183.0,77.2,46.39,0.0,0.0,59.44,0
20:38:02,462.4,0,2,2,222.95,201.15,182.94,77.18,46.38,0.0,0.0,59.39,0
20:38:02,462.4,0,2,2,222.87,201.08,182.88,77.16,46.37,0.0,0.0,59.34,0
20:38:02,462.5,0,2,2,222.8,201.02,182.83,77.15,46.37,0.0,0.0,59.29,0
20:38:02,462.6,0,2,2,222.73,200.96,182.77,77.13,46.36,0.0,0.0,59.24,0
20:38:02,462.6,0,2,2,222.66,200.9,182.72,77.11,46.35,0.0,0.0,59.19,0
20:38:03,462.7,0,2,2,222.59,200.84,182.66,77.09,46.34,0.0,0.0,59.14,0
20:38:03,462.7,0,2,2,222.52,200.77,182.61,77.08,46.34,0.0,0.0,59.09,0
20:38:03,462.8,0,2,2,222.45,200.71,182.55,77.06,46.33,0.0,0.0,59.05,0
20:38:03,462.8,0,2,2,222.38,200.65,182.5,77.04,46.32,0.0,0.0,59.0,0
20:38:03,462.9,0,2,2,222.3,200.58,182.44,77.02,46.31,0.0,0.0,58.95,0
20:38:03,463.0,0,2,2,222.23,200.52,182.38,77.0,46.31,0.0,0.0,58.9,0
20:38:03,463.0,0,2,2,222.16,200.46,182.32,76.99,46.3,0.0,0.0,58.85,0
20:38:03,463.1,0,2,2,222.09,200.4,182.27,76.97,46.29,0.0,0.0,58.8,0
20:38:03,463.1,0,2,2,222.01,200.33,182.21,76.95,46.28,0.0,0.0,58.75,0
20:38:03,463.2,0,2,2,221.94,200.27,182.16,76.93,46.28,0.0,0.0,58.7,0
20:38:03,463.2,0,2,2,221.88,200.21,182.1,76.92,46.27,0.0,0.0,58.65,0
20:38:03,463.3,0,2,2,221.81,200.15,182.05,76.9,46.26,0.0,0.0,58.6,0
20:38:03,463.3,0,2,2,221.74,200.09,182.0,76.88,46.26,0.0,0.0,58.55,0
20:38:03,463.4,0,2,2,221.68,200.03,181.94,76.86,46.25,0.0,0.0,58.5,0
20:38:03,463.5,0,2,2,221.59,199.96,181.88,76.84,46.24,0.0,0.0,58.45,0
20:38:03,463.5,0,2,2,221.52,199.9,181.83,76.83,46.23,0.0,0.0,58.4,0
20:38:03,463.6,0,2,2,221.46,199.84,181.77,76.81,46.23,0.0,0.0,58.36,0
20:38:03,463.6,0,2,2,221.39,199.78,181.72,76.79,46.22,0.0,0.0,58.31,0
20:38:04,463.7,0,2,2,221.32,199.72,181.67,76.77,46.21,0.0,0.0,58.26,0
20:38:04,463.7,0,2,2,221.25,199.66,181.61,76.76,46.21,0.0,0.0,58.21,0
20:38:04,463.8,0,2,2,221.19,199.6,181.56,76.74,46.2,0.0,0.0,58.16,0
20:38:04,463.8,0,2,2,221.12,199.54,181.51,76.72,46.19,0.0,0.0,58.11,0
20:38:04,463.9,0,2,2,221.05,199.48,181.45,76.71,46.19,0.0,0.0,58.06,0
20:38:04,463.9,0,2,2,220.98,199.42,181.4,76.69,46.18,0.0,0.0,58.01,0
20:38:04,464.0,0,2,2,220.92,199.36,181.35,76.67,46.17,0.0,0.0,57.96,0
20:38:04,464.1,0,2,2,220.83,199.28,181.28,76.65,46.16,0.0,0.0,57.91,0
20:38:04,464.1,0,2,2,220.76,199.23,181.23,76.63,46.16,0.0,0.0,57.86,0
20:38:04,464.2,0,2,2,220.7,199.17,181.18,76.62,46.15,0.0,0.0,57.82,0
20:38:04,464.2,0,2,2,220.62,199.1,181.12,76.6,46.14,0.0,0.0,57.77,0
20:38:04,464.3,0,2,2,220.55,199.04,181.06,76.58,46.14,0.0,0.0,57.72,0
20:38:04,464.3,0,2,2,220.49,198.98,181.01,76.57,46.13,0.0,0.0,57.67,0
20:38:04,464.4,0,2,2,220.42,198.93,180.96,76.55,46.12,0.0,0.0,57.62,0
20:38:04,464.5,0,2,2,220.35,198.86,180.9,76.53,46.11,0.0,0.0,57.57,0
20:38:04,464.5,0,2,2,220.27,198.79,180.84,76.51,46.11,0.0,0.0,57.52,0
20:38:04,464.6,0,2,2,220.21,198.73,180.79,76.49,46.1,0.0,0.0,57.47,0
20:38:05,464.6,0,2,2,220.13,198.66,180.73,76.47,46.09,0.0,0.0,57.42,0
20:38:05,464.7,0,2,2,220.06,198.61,180.68,76.46,46.09,0.0,0.0,57.37,0
20:38:05,464.7,0,2,2,219.99,198.54,180.62,76.44,46.08,0.0,0.0,57.33,0
20:38:05,464.8,0,2,2,219.91,198.48,180.56,76.42,46.07,0.0,0.0,57.28,0
20:38:05,464.9,0,2,2,219.85,198.42,180.51,76.4,46.06,0.0,0.0,57.23,0
20:38:05,464.9,0,2,2,219.78,198.36,180.46,76.39,46.06,0.0,0.0,57.18,0
20:38:05,465.0,0,2,2,219.71,198.3,180.4,76.37,46.05,0.0,0.0,57.13,0
20:38:05,465.0,0,2,2,219.64,198.24,180.35,76.35,46.04,0.0,0.0,57.08,0
20:38:05,465.1,0,2,2,219.57,198.18,180.29,76.33,46.04,0.0,0.0,57.03,0
20:38:05,465.1,0,2,2,219.51,198.12,180.24,76.32,46.03,0.0,0.0,56.98,0
20:38:05,465.2,0,2,2,219.43,198.05,180.18,76.3,46.02,0.0,0.0,56.94,0
20:38:05,465.2,0,2,2,219.37,197.99,180.13,76.28,46.01,0.0,0.0,56.89,0
20:38:05,465.3,0,2,2,219.3,197.94,180.08,76.27,46.01,0.0,0.0,56.84,0
20:38:05,465.4,0,2,2,219.24,197.88,180.03,76.25,46.0,0.0,0.0,56.79,0
20:38:05,465.4,0,2,2,219.15,197.8,179.96,76.23,45.99,0.0,0.0,56.74,0
20:38:05,465.5,0,2,2,219.08,197.75,179.91,76.21,45.99,0.0,0.0,56.69,0
20:38:05,465.5,0,2,2,219.02,197.69,179.86,76.19,45.98,0.0,0.0,56.64,0
20:38:05,465.6,0,2,2,218.95,197.63,179.8,76.18,45.97,0.0,0.0,56.6,0
20:38:06,465.6,0,2,2,218.88,197.57,179.75,76.16,45.96,0.0,0.0,56.55,0
20:38:06,465.7,0,2,2,218.82,197.51,179.7,76.14,45.96,0.0,0.0,56.5,0
20:38:06,465.7,0,2,2,218.75,197.45,179.65,76.13,45.95,0.0,0.0,56.45,0
20:38:06,465.8,0,2,2,218.68,197.39,179.6,76.11,45.94,0.0,0.0,56.4,0
20:38:06,465.9,0,2,2,218.61,197.33,179.54,76.09,45.94,0.0,0.0,56.35,0
20:38:06,465.9,0,2,2,218.54,197.27,179.49,76.07,45.93,0.0,0.0,56.3,0
20:38:06,466.0,0,2,2,218.44,197.18,179.41,76.05,45.92,0.0,0.0,56.26,0
20:38:06,466.0,0,2,2,218.37,197.12,179.35,76.03,45.91,0.0,0.0,56.21,0
20:38:06,466.1,0,2,2,218.31,197.06,179.3,76.01,45.91,0.0,0.0,56.16,0
20:38:06,466.2,0,2,2,218.23,196.99,179.24,76.0,45.9,0.0,0.0,56.11,0
20:38:06,466.2,0,2,2,218.17,196.94,179.19,75.98,45.89,0.0,0.0,56.06,0
20:38:06,466.3,0,2,2,218.1,196.88,179.14,75.96,45.88,0.0,0.0,56.01,0
20:38:06,466.3,0,2,2,218.02,196.81,179.08,75.94,45.88,0.0,0.0,55.97,0
20:38:06,466.4,0,2,2,217.96,196.75,179.03,75.93,45.87,0.0,0.0,55.92,0
20:38:06,466.4,0,2,2,217.89,196.69,178.97,75.91,45.86,0.0,0.0,55.87,0
20:38:06,466.5,0,2,2,217.83,196.64,178.92,75.89,45.86,0.0,0.0,55.82,0
20:38:06,466.6,0,2,2,217.74,196.56,178.85,75.87,45.85,0.0,0.0,55.77,0
20:38:06,466.6,0,2,2,217.67,196.5,178.8,75.85,45.84,0.0,0.0,55.72,0
20:38:07,466.7,0,2,2,217.6,196.44,178.75,75.84,45.83,0.0,0.0,55.68,0
20:38:07,466.7,0,2,2,217.53,196.38,178.69,75.82,45.83,0.0,0.0,55.63,0
20:38:07,466.8,0,2,2,217.46,196.32,178.64,75.8,45.82,0.0,0.0,55.58,0
20:38:07,466.8,0,2,2,217.4,196.26,178.59,75.78,45.81,0.0,0.0,55.53,0
20:38:07,466.9,0,2,2,217.33,196.2,178.53,75.77,45.81,0.0,0.0,55.48,0
20:38:07,467.0,0,2,2,217.25,196.13,178.47,75.75,45.8,0.0,0.0,55.44,0
20:38:07,467.0,0,2,2,217.19,196.07,178.42,75.73,45.79,0.0,0.0,55.39,0
20:38:07,467.1,0,2,2,217.12,196.02,178.37,75.72,45.78,0.0,0.0,55.34,0
20:38:07,467.1,0,2,2,217.06,195.96,178.32,75.7,45.78,0.0,0.0,55.29,0
20:38:07,467.2,0,2,2,216.97,195.88,178.25,75.68,45.77,0.0,0.0,55.24,0
20:38:07,467.2,0,2,2,216.9,195.82,178.2,75.66,45.76,0.0,0.0,55.19,0
20:38:07,467.3,0,2,2,216.84,195.76,178.15,75.64,45.75,0.0,0.0,55.15,0
20:38:07,467.4,0,2,2,216.76,195.7,178.09,75.62,45.75,0.0,0.0,55.1,0
20:38:07,467.4,0,2,2,216.7,195.64,178.04,75.61,45.74,0.0,0.0,55.05,0
20:38:07,467.5,0,2,2,216.63,195.58,177.99,75.59,45.73,0.0,0.0,55.0,0
20:38:07,467.5,0,2,2,216.55,195.51,177.92,75.57,45.73,0.0,0.0,54.95,0
20:38:07,467.6,0,2,2,216.49,195.46,177.87,75.55,45.72,0.0,0.0,54.91,0
20:38:08,467.6,0,2,2,216.42,195.4,177.82,75.54,45.71,0.0,0.0,54.86,0
20:38:08,467.7,0,2,2,216.36,195.34,177.77,75.52,45.71,0.0,0.0,54.81,0
20:38:08,467.8,0,2,2,216.28,195.27,177.71,75.5,45.7,0.0,0.0,54.76,0
20:38:08,467.8,0,2,2,216.21,195.21,177.65,75.49,45.69,0.0,0.0,54.71,0
20:38:08,467.9,0,2,2,216.15,195.16,177.6,75.47,45.68,0.0,0.0,54.67,0
20:38:08,467.9,0,2,2,216.08,195.09,177.55,75.45,45.68,0.0,0.0,54.62,0
20:38:08,468.0,0,2,2,216.01,195.03,177.5,75.43,45.67,0.0,0.0,54.57,0
20:38:08,468.0,0,2,2,215.95,194.98,177.44,75.42,45.66,0.0,0.0,54.52,0
20:38:08,468.1,0,2,2,215.88,194.92,177.39,75.4,45.66,0.0,0.0,54.48,0
20:38:08,468.1,0,2,2,215.8,194.85,177.33,75.38,45.65,0.0,0.0,54.43,0
20:38:08,468.2,0,2,2,215.73,194.79,177.28,75.36,45.64,0.0,0.0,54.38,0
20:38:08,468.3,0,2,2,215.67,194.73,177.23,75.35,45.63,0.0,0.0,54.33,0
20:38:08,468.3,0,2,2,215.58,194.65,177.16,75.33,45.63,0.0,0.0,54.28,0
20:38:08,468.4,0,2,2,215.51,194.59,177.1,75.31,45.62,0.0,0.0,54.24,0
20:38:08,468.4,0,2,2,215.44,194.53,177.05,75.29,45.61,0.0,0.0,54.19,0
20:38:08,468.5,0,2,2,215.38,194.48,177.0,75.27,45.61,0.0,0.0,54.14,0
20:38:08,468.6,0,2,2,215.3,194.41,176.94,75.26,45.6,0.0,0.0,54.09,0
20:38:08,468.6,0,2,2,215.24,194.35,176.89,75.24,45.59,0.0,0.0,54.05,0
20:38:09,468.7,0,2,2,215.18,194.3,176.84,75.22,45.58,0.0,0.0,54.0,0
20:38:09,468.7,0,2,2,215.11,194.24,176.79,75.21,45.58,0.0,0.0,53.95,0
20:38:09,468.8,0,2,2,215.03,194.17,176.72,75.19,45.57,0.0,0.0,53.9,0
20:38:09,468.8,0,2,2,214.96,194.11,176.67,75.17,45.56,0.0,0.0,53.85,0
20:38:09,468.9,0,2,2,214.9,194.05,176.62,75.15,45.56,0.0,0.0,53.81,0
20:38:09,469.0,0,2,2,214.82,193.98,176.56,75.13,45.55,0.0,0.0,53.76,0
20:38:09,469.0,0,2,2,214.75,193.92,176.51,75.12,45.54,0.0,0.0,53.71,0
20:38:09,469.1,0,2,2,214.69,193.87,176.46,75.1,45.53,0.0,0.0,53.66,0
20:38:09,469.1,0,2,2,214.61,193.79,176.39,75.08,45.53,0.0,0.0,53.62,0
20:38:09,469.2,0,2,2,214.54,193.73,176.34,75.06,45.52,0.0,0.0,53.57,0
20:38:09,469.2,0,2,2,214.47,193.68,176.29,75.04,45.51,0.0,0.0,53.52,0
20:38:09,469.3,0,2,2,214.41,193.62,176.24,75.03,45.51,0.0,0.0,53.47,0
20:38:09,469.3,0,2,2,214.34,193.56,176.18,75.01,45.5,0.0,0.0,53.43,0
20:38:09,469.4,0,2,2,214.28,193.5,176.13,74.99,45.49,0.0,0.0,53.38,0
20:38:09,469.5,0,2,2,214.21,193.45,176.08,74.98,45.49,0.0,0.0,53.33,0
20:38:09,469.5,0,2,2,214.13,193.37,176.01,74.96,45.48,0.0,0.0,53.28,0
20:38:09,469.6,0,2,2,214.06,193.31,175.96,74.94,45.47,0.0,0.0,53.24,0
20:38:10,469.6,0,2,2,214.0,193.26,175.91,74.92,45.46,0.0,0.0,53.19,0
20:38:10,469.7,0,2,2,213.93,193.19,175.86,74.91,45.46,0.0,0.0,53.14,0
20:38:10,469.7,0,2,2,213.86,193.14,175.81,74.89,45.45,0.0,0.0,53.1,0
20:38:10,469.8,0,2,2,213.8,193.08,175.76,74.87,45.44,0.0,0.0,53.05,0
20:38:10,469.9,0,2,2,213.72,193.01,175.7,74.85,45.43,0.0,0.0,53.0,0
20:38:10,469.9,0,2,2,213.66,192.96,175.64,74.84,45.43,0.0,0.0,52.95,0
20:38:10,470.0,0,2,2,213.6,192.9,175.6,74.82,45.42,0.0,0.0,52.91,0
20:38:10,470.0,0,2,2,213.53,192.84,175.54,74.81,45.41,0.0,0.0,52.86,0
20:38:10,470.1,0,2,2,213.46,192.78,175.49,74.79,45.41,0.0,0.0,52.81,0
20:38:10,470.1,0,2,2,213.4,192.73,175.44,74.77,45.4,0.0,0.0,52.76,0
20:38:10,470.2,0,2,2,213.34,192.67,175.39,74.76,45.39,0.0,0.0,52.72,0
20:38:10,470.2,0,2,2,213.26,192.61,175.33,74.74,45.39,0.0,0.0,52.67,0
20:38:10,470.3,0,2,2,213.2,192.55,175.28,74.72,45.38,0.0,0.0,52.62,0
20:38:10,470.4,0,2,2,213.14,192.49,175.23,74.7,45.37,0.0,0.0,52.58,0
20:38:10,470.4,0,2,2,213.07,192.44,175.18,74.69,45.37,0.0,0.0,52.53,0
20:38:10,470.5,0,2,2,212.99,192.37,175.12,74.67,45.36,0.0,0.0,52.48,0
20:38:10,470.5,0,2,2,212.93,192.31,175.07,74.65,45.35,0.0,0.0,52.43,0
20:38:10,470.6,0,2,2,212.87,192.26,175.02,74.64,45.35,0.0,0.0,52.39,0
20:38:11,470.6,0,2,2,212.8,192.2,174.97,74.62,45.34,0.0,0.0,52.34,0
20:38:11,470.7,0,2,2,212.72,192.13,174.91,74.6,45.33,0.0,0.0,52.29,0
20:38:11,470.8,0,2,2,212.66,192.07,174.86,74.58,45.32,0.0,0.0,52.25,0
20:38:11,470.8,0,2,2,212.59,192.01,174.8,74.57,45.32,0.0,0.0,52.2,0
20:38:11,470.9,0,2,2,212.51,191.94,174.74,74.55,45.31,0.0,0.0,52.15,0
20:38:11,470.9,0,2,2,212.45,191.89,174.69,74.53,45.3,0.0,0.0,52.11,0
20:38:11,471.0,0,2,2,212.39,191.83,174.64,74.51,45.3,0.0,0.0,52.06,0
20:38:11,471.1,0,2,2,212.31,191.76,174.58,74.49,45.29,0.0,0.0,52.01,0
20:38:11,471.1,0,2,2,212.24,191.7,174.53,74.48,45.28,0.0,0.0,51.96,0
20:38:11,471.2,0,2,2,212.18,191.65,174.48,74.46,45.27,0.0,0.0,51.92,0
20:38:11,471.2,0,2,2,212.1,191.58,174.42,74.44,45.27,0.0,0.0,51.87,0
20:38:11,471.3,0,2,2,212.04,191.52,174.37,74.43,45.26,0.0,0.0,51.82,0
20:38:11,471.3,0,2,2,211.97,191.47,174.32,74.41,45.25,0.0,0.0,51.78,0
20:38:11,471.4,0,2,2,211.91,191.41,174.27,74.39,45.25,0.0,0.0,51.73,0
20:38:11,471.5,0,2,2,211.84,191.35,174.21,74.37,45.24,0.0,0.0,51.68,0
20:38:11,471.5,0,2,2,211.76,191.28,174.15,74.35,45.23,0.0,0.0,51.64,0
20:38:11,471.6,0,2,2,211.69,191.22,174.09,74.34,45.22,0.0,0.0,51.59,0
20:38:12,471.6,0,2,2,211.62,191.16,174.04,74.32,45.22,0.0,0.0,51.54,0
20:38:12,471.7,0,2,2,211.56,191.1,173.99,74.3,45.21,0.0,0.0,51.5,0
20:38:12,471.7,0,2,2,211.5,191.05,173.94,74.29,45.2,0.0,0.0,51.45,0
20:38:12,471.8,0,2,2,211.43,190.99,173.89,74.27,45.2,0.0,0.0,51.4,0
20:38:12,471.8,0,2,2,211.37,190.93,173.84,74.25,45.19,0.0,0.0,51.36,0
20:38:12,471.9,0,2,2,211.3,190.88,173.79,74.24,45.18,0.0,0.0,51.31,0
20:38:12,471.9,0,2,2,211.24,190.82,173.74,74.22,45.18,0.0,0.0,51.26,0
20:38:12,472.0,0,2,2,211.17,190.76,173.69,74.21,45.17,0.0,0.0,51.22,0
20:38:12,472.1,0,2,2,211.1,190.7,173.63,74.19,45.16,0.0,0.0,51.17,0
20:38:12,472.1,0,2,2,211.04,190.64,173.58,74.17,45.16,0.0,0.0,51.12,0
20:38:12,472.2,0,2,2,210.97,190.58,173.53,74.15,45.15,0.0,0.0,51.08,0
20:38:12,472.2,0,2,2,210.91,190.53,173.48,74.14,45.14,0.0,0.0,51.03,0
20:38:12,472.3,0,2,2,210.85,190.47,173.43,74.12,45.14,0.0,0.0,50.98,0
20:38:12,472.3,0,2,2,210.79,190.42,173.38,74.11,45.13,0.0,0.0,50.94,0
20:38:12,472.4,0,2,2,210.72,190.36,173.33,74.09,45.12,0.0,0.0,50.89,0
20:38:12,472.4,0,2,2,210.66,190.3,173.28,74.07,45.12,0.0,0.0,50.84,0
20:38:12,472.5,0,2,2,210.59,190.24,173.23,74.06,45.11,0.0,0.0,50.8,0
20:38:12,472.6,0,2,2,210.52,190.18,173.17,74.04,45.1,0.0,0.0,50.75,0
20:38:12,472.6,0,2,2,210.45,190.12,173.12,74.02,45.1,0.0,0.0,50.7,0
20:38:13,472.7,0,2,2,210.39,190.07,173.07,74.01,45.09,0.0,0.0,50.66,0
20:38:13,472.7,0,2,2,210.31,190.0,173.01,73.99,45.08,0.0,0.0,50.61,0
20:38:13,472.8,0,2,2,210.25,189.94,172.96,73.97,45.08,0.0,0.0,50.56,0
20:38:13,472.8,0,2,2,210.19,189.89,172.91,73.95,45.07,0.0,0.0,50.52,0
20:38:13,472.9,0,2,2,210.13,189.83,172.86,73.94,45.06,0.0,0.0,50.47,0
20:38:13,473.0,0,2,2,210.05,189.77,172.8,73.92,45.05,0.0,0.0,50.42,0
20:38:13,473.0,0,2,2,209.98,189.71,172.75,73.9,45.05,0.0,0.0,50.38,0
20:38:13,473.1,0,2,2,209.92,189.65,172.7,73.89,45.04,0.0,0.0,50.33,0
20:38:13,473.1,0,2,2,209.85,189.59,172.64,73.87,45.03,0.0,0.0,50.29,0
20:38:13,473.2,0,2,2,209.77,189.52,172.58,73.85,45.03,0.0,0.0,50.24,0
20:38:13,473.2,0,2,2,209.7,189.46,172.53,73.83,45.02,0.0,0.0,50.19,0
20:38:13,473.3,0,2,2,209.64,189.4,172.48,73.81,45.01,0.0,0.0,50.15,0
20:38:13,473.4,0,2,2,209.55,189.33,172.41,73.79,45.0,0.0,0.0,50.1,0
20:38:13,473.4,0,2,2,209.49,189.27,172.36,73.78,45.0,0.0,0.0,50.05,0
20:38:13,473.5,0,2,2,209.42,189.21,172.31,73.76,44.99,0.0,0.0,50.01,0
20:38:13,473.5,0,2,2,209.35,189.15,172.25,73.74,44.98,0.0,0.0,49.96,0
20:38:13,473.6,0,2,2,209.29,189.09,172.2,73.73,44.98,0.0,0.0,49.91,0
20:38:14,473.7,0,2,2,209.22,189.04,172.15,73.71,44.97,0.0,0.0,49.87,0
20:38:14,473.7,0,2,2,209.16,188.98,172.1,73.69,44.96,0.0,0.0,49.82,0
20:38:14,473.8,0,2,2,209.08,188.91,172.04,73.67,44.95,0.0,0.0,49.78,0
20:38:14,473.8,0,2,2,209.02,188.85,171.99,73.66,44.95,0.0,0.0,49.73,0
20:38:14,473.9,0,2,2,208.96,188.8,171.94,73.64,44.94,0.0,0.0,49.68,0
20:38:14,473.9,0,2,2,208.88,188.73,171.88,73.62,44.93,0.0,0.0,49.64,0
20:38:14,474.0,0,2,2,208.82,188.68,171.83,73.61,44.93,0.0,0.0,49.59,0
20:38:14,474.1,0,2,2,208.76,188.62,171.78,73.59,44.92,0.0,0.0,49.55,0
20:38:14,474.1,0,2,2,208.69,188.56,171.73,73.57,44.91,0.0,0.0,49.5,0
20:38:14,474.2,0,2,2,208.62,188.5,171.67,73.55,44.91,0.0,0.0,49.45,0
20:38:14,474.2,0,2,2,208.55,188.44,171.62,73.54,44.9,0.0,0.0,49.41,0
20:38:14,474.3,0,2,2,208.49,188.39,171.57,73.52,44.89,0.0,0.0,49.36,0
20:38:14,474.3,0,2,2,208.43,188.33,171.52,73.51,44.89,0.0,0.0,49.32,0
20:38:14,474.4,0,2,2,208.37,188.28,171.47,73.49,44.88,0.0,0.0,49.27,0
20:38:14,474.4,0,2,2,208.31,188.22,171.42,73.47,44.87,0.0,0.0,49.22,0
20:38:14,474.5,0,2,2,208.24,188.16,171.37,73.46,44.87,0.0,0.0,49.18,0
20:38:14,474.6,0,2,2,208.18,188.11,171.32,73.44,44.86,0.0,0.0,49.13,0
20:38:14,474.6,0,2,2,208.11,188.05,171.27,73.42,44.85,0.0,0.0,49.09,0
20:38:15,474.7,0,2,2,208.05,188.0,171.22,73.41,44.85,0.0,0.0,49.04,0
20:38:15,474.7,0,2,2,207.98,187.93,171.17,73.39,44.84,0.0,0.0,48.99,0
20:38:15,474.8,0,2,2,207.91,187.88,171.12,73.37,44.83,0.0,0.0,48.95,0
20:38:15,474.8,0,2,2,207.85,187.82,171.07,73.36,44.83,0.0,0.0,48.9,0
20:38:15,474.9,0,2,2,207.79,187.77,171.02,73.34,44.82,0.0,0.0,48.86,0
20:38:15,475.0,0,2,2,207.71,187.7,170.96,73.32,44.81,0.0,0.0,48.81,0
20:38:15,475.0,0,2,2,207.65,187.65,170.91,73.31,44.81,0.0,0.0,48.76,0
20:38:15,475.1,0,2,2,207.59,187.59,170.86,73.29,44.8,0.0,0.0,48.72,0
20:38:15,475.1,0,2,2,207.52,187.53,170.8,73.27,44.79,0.0,0.0,48.67,0
20:38:15,475.2,0,2,2,207.46,187.47,170.75,73.26,44.79,0.0,0.0,48.63,0
20:38:15,475.2,0,2,2,207.39,187.42,170.71,73.24,44.78,0.0,0.0,48.58,0
20:38:15,475.3,0,2,2,207.33,187.36,170.66,73.23,44.77,0.0,0.0,48.54,0
20:38:15,475.3,0,2,2,207.27,187.3,170.6,73.21,44.77,0.0,0.0,48.49,0
20:38:15,475.4,0,2,2,207.2,187.25,170.56,73.19,44.76,0.0,0.0,48.44,0
20:38:15,475.5,0,2,2,207.14,187.2,170.51,73.18,44.75,0.0,0.0,48.4,0
20:38:15,475.5,0,2,2,207.07,187.13,170.45,73.16,44.75,0.0,0.0,48.35,0
20:38:15,475.6,0,2,2,207.01,187.08,170.4,73.14,44.74,0.0,0.0,48.31,0
20:38:15,475.6,0,2,2,206.95,187.02,170.35,73.13,44.73,0.0,0.0,48.26,0
20:38:16,475.7,0,2,2,206.88,186.97,170.3,73.11,44.73,0.0,0.0,48.22,0
20:38:16,475.7,0,2,2,206.82,186.91,170.25,73.09,44.72,0.0,0.0,48.17,0
20:38:16,475.8,0,2,2,206.75,186.85,170.2,73.08,44.71,0.0,0.0,48.12,0
20:38:16,475.8,0,2,2,206.69,186.79,170.15,73.06,44.71,0.0,0.0,48.08,0
20:38:16,475.9,0,2,2,206.62,186.73,170.09,73.04,44.7,0.0,0.0,48.03,0
20:38:16,475.9,0,2,2,206.56,186.68,170.05,73.03,44.69,0.0,0.0,47.99,0
20:38:16,476.0,0,2,2,206.5,186.63,170.0,73.01,44.69,0.0,0.0,47.94,0
20:38:16,476.1,0,2,2,206.44,186.57,169.95,73.0,44.68,0.0,0.0,47.9,0
20:38:16,476.1,0,2,2,206.37,186.51,169.9,72.98,44.67,0.0,0.0,47.85,0
20:38:16,476.2,0,2,2,206.3,186.45,169.84,72.96,44.67,0.0,0.0,47.81,0
20:38:16,476.2,0,2,2,206.24,186.39,169.79,72.95,44.66,0.0,0.0,47.76,0
20:38:16,476.3,0,2,2,206.18,186.34,169.74,72.93,44.65,0.0,0.0,47.71,0
20:38:16,476.3,0,2,2,206.11,186.28,169.69,72.91,44.65,0.0,0.0,47.67,0
20:38:16,476.4,0,2,2,206.05,186.23,169.65,72.9,44.64,0.0,0.0,47.62,0
20:38:16,476.4,0,2,2,205.99,186.18,169.6,72.88,44.63,0.0,0.0,47.58,0
20:38:16,476.5,0,2,2,205.92,186.12,169.54,72.87,44.63,0.0,0.0,47.53,0
20:38:16,476.6,0,2,2,205.86,186.06,169.49,72.85,44.62,0.0,0.0,47.49,0
20:38:16,476.6,0,2,2,205.8,186.01,169.45,72.83,44.61,0.0,0.0,47.44,0
20:38:17,476.7,0,2,2,205.74,185.95,169.4,72.82,44.61,0.0,0.0,47.4,0
20:38:17,476.7,0,2,2,205.67,185.89,169.35,72.8,44.6,0.0,0.0,47.35,0
20:38:17,476.8,0,2,2,205.61,185.84,169.3,72.79,44.59,0.0,0.0,47.31,0
20:38:17,476.8,0,2,2,205.55,185.79,169.25,72.77,44.59,0.0,0.0,47.26,0
20:38:17,476.9,0,2,2,205.48,185.72,169.19,72.75,44.58,0.0,0.0,47.22,0
20:38:17,476.9,0,2,2,205.42,185.67,169.14,72.74,44.57,0.0,0.0,47.17,0
20:38:17,477.0,0,2,2,205.36,185.62,169.1,72.72,44.57,0.0,0.0,47.13,0
20:38:17,477.1,0,2,2,205.3,185.56,169.05,72.71,44.56,0.0,0.0,47.08,0
20:38:17,477.1,0,2,2,205.23,185.5,169.0,72.69,44.55,0.0,0.0,47.03,0
20:38:17,477.2,0,2,2,205.16,185.44,168.94,72.67,44.55,0.0,0.0,46.99,0
20:38:17,477.2,0,2,2,205.1,185.39,168.89,72.65,44.54,0.0,0.0,46.94,0
20:38:17,477.3,0,2,2,205.04,185.34,168.85,72.64,44.53,0.0,0.0,46.9,0
20:38:17,477.3,0,2,2,204.98,185.28,168.8,72.62,44.53,0.0,0.0,46.85,0
20:38:17,477.4,0,2,2,204.92,185.23,168.75,72.61,44.52,0.0,0.0,46.81,0
20:38:17,477.4,0,2,2,204.85,185.16,168.69,72.59,44.51,0.0,0.0,46.76,0
20:38:17,477.5,0,2,2,204.79,185.11,168.65,72.57,44.51,0.0,0.0,46.72,0
20:38:17,477.5,0,2,2,204.73,185.06,168.6,72.56,44.5,0.0,0.0,46.67,0
20:38:17,477.6,0,2,2,204.66,185.0,168.55,72.54,44.49,0.0,0.0,46.63,0
20:38:18,477.7,0,2,2,204.6,184.94,168.5,72.53,44.49,0.0,0.0,46.58,0
20:38:18,477.7,0,2,2,204.54,184.89,168.45,72.51,44.48,0.0,0.0,46.54,0
20:38:18,477.8,0,2,2,204.48,184.84,168.4,72.49,44.48,0.0,0.0,46.49,0
20:38:18,477.8,0,2,2,204.41,184.77,168.34,72.48,44.47,0.0,0.0,46.45,0
20:38:18,477.9,0,2,2,204.34,184.71,168.29,72.46,44.46,0.0,0.0,46.4,0
20:38:18,477.9,0,2,2,204.27,184.66,168.24,72.44,44.45,0.0,0.0,46.36,0
20:38:18,478.0,0,2,2,204.21,184.6,168.19,72.43,44.45,0.0,0.0,46.31,0
20:38:18,478.1,0,2,2,204.15,184.55,168.14,72.41,44.44,0.0,0.0,46.27,0
20:38:18,478.1,0,2,2,204.09,184.49,168.09,72.4,44.43,0.0,0.0,46.22,0
20:38:18,478.2,0,2,2,204.03,184.44,168.05,72.38,44.43,0.0,0.0,46.18,0
20:38:18,478.2,0,2,2,203.96,184.38,167.99,72.36,44.42,0.0,0.0,46.13,0
20:38:18,478.3,0,2,2,203.89,184.32,167.94,72.34,44.41,0.0,0.0,46.09,0
20:38:18,478.3,0,2,2,203.83,184.26,167.89,72.33,44.41,0.0,0.0,46.04,0
20:38:18,478.4,0,2,2,203.77,184.21,167.84,72.31,44.4,0.0,0.0,46.0,0
20:38:18,478.4,0,2,2,203.7,184.15,167.79,72.3,44.39,0.0,0.0,45.95,0
20:38:18,478.5,0,2,2,203.64,184.1,167.74,72.28,44.39,0.0,0.0,45.91,0
20:38:18,478.6,0,2,2,203.58,184.04,167.69,72.27,44.38,0.0,0.0,45.86,0
20:38:18,478.6,0,2,2,203.51,183.98,167.64,72.25,44.37,0.0,0.0,45.82,0
20:38:19,478.7,0,2,2,203.45,183.93,167.59,72.23,44.37,0.0,0.0,45.77,0
20:38:19,478.7,0,2,2,203.39,183.87,167.54,72.22,44.36,0.0,0.0,45.73,0
20:38:19,478.8,0,2,2,203.33,183.82,167.49,72.2,44.36,0.0,0.0,45.69,0
20:38:19,478.8,0,2,2,203.25,183.75,167.43,72.18,44.35,0.0,0.0,45.64,0
20:38:19,478.9,0,2,2,203.19,183.69,167.38,72.16,44.34,0.0,0.0,45.6,0
20:38:19,479.0,0,2,2,203.13,183.64,167.33,72.15,44.33,0.0,0.0,45.55,0
20:38:19,479.0,0,2,2,203.06,183.58,167.28,72.13,44.33,0.0,0.0,45.51,0
20:38:19,479.1,0,2,2,203.0,183.53,167.23,72.12,44.32,0.0,0.0,45.46,0
20:38:19,479.1,0,2,2,202.94,183.48,167.19,72.1,44.31,0.0,0.0,45.42,0
20:38:19,479.2,0,2,2,202.88,183.42,167.14,72.08,44.31,0.0,0.0,45.37,0
20:38:19,479.2,0,2,2,202.81,183.36,167.09,72.07,44.3,0.0,0.0,45.33,0
20:38:19,479.3,0,2,2,202.75,183.31,167.04,72.05,44.3,0.0,0.0,45.28,0
20:38:19,479.3,0,2,2,202.69,183.25,166.99,72.04,44.29,0.0,0.0,45.24,0
20:38:19,479.4,0,2,2,202.63,183.2,166.94,72.02,44.28,0.0,0.0,45.19,0
20:38:19,479.4,0,2,2,202.57,183.15,166.89,72.01,44.28,0.0,0.0,45.15,0
20:38:19,479.5,0,2,2,202.51,183.09,166.84,71.99,44.27,0.0,0.0,45.1,0
20:38:19,479.6,0,2,2,202.44,183.03,166.79,71.97,44.26,0.0,0.0,45.06,0
20:38:19,479.6,0,2,2,202.38,182.98,166.74,71.96,44.26,0.0,0.0,45.02,0
20:38:20,479.7,0,2,2,202.32,182.93,166.7,71.94,44.25,0.0,0.0,44.97,0
20:38:20,479.7,0,2,2,202.25,182.86,166.64,71.92,44.24,0.0,0.0,44.93,0
20:38:20,479.8,0,2,2,202.19,182.81,166.59,71.91,44.24,0.0,0.0,44.88,0
20:38:20,479.8,0,2,2,202.12,182.75,166.54,71.89,44.23,0.0,0.0,44.84,0
20:38:20,479.9,0,2,2,202.06,182.7,166.49,71.88,44.22,0.0,0.0,44.79,0
20:38:20,480.0,0,2,2,202.0,182.64,166.44,71.86,44.22,0.0,0.0,44.75,0
20:38:20,480.0,0,2,2,201.93,182.58,166.39,71.84,44.21,0.0,0.0,44.7,0
20:38:20,480.1,0,2,2,201.87,182.52,166.34,71.83,44.2,0.0,0.0,44.66,0
20:38:20,480.1,0,2,2,201.81,182.47,166.29,71.81,44.2,0.0,0.0,44.62,0
20:38:20,480.2,0,2,2,201.74,182.41,166.24,71.79,44.19,0.0,0.0,44.57,0
20:38:20,480.2,0,2,2,201.68,182.36,166.19,71.78,44.18,0.0,0.0,44.53,0
20:38:20,480.3,0,2,2,201.63,182.31,166.15,71.76,44.18,0.0,0.0,44.48,0
20:38:20,480.4,0,2,2,201.56,182.25,166.09,71.75,44.17,0.0,0.0,44.44,0
20:38:20,480.4,0,2,2,201.5,182.2,166.04,71.73,44.16,0.0,0.0,44.39,0
20:38:20,480.5,0,2,2,201.44,182.14,166.0,71.71,44.16,0.0,0.0,44.35,0
20:38:20,480.5,0,2,2,201.37,182.08,165.94,71.7,44.15,0.0,0.0,44.31,0
20:38:20,480.6,0,2,2,201.31,182.03,165.89,71.68,44.14,0.0,0.0,44.26,0
20:38:21,480.6,0,2,2,201.25,181.97,165.84,71.67,44.14,0.0,0.0,44.22,0
20:38:21,480.7,0,2,2,201.19,181.92,165.8,71.65,44.13,0.0,0.0,44.17,0
20:38:21,480.7,0,2,2,201.12,181.86,165.74,71.63,44.12,0.0,0.0,44.13,0
20:38:21,480.8,0,2,2,201.06,181.81,165.7,71.62,44.12,0.0,0.0,44.08,0
20:38:21,480.9,0,2,2,200.99,181.75,165.65,71.6,44.11,0.0,0.0,44.04,0
20:38:21,480.9,0,2,2,200.93,181.69,165.59,71.58,44.1,0.0,0.0,44.0,0
20:38:21,481.0,0,2,2,200.87,181.64,165.54,71.57,44.1,0.0,0.0,43.95,0
20:38:21,481.0,0,2,2,200.81,181.58,165.5,71.55,44.09,0.0,0.0,43.91,0
20:38:21,481.1,0,2,2,200.74,181.53,165.45,71.54,44.09,0.0,0.0,43.86,0
20:38:21,481.1,0,2,2,200.67,181.47,165.39,71.52,44.08,0.0,0.0,43.82,0
20:38:21,481.2,0,2,2,200.61,181.41,165.35,71.5,44.07,0.0,0.0,43.78,0
20:38:21,481.2,0,2,2,200.56,181.36,165.3,71.49,44.07,0.0,0.0,43.73,0
20:38:21,481.3,0,2,2,200.49,181.31,165.25,71.47,44.06,0.0,0.0,43.69,0
20:38:21,481.4,0,2,2,200.43,181.25,165.2,71.46,44.05,0.0,0.0,43.64,0
20:38:21,481.4,0,2,2,200.37,181.2,165.16,71.44,44.05,0.0,0.0,43.6,0
20:38:21,481.5,0,2,2,200.32,181.15,165.11,71.43,44.04,0.0,0.0,43.56,0
20:38:21,481.5,0,2,2,200.25,181.09,165.06,71.41,44.03,0.0,0.0,43.51,0
20:38:21,481.6,0,2,2,200.18,181.03,165.0,71.39,44.03,0.0,0.0,43.47,0
20:38:22,481.7,0,2,2,200.12,180.97,164.95,71.37,44.02,0.0,0.0,43.42,0
20:38:22,481.7,0,2,2,200.04,180.9,164.89,71.35,44.01,0.0,0.0,43.38,0
20:38:22,481.8,0,2,2,199.97,180.85,164.84,71.34,44.0,0.0,0.0,43.34,0
20:38:22,481.8,0,2,2,199.92,180.79,164.79,71.32,44.0,0.0,0.0,43.29,0
20:38:22,481.9,0,2,2,199.85,180.74,164.74,71.31,43.99,0.0,0.0,43.25,0
20:38:22,481.9,0,2,2,199.79,180.69,164.7,71.29,43.99,0.0,0.0,43.2,0
20:38:22,482.0,0,2,2,199.74,180.64,164.65,71.28,43.98,0.0,0.0,43.16,0
20:38:22,482.0,0,2,2,199.68,180.58,164.6,71.26,43.97,0.0,0.0,43.12,0
20:38:22,482.1,0,2,2,199.61,180.53,164.55,71.25,43.97,0.0,0.0,43.07,0
20:38:22,482.2,0,2,2,199.55,180.47,164.5,71.23,43.96,0.0,0.0,43.03,0
20:38:22,482.2,0,2,2,199.49,180.42,164.46,71.21,43.95,0.0,0.0,42.98,0
20:38:22,482.3,0,2,2,199.43,180.36,164.41,71.2,43.95,0.0,0.0,42.94,0
20:38:22,482.3,0,2,2,199.37,180.31,164.36,71.18,43.94,0.0,0.0,42.9,0
20:38:22,482.4,0,2,2,199.31,180.26,164.32,71.17,43.94,0.0,0.0,42.85,0
20:38:22,482.4,0,2,2,199.25,180.2,164.26,71.15,43.93,0.0,0.0,42.81,0
20:38:22,482.5,0,2,2,199.19,180.15,164.22,71.14,43.92,0.0,0.0,42.77,0
20:38:22,482.5,0,2,2,199.12,180.09,164.17,71.12,43.92,0.0,0.0,42.72,0
20:38:22,482.6,0,2,2,199.07,180.04,164.12,71.1,43.91,0.0,0.0,42.68,0
20:38:23,482.7,0,2,2,199.0,179.98,164.07,71.09,43.9,0.0,0.0,42.63,0
20:38:23,482.7,0,2,2,198.94,179.93,164.02,71.07,43.9,0.0,0.0,42.59,0
20:38:23,482.8,0,2,2,198.88,179.88,163.97,71.06,43.89,0.0,0.0,42.55,0
20:38:23,482.8,0,2,2,198.81,179.82,163.92,71.04,43.88,0.0,0.0,42.5,0
20:38:23,482.9,0,2,2,198.75,179.76,163.87,71.02,43.88,0.0,0.0,42.46,0
20:38:23,482.9,0,2,2,198.69,179.71,163.82,71.01,43.87,0.0,0.0,42.42,0
20:38:23,483.0,0,2,2,198.63,179.66,163.78,70.99,43.86,0.0,0.0,42.37,0
20:38:23,483.0,0,2,2,198.57,179.61,163.73,70.98,43.86,0.0,0.0,42.33,0
20:38:23,483.1,0,2,2,198.51,179.55,163.68,70.96,43.85,0.0,0.0,42.29,0
20:38:23,483.1,0,2,2,198.45,179.5,163.63,70.95,43.84,0.0,0.0,42.24,0
20:38:23,483.2,0,2,2,198.39,179.44,163.58,70.93,43.84,0.0,0.0,42.2,0
20:38:23,483.3,0,2,2,198.33,179.39,163.54,70.91,43.83,0.0,0.0,42.16,0
20:38:23,483.3,0,2,2,198.27,179.34,163.49,70.9,43.83,0.0,0.0,42.11,0
20:38:23,483.4,0,2,2,198.21,179.29,163.44,70.89,43.82,0.0,0.0,42.07,0
20:38:23,483.4,0,2,2,198.14,179.22,163.39,70.87,43.81,0.0,0.0,42.02,0
20:38:23,483.5,0,2,2,198.08,179.17,163.34,70.85,43.81,0.0,0.0,41.98,0
20:38:23,483.5,0,2,2,198.02,179.11,163.29,70.83,43.8,0.0,0.0,41.94,0
20:38:23,483.6,0,2,2,197.96,179.06,163.24,70.82,43.79,0.0,0.0,41.89,0
20:38:24,483.7,0,2,2,197.9,179.01,163.2,70.8,43.79,0.0,0.0,41.85,0
20:38:24,483.7,0,2,2,197.84,178.96,163.15,70.79,43.78,0.0,0.0,41.81,0
20:38:24,483.8,0,2,2,197.78,178.91,163.1,70.77,43.77,0.0,0.0,41.76,0
20:38:24,483.8,0,2,2,197.73,178.85,163.06,70.76,43.77,0.0,0.0,41.72,0
20:38:24,483.9,0,2,2,197.66,178.8,163.01,70.74,43.76,0.0,0.0,41.68,0
20:38:24,483.9,0,2,2,197.6,178.75,162.96,70.73,43.76,0.0,0.0,41.63,0
20:38:24,484.0,0,2,2,197.55,178.7,162.92,70.71,43.75,0.0,0.0,41.59,0
20:38:24,484.0,0,2,2,197.48,178.64,162.86,70.7,43.74,0.0,0.0,41.55,0
20:38:24,484.1,0,2,2,197.42,178.58,162.81,70.68,43.74,0.0,0.0,41.5,0
20:38:24,484.1,0,2,2,197.36,178.53,162.77,70.66,43.73,0.0,0.0,41.46,0
20:38:24,484.2,0,2,2,197.3,178.48,162.72,70.65,43.72,0.0,0.0,41.42,0
20:38:24,484.3,0,2,2,197.24,178.42,162.67,70.63,43.72,0.0,0.0,41.37,0
20:38:24,484.3,0,2,2,197.18,178.37,162.63,70.62,43.71,0.0,0.0,41.33,0
20:38:24,484.4,0,2,2,197.12,178.32,162.58,70.6,43.71,0.0,0.0,41.29,0
20:38:24,484.4,0,2,2,197.05,178.26,162.53,70.59,43.7,0.0,0.0,41.24,0
20:38:24,484.5,0,2,2,197.0,178.21,162.48,70.57,43.69,0.0,0.0,41.2,0
20:38:24,484.5,0,2,2,196.94,178.16,162.43,70.56,43.69,0.0,0.0,41.16,0
20:38:24,484.6,0,2,2,196.88,178.1,162.39,70.54,43.68,0.0,0.0,41.11,0
20:38:25,484.7,0,2,2,196.81,178.04,162.33,70.52,43.67,0.0,0.0,41.07,0
20:38:25,484.7,0,2,2,196.74,177.98,162.28,70.51,43.67,0.0,0.0,41.03,0
20:38:25,484.8,0,2,2,196.68,177.93,162.23,70.49,43.66,0.0,0.0,40.99,0
20:38:25,484.8,0,2,2,196.62,177.87,162.18,70.47,43.65,0.0,0.0,40.94,0
20:38:25,484.9,0,2,2,196.56,177.82,162.13,70.46,43.65,0.0,0.0,40.9,0
20:38:25,484.9,0,2,2,196.5,177.77,162.09,70.44,43.64,0.0,0.0,40.86,0
20:38:25,485.0,0,2,2,196.44,177.72,162.04,70.43,43.63,0.0,0.0,40.81,0
20:38:25,485.0,0,2,2,196.38,177.66,161.99,70.41,43.63,0.0,0.0,40.77,0
20:38:25,485.1,0,2,2,196.33,177.61,161.95,70.4,43.62,0.0,0.0,40.73,0
20:38:25,485.2,0,2,2,196.27,177.56,161.9,70.38,43.62,0.0,0.0,40.68,0
20:38:25,485.2,0,2,2,196.21,177.51,161.85,70.37,43.61,0.0,0.0,40.64,0
20:38:25,485.3,0,2,2,196.14,177.45,161.8,70.35,43.6,0.0,0.0,40.6,0
20:38:25,485.3,0,2,2,196.08,177.4,161.76,70.34,43.6,0.0,0.0,40.56,0
20:38:25,485.4,0,2,2,196.02,177.34,161.71,70.32,43.59,0.0,0.0,40.51,0
20:38:25,485.4,0,2,2,195.96,177.29,161.66,70.3,43.58,0.0,0.0,40.47,0
20:38:25,485.5,0,2,2,195.91,177.24,161.62,70.29,43.58,0.0,0.0,40.43,0
20:38:25,485.5,0,2,2,195.85,177.19,161.57,70.27,43.57,0.0,0.0,40.38,0
20:38:25,485.6,0,2,2,195.79,177.14,161.52,70.26,43.56,0.0,0.0,40.34,0
20:38:26,485.6,0,2,2,195.73,177.08,161.47,70.24,43.56,0.0,0.0,40.3,0
20:38:26,485.7,0,2,2,195.67,177.03,161.43,70.23,43.55,0.0,0.0,40.25,0
20:38:26,485.8,0,2,2,195.6,176.97,161.37,70.21,43.54,0.0,0.0,40.21,0
20:38:26,485.8,0,2,2,195.54,176.91,161.32,70.19,43.54,0.0,0.0,40.17,0
20:38:26,485.9,0,2,2,195.48,176.87,161.28,70.18,43.53,0.0,0.0,40.13,0
20:38:26,485.9,0,2,2,195.41,176.8,161.22,70.16,43.53,0.0,0.0,40.08,0
20:38:26,486.0,0,2,2,195.35,176.75,161.17,70.15,43.52,0.0,0.0,40.04,0
20:38:26,486.1,0,2,2,195.29,176.7,161.13,70.13,43.51,0.0,0.0,40.0,0
20:38:26,486.1,0,2,2,195.23,176.64,161.08,70.12,43.51,0.0,0.0,39.96,0
20:38:26,486.2,0,2,2,195.17,176.59,161.04,70.1,43.5,0.0,0.0,39.91,0
20:38:26,486.2,0,2,2,195.12,176.54,160.99,70.09,43.49,0.0,0.0,39.87,0
20:38:26,486.3,0,2,2,195.06,176.49,160.95,70.07,43.49,0.0,0.0,39.83,0
20:38:26,486.3,0,2,2,195.0,176.44,160.9,70.06,43.48,0.0,0.0,39.78,0
20:38:26,486.4,0,2,2,194.94,176.38,160.85,70.04,43.48,0.0,0.0,39.74,0
20:38:26,486.4,0,2,2,194.88,176.33,160.8,70.02,43.47,0.0,0.0,39.7,0
20:38:26,486.5,0,2,2,194.82,176.28,160.75,70.01,43.46,0.0,0.0,39.66,0
20:38:26,486.5,0,2,2,194.76,176.22,160.71,69.99,43.46,0.0,0.0,39.61,0
20:38:26,486.6,0,2,2,194.7,176.18,160.66,69.98,43.45,0.0,0.0,39.57,0
20:38:27,486.7,0,2,2,194.65,176.13,160.62,69.96,43.44,0.0,0.0,39.53,0
20:38:27,486.7,0,2,2,194.58,176.06,160.56,69.95,43.44,0.0,0.0,39.49,0
20:38:27,486.8,0,2,2,194.52,176.01,160.51,69.93,43.43,0.0,0.0,39.44,0
20:38:27,486.8,0,2,2,194.46,175.96,160.47,69.92,43.42,0.0,0.0,39.4,0
20:38:27,486.9,0,2,2,194.4,175.9,160.42,69.9,43.42,0.0,0.0,39.36,0
20:38:27,486.9,0,2,2,194.34,175.85,160.37,69.89,43.41,0.0,0.0,39.32,0
20:38:27,487.0,0,2,2,194.29,175.8,160.33,69.87,43.41,0.0,0.0,39.27,0
20:38:27,487.0,0,2,2,194.23,175.75,160.29,69.86,43.4,0.0,0.0,39.23,0
20:38:27,487.1,0,2,2,194.17,175.7,160.24,69.84,43.39,0.0,0.0,39.19,0
20:38:27,487.1,0,2,2,194.11,175.65,160.19,69.83,43.39,0.0,0.0,39.15,0
20:38:27,487.2,0,2,2,194.05,175.6,160.15,69.81,43.38,0.0,0.0,39.1,0
20:38:27,487.3,0,2,2,193.99,175.54,160.09,69.79,43.37,0.0,0.0,39.06,0
20:38:27,487.3,0,2,2,193.93,175.49,160.05,69.78,43.37,0.0,0.0,39.02,0
20:38:27,487.4,0,2,2,193.87,175.44,160.0,69.76,43.36,0.0,0.0,38.98,0
20:38:27,487.4,0,2,2,193.81,175.38,159.95,69.75,43.36,0.0,0.0,38.93,0
20:38:27,487.5,0,2,2,193.75,175.33,159.91,69.73,43.35,0.0,0.0,38.89,0
20:38:27,487.5,0,2,2,193.69,175.28,159.86,69.72,43.34,0.0,0.0,38.85,0
20:38:27,487.6,0,2,2,193.64,175.23,159.82,69.7,43.34,0.0,0.0,38.81,0
20:38:28,487.6,0,2,2,193.58,175.18,159.77,69.69,43.33,0.0,0.0,38.76,0
20:38:28,487.7,0,2,2,193.52,175.12,159.72,69.67,43.33,0.0,0.0,38.72,0
20:38:28,487.8,0,2,2,193.46,175.07,159.67,69.66,43.32,0.0,0.0,38.68,0
20:38:28,487.8,0,2,2,193.4,175.02,159.63,69.64,43.31,0.0,0.0,38.64,0
20:38:28,487.9,0,2,2,193.34,174.97,159.58,69.63,43.31,0.0,0.0,38.59,0
20:38:28,487.9,0,2,2,193.29,174.92,159.54,69.61,43.3,0.0,0.0,38.55,0
20:38:28,488.0,0,2,2,193.23,174.87,159.49,69.6,43.3,0.0,0.0,38.51,0
20:38:28,488.0,0,2,2,193.17,174.81,159.44,69.58,43.29,0.0,0.0,38.47,0
20:38:28,488.1,0,2,2,193.11,174.76,159.39,69.57,43.28,0.0,0.0,38.43,0
20:38:28,488.1,0,2,2,193.05,174.71,159.35,69.55,43.28,0.0,0.0,38.38,0
20:38:28,488.2,0,2,2,192.99,174.66,159.31,69.54,43.27,0.0,0.0,38.34,0
20:38:28,488.3,0,2,2,192.91,174.58,159.24,69.52,43.26,0.0,0.0,38.3,0
20:38:28,488.3,0,2,2,192.85,174.53,159.2,69.5,43.26,0.0,0.0,38.26,0
20:38:28,488.4,0,2,2,192.8,174.48,159.15,69.49,43.25,0.0,0.0,38.21,0
20:38:28,488.4,0,2,2,192.74,174.43,159.1,69.47,43.24,0.0,0.0,38.17,0
20:38:28,488.5,0,2,2,192.68,174.38,159.05,69.45,43.24,0.0,0.0,38.13,0
20:38:28,488.5,0,2,2,192.62,174.32,159.01,69.44,43.23,0.0,0.0,38.09,0
20:38:28,488.6,0,2,2,192.56,174.27,158.96,69.42,43.22,0.0,0.0,38.05,0
20:38:29,488.7,0,2,2,192.5,174.22,158.91,69.41,43.22,0.0,0.0,38.0,0
20:38:29,488.7,0,2,2,192.44,174.17,158.87,69.39,43.21,0.0,0.0,37.96,0
20:38:29,488.8,0,2,2,192.39,174.12,158.82,69.38,43.21,0.0,0.0,37.92,0
20:38:29,488.8,0,2,2,192.32,174.06,158.77,69.36,43.2,0.0,0.0,37.88,0
20:38:29,488.9,0,2,2,192.27,174.01,158.73,69.35,43.19,0.0,0.0,37.84,0
20:38:29,488.9,0,2,2,192.21,173.96,158.68,69.33,43.19,0.0,0.0,37.79,0
20:38:29,489.0,0,2,2,192.15,173.91,158.64,69.32,43.18,0.0,0.0,37.75,0
20:38:29,489.1,0,2,2,192.09,173.86,158.59,69.3,43.17,0.0,0.0,37.71,0
20:38:29,489.1,0,2,2,192.03,173.8,158.54,69.29,43.17,0.0,0.0,37.67,0
20:38:29,489.2,0,2,2,191.98,173.75,158.5,69.27,43.16,0.0,0.0,37.63,0
20:38:29,489.2,0,2,2,191.91,173.69,158.44,69.26,43.16,0.0,0.0,37.58,0
20:38:29,489.3,0,2,2,191.85,173.64,158.4,69.24,43.15,0.0,0.0,37.54,0
20:38:29,489.3,0,2,2,191.79,173.59,158.35,69.23,43.14,0.0,0.0,37.5,0
20:38:29,489.4,0,2,2,191.72,173.53,158.3,69.21,43.14,0.0,0.0,37.46,0
20:38:29,489.5,0,2,2,191.66,173.48,158.25,69.19,43.13,0.0,0.0,37.42,0
20:38:29,489.5,0,2,2,191.61,173.43,158.2,69.18,43.12,0.0,0.0,37.37,0
20:38:29,489.6,0,2,2,191.55,173.37,158.16,69.16,43.12,0.0,0.0,37.33,0
20:38:29,489.6,0,2,2,191.49,173.32,158.11,69.15,43.11,0.0,0.0,37.29,0
20:38:30,489.7,0,2,2,191.43,173.27,158.06,69.13,43.1,0.0,0.0,37.25,0
20:38:30,489.7,0,2,2,191.36,173.21,158.01,69.11,43.1,0.0,0.0,37.21,0
20:38:30,489.8,0,2,2,191.3,173.15,157.96,69.1,43.09,0.0,0.0,37.17,0
20:38:30,489.9,0,2,2,191.24,173.1,157.92,69.08,43.09,0.0,0.0,37.12,0
20:38:30,489.9,0,2,2,191.19,173.05,157.87,69.07,43.08,0.0,0.0,37.08,0
20:38:30,490.0,0,2,2,191.13,173.0,157.82,69.05,43.07,0.0,0.0,37.04,0
20:38:30,490.0,0,2,2,191.06,172.95,157.77,69.04,43.07,0.0,0.0,37.0,0
20:38:30,490.1,0,2,2,191.01,172.9,157.73,69.02,43.06,0.0,0.0,36.96,0
20:38:30,490.1,0,2,2,190.95,172.85,157.68,69.01,43.05,0.0,0.0,36.92,0
20:38:30,490.2,0,2,2,190.89,172.79,157.64,68.99,43.05,0.0,0.0,36.87,0
20:38:30,490.2,0,2,2,190.83,172.74,157.59,68.98,43.04,0.0,0.0,36.83,0
20:38:30,490.3,0,2,2,190.78,172.69,157.55,68.96,43.04,0.0,0.0,36.79,0
20:38:30,490.4,0,2,2,190.7,172.63,157.49,68.94,43.03,0.0,0.0,36.75,0
20:38:30,490.4,0,2,2,190.64,172.57,157.44,68.93,43.02,0.0,0.0,36.71,0
20:38:30,490.5,0,2,2,190.59,172.52,157.4,68.91,43.02,0.0,0.0,36.67,0
20:38:30,490.5,0,2,2,190.52,172.46,157.34,68.9,43.01,0.0,0.0,36.62,0
20:38:30,490.6,0,2,2,190.46,172.41,157.3,68.88,43.0,0.0,0.0,36.58,0
20:38:31,490.7,0,2,2,190.41,172.36,157.25,68.87,43.0,0.0,0.0,36.54,0
20:38:31,490.7,0,2,2,190.33,172.3,157.19,68.85,42.99,0.0,0.0,36.5,0
20:38:31,490.8,0,2,2,190.28,172.25,157.15,68.83,42.98,0.0,0.0,36.46,0
20:38:31,490.8,0,2,2,190.22,172.2,157.11,68.82,42.98,0.0,0.0,36.42,0
20:38:31,490.9,0,2,2,190.17,172.15,157.06,68.8,42.97,0.0,0.0,36.37,0
20:38:31,491.0,0,2,2,190.1,172.09,157.01,68.79,42.96,0.0,0.0,36.33,0
20:38:31,491.0,0,2,2,190.03,172.03,156.96,68.77,42.96,0.0,0.0,36.29,0
20:38:31,491.1,0,2,2,189.98,171.98,156.91,68.76,42.95,0.0,0.0,36.25,0
20:38:31,491.1,0,2,2,189.91,171.92,156.86,68.74,42.94,0.0,0.0,36.21,0
20:38:31,491.2,0,2,2,189.85,171.87,156.81,68.72,42.94,0.0,0.0,36.17,0
20:38:31,491.2,0,2,2,189.79,171.82,156.76,68.71,42.93,0.0,0.0,36.13,0
20:38:31,491.3,0,2,2,189.73,171.76,156.72,68.69,42.93,0.0,0.0,36.08,0
20:38:31,491.3,0,2,2,189.68,171.71,156.67,68.68,42.92,0.0,0.0,36.04,0
20:38:31,491.4,0,2,2,189.62,171.66,156.63,68.66,42.91,0.0,0.0,36.0,0
20:38:31,491.5,0,2,2,189.56,171.61,156.58,68.65,42.91,0.0,0.0,35.96,0
20:38:31,491.5,0,2,2,189.51,171.56,156.54,68.63,42.9,0.0,0.0,35.92,0
20:38:31,491.6,0,2,2,189.45,171.51,156.49,68.62,42.9,0.0,0.0,35.88,0
20:38:32,491.6,0,2,2,189.39,171.46,156.45,68.6,42.89,0.0,0.0,35.84,0
20:38:32,491.7,0,2,2,189.32,171.4,156.39,68.59,42.88,0.0,0.0,35.8,0
20:38:32,491.8,0,2,2,189.27,171.35,156.35,68.57,42.88,0.0,0.0,35.75,0
20:38:32,491.8,0,2,2,189.2,171.29,156.29,68.55,42.87,0.0,0.0,35.71,0
20:38:32,491.9,0,2,2,189.14,171.24,156.25,68.54,42.86,0.0,0.0,35.67,0
20:38:32,491.9,0,2,2,189.09,171.19,156.21,68.52,42.86,0.0,0.0,35.63,0
20:38:32,492.0,0,2,2,189.03,171.14,156.16,68.51,42.85,0.0,0.0,35.59,0
20:38:32,492.0,0,2,2,188.96,171.08,156.11,68.49,42.84,0.0,0.0,35.55,0
20:38:32,492.1,0,2,2,188.91,171.03,156.06,68.48,42.84,0.0,0.0,35.51,0
20:38:32,492.1,0,2,2,188.85,170.98,156.02,68.46,42.83,0.0,0.0,35.47,0
20:38:32,492.2,0,2,2,188.79,170.93,155.97,68.45,42.83,0.0,0.0,35.42,0
20:38:32,492.3,0,2,2,188.73,170.88,155.92,68.43,42.82,0.0,0.0,35.38,0
20:38:32,492.3,0,2,2,188.68,170.83,155.88,68.42,42.81,0.0,0.0,35.34,0
20:38:32,492.4,0,2,2,188.62,170.78,155.83,68.4,42.81,0.0,0.0,35.3,0
20:38:32,492.4,0,2,2,188.56,170.72,155.79,68.39,42.8,0.0,0.0,35.26,0
20:38:32,492.5,0,2,2,188.5,170.67,155.74,68.37,42.8,0.0,0.0,35.22,0
20:38:32,492.5,0,2,2,188.45,170.63,155.7,68.36,42.79,0.0,0.0,35.18,0
20:38:32,492.6,0,2,2,188.38,170.57,155.65,68.34,42.78,0.0,0.0,35.14,0
20:38:33,492.6,0,2,2,188.33,170.52,155.6,68.33,42.78,0.0,0.0,35.1,0
20:38:33,492.7,0,2,2,188.27,170.47,155.56,68.31,42.77,0.0,0.0,35.05,0
20:38:33,492.8,0,2,2,188.22,170.42,155.51,68.3,42.77,0.0,0.0,35.01,0
20:38:33,492.8,0,2,2,188.15,170.36,155.46,68.28,42.76,0.0,0.0,34.97,0
20:38:33,492.9,0,2,2,188.1,170.31,155.42,68.27,42.75,0.0,0.0,34.93,0
20:38:33,492.9,0,2,2,188.04,170.26,155.37,68.25,42.75,0.0,0.0,34.89,0
20:38:33,493.0,0,2,2,187.98,170.21,155.32,68.24,42.74,0.0,0.0,34.85,0
20:38:33,493.0,0,2,2,187.92,170.16,155.28,68.22,42.73,0.0,0.0,34.81,0
20:38:33,493.1,0,2,2,187.87,170.11,155.24,68.21,42.73,0.0,0.0,34.77,0
20:38:33,493.2,0,2,2,187.82,170.06,155.19,68.19,42.72,0.0,0.0,34.73,0
20:38:33,493.2,0,2,2,187.75,170.0,155.14,68.18,42.72,0.0,0.0,34.69,0
20:38:33,493.3,0,2,2,187.69,169.95,155.1,68.16,42.71,0.0,0.0,34.64,0
20:38:33,493.3,0,2,2,187.64,169.91,155.05,68.15,42.7,0.0,0.0,34.6,0
20:38:33,493.4,0,2,2,187.58,169.85,155.01,68.13,42.7,0.0,0.0,34.56,0
20:38:33,493.4,0,2,2,187.52,169.8,154.96,68.12,42.69,0.0,0.0,34.52,0
20:38:33,493.5,0,2,2,187.46,169.75,154.91,68.1,42.68,0.0,0.0,34.48,0
20:38:33,493.6,0,2,2,187.4,169.7,154.87,68.09,42.68,0.0,0.0,34.44,0
20:38:33,493.6,0,2,2,187.33,169.63,154.81,68.07,42.67,0.0,0.0,34.4,0
20:38:34,493.7,0,2,2,187.28,169.58,154.77,68.05,42.67,0.0,0.0,34.36,0
20:38:34,493.7,0,2,2,187.22,169.53,154.72,68.04,42.66,0.0,0.0,34.32,0
20:38:34,493.8,0,2,2,187.16,169.48,154.67,68.02,42.65,0.0,0.0,34.28,0
20:38:34,493.8,0,2,2,187.1,169.43,154.63,68.01,42.65,0.0,0.0,34.24,0
20:38:34,493.9,0,2,2,187.05,169.38,154.59,68.0,42.64,0.0,0.0,34.2,0
20:38:34,494.0,0,2,2,187.0,169.34,154.54,67.98,42.64,0.0,0.0,34.16,0
20:38:34,494.0,0,2,2,186.93,169.28,154.49,67.96,42.63,0.0,0.0,34.11,0
20:38:34,494.1,0,2,2,186.87,169.23,154.45,67.95,42.62,0.0,0.0,34.07,0
20:38:34,494.1,0,2,2,186.82,169.18,154.4,67.94,42.62,0.0,0.0,34.03,0
20:38:34,494.2,0,2,2,186.75,169.12,154.35,67.92,42.61,0.0,0.0,33.99,0
20:38:34,494.2,0,2,2,186.7,169.07,154.31,67.9,42.6,0.0,0.0,33.95,0
20:38:34,494.3,0,2,2,186.64,169.02,154.26,67.89,42.6,0.0,0.0,33.91,0
20:38:34,494.3,0,2,2,186.59,168.97,154.22,67.87,42.59,0.0,0.0,33.87,0
20:38:34,494.4,0,2,2,186.53,168.92,154.17,67.86,42.59,0.0,0.0,33.83,0
20:38:34,494.5,0,2,2,186.48,168.88,154.13,67.85,42.58,0.0,0.0,33.79,0
20:38:34,494.5,0,2,2,186.42,168.82,154.09,67.83,42.57,0.0,0.0,33.75,0
20:38:34,494.6,0,2,2,186.37,168.77,154.04,67.82,42.57,0.0,0.0,33.71,0
20:38:34,494.6,0,2,2,186.31,168.73,154.0,67.8,42.56,0.0,0.0,33.67,0
20:38:35,494.7,0,2,2,186.25,168.67,153.95,67.79,42.56,0.0,0.0,33.63,0
20:38:35,494.7,0,2,2,186.19,168.62,153.9,67.77,42.55,0.0,0.0,33.59,0
20:38:35,494.8,0,2,2,186.14,168.57,153.86,67.76,42.54,0.0,0.0,33.55,0
20:38:35,494.8,0,2,2,186.08,168.52,153.81,67.74,42.54,0.0,0.0,33.51,0
20:38:35,494.9,0,2,2,186.02,168.47,153.77,67.73,42.53,0.0,0.0,33.47,0
20:38:35,494.9,0,2,2,185.97,168.42,153.73,67.71,42.53,0.0,0.0,33.42,0
20:38:35,495.0,0,2,2,185.91,168.37,153.68,67.7,42.52,0.0,0.0,33.38,0
20:38:35,495.1,0,2,2,185.86,168.32,153.64,67.69,42.51,0.0,0.0,33.34,0
20:38:35,495.1,0,2,2,185.8,168.27,153.59,67.67,42.51,0.0,0.0,33.3,0
20:38:35,495.2,0,2,2,185.74,168.22,153.55,67.66,42.5,0.0,0.0,33.26,0
20:38:35,495.2,0,2,2,185.69,168.17,153.5,67.64,42.5,0.0,0.0,33.22,0
20:38:35,495.3,0,2,2,185.63,168.12,153.46,67.63,42.49,0.0,0.0,33.18,0
20:38:35,495.3,0,2,2,185.58,168.07,153.42,67.61,42.48,0.0,0.0,33.14,0
20:38:35,495.4,0,2,2,185.52,168.03,153.37,67.6,42.48,0.0,0.0,33.1,0
20:38:35,495.4,0,2,2,185.47,167.98,153.33,67.58,42.47,0.0,0.0,33.06,0
20:38:35,495.5,0,2,2,185.41,167.93,153.28,67.57,42.47,0.0,0.0,33.02,0
20:38:35,495.6,0,2,2,185.35,167.88,153.24,67.55,42.46,0.0,0.0,32.98,0
20:38:35,495.6,0,2,2,185.3,167.82,153.19,67.54,42.46,0.0,0.0,32.94,0
20:38:36,495.7,0,2,2,185.24,167.77,153.14,67.52,42.45,0.0,0.0,32.9,0
20:38:36,495.7,0,2,2,185.18,167.72,153.1,67.51,42.44,0.0,0.0,32.86,0
20:38:36,495.8,0,2,2,185.13,167.68,153.06,67.5,42.44,0.0,0.0,32.82,0
20:38:36,495.8,0,2,2,185.07,167.62,153.01,67.48,42.43,0.0,0.0,32.78,0
20:38:36,495.9,0,2,2,185.01,167.57,152.97,67.47,42.43,0.0,0.0,32.74,0
20:38:36,495.9,0,2,2,184.96,167.52,152.92,67.45,42.42,0.0,0.0,32.7,0
20:38:36,496.0,0,2,2,184.9,167.48,152.88,67.44,42.41,0.0,0.0,32.66,0
20:38:36,496.1,0,2,2,184.85,167.43,152.84,67.42,42.41,0.0,0.0,32.62,0
20:38:36,496.1,0,2,2,184.79,167.37,152.79,67.41,42.4,0.0,0.0,32.58,0
20:38:36,496.2,0,2,2,184.73,167.33,152.74,67.39,42.4,0.0,0.0,32.54,0
20:38:36,496.2,0,2,2,184.67,167.27,152.7,67.38,42.39,0.0,0.0,32.5,0
20:38:36,496.3,0,2,2,184.62,167.22,152.65,67.36,42.38,0.0,0.0,32.46,0
20:38:36,496.3,0,2,2,184.57,167.18,152.61,67.35,42.38,0.0,0.0,32.42,0
20:38:36,496.4,0,2,2,184.51,167.13,152.57,67.34,42.37,0.0,0.0,32.38,0
20:38:36,496.4,0,2,2,184.46,167.08,152.52,67.32,42.37,0.0,0.0,32.34,0
20:38:36,496.5,0,2,2,184.4,167.03,152.48,67.31,42.36,0.0,0.0,32.3,0
20:38:36,496.5,0,2,2,184.35,166.99,152.44,67.29,42.35,0.0,0.0,32.26,0
20:38:36,496.6,0,2,2,184.3,166.94,152.4,67.28,42.35,0.0,0.0,32.22,0
20:38:37,496.7,0,2,2,184.24,166.89,152.35,67.26,42.34,0.0,0.0,32.18,0
20:38:37,496.7,0,2,2,184.19,166.84,152.31,67.25,42.34,0.0,0.0,32.14,0
20:38:37,496.8,0,2,2,184.13,166.79,152.27,67.24,42.33,0.0,0.0,32.1,0
20:38:37,496.8,0,2,2,184.07,166.73,152.22,67.22,42.32,0.0,0.0,32.06,0
20:38:37,496.9,0,2,2,184.01,166.69,152.17,67.21,42.32,0.0,0.0,32.02,0
20:38:37,496.9,0,2,2,183.96,166.64,152.13,67.19,42.31,0.0,0.0,31.98,0
20:38:37,497.0,0,2,2,183.91,166.59,152.09,67.18,42.31,0.0,0.0,31.94,0
20:38:37,497.0,0,2,2,183.85,166.54,152.04,67.16,42.3,0.0,0.0,31.9,0
20:38:37,497.1,0,2,2,183.79,166.49,152.0,67.15,42.3,0.0,0.0,31.86,0
20:38:37,497.2,0,2,2,183.74,166.44,151.95,67.13,42.29,0.0,0.0,31.82,0
20:38:37,497.2,0,2,2,183.67,166.38,151.9,67.12,42.28,0.0,0.0,31.78,0
20:38:37,497.3,0,2,2,183.61,166.33,151.86,67.1,42.28,0.0,0.0,31.74,0
20:38:37,497.3,0,2,2,183.56,166.29,151.81,67.09,42.27,0.0,0.0,31.7,0
20:38:37,497.4,0,2,2,183.5,166.23,151.77,67.07,42.26,0.0,0.0,31.66,0
20:38:37,497.4,0,2,2,183.45,166.18,151.72,67.06,42.26,0.0,0.0,31.62,0
20:38:37,497.5,0,2,2,183.39,166.13,151.68,67.04,42.25,0.0,0.0,31.58,0
20:38:37,497.6,0,2,2,183.34,166.09,151.64,67.03,42.25,0.0,0.0,31.54,0
20:38:37,497.6,0,2,2,183.28,166.04,151.59,67.02,42.24,0.0,0.0,31.5,0
20:38:38,497.7,0,2,2,183.23,165.99,151.55,67.0,42.24,0.0,0.0,31.46,0
20:38:38,497.7,0,2,2,183.18,165.94,151.51,66.99,42.23,0.0,0.0,31.42,0
20:38:38,497.8,0,2,2,183.12,165.89,151.46,66.97,42.22,0.0,0.0,31.38,0
20:38:38,497.8,0,2,2,183.07,165.85,151.42,66.96,42.22,0.0,0.0,31.34,0
20:38:38,497.9,0,2,2,183.02,165.8,151.38,66.95,42.21,0.0,0.0,31.3,0
20:38:38,497.9,0,2,2,182.95,165.74,151.33,66.93,42.21,0.0,0.0,31.26,0
20:38:38,498.0,0,2,2,182.9,165.69,151.28,66.91,42.2,0.0,0.0,31.22,0
20:38:38,498.0,0,2,2,182.84,165.65,151.24,66.9,42.19,0.0,0.0,31.18,0
20:38:38,498.1,0,2,2,182.79,165.6,151.2,66.89,42.19,0.0,0.0,31.14,0
20:38:38,498.2,0,2,2,182.73,165.55,151.15,66.87,42.18,0.0,0.0,31.1,0
20:38:38,498.2,0,2,2,182.68,165.5,151.11,66.86,42.18,0.0,0.0,31.06,0
20:38:38,498.3,0,2,2,182.62,165.45,151.07,66.84,42.17,0.0,0.0,31.02,0
20:38:38,498.3,0,2,2,182.56,165.4,151.02,66.83,42.16,0.0,0.0,30.98,0
20:38:38,498.4,0,2,2,182.51,165.35,150.98,66.81,42.16,0.0,0.0,30.94,0
20:38:38,498.4,0,2,2,182.46,165.3,150.93,66.8,42.15,0.0,0.0,30.9,0
20:38:38,498.5,0,2,2,182.4,165.25,150.89,66.79,42.15,0.0,0.0,30.86,0
20:38:38,498.5,0,2,2,182.35,165.2,150.85,66.77,42.14,0.0,0.0,30.82,0
20:38:38,498.6,0,2,2,182.29,165.16,150.8,66.76,42.14,0.0,0.0,30.79,0
20:38:39,498.7,0,2,2,182.24,165.11,150.76,66.74,42.13,0.0,0.0,30.75,0
20:38:39,498.7,0,2,2,182.18,165.06,150.72,66.73,42.12,0.0,0.0,30.71,0
20:38:39,498.8,0,2,2,182.13,165.01,150.67,66.71,42.12,0.0,0.0,30.67,0
20:38:39,498.8,0,2,2,182.08,164.96,150.63,66.7,42.11,0.0,0.0,30.63,0
20:38:39,498.9,0,2,2,182.02,164.92,150.59,66.69,42.11,0.0,0.0,30.59,0
20:38:39,498.9,0,2,2,181.96,164.86,150.54,66.67,42.1,0.0,0.0,30.55,0
20:38:39,499.0,0,2,2,181.91,164.81,150.5,66.66,42.09,0.0,0.0,30.51,0
20:38:39,499.1,0,2,2,181.85,164.77,150.45,66.64,42.09,0.0,0.0,30.47,0
20:38:39,499.1,0,2,2,181.79,164.71,150.41,66.63,42.08,0.0,0.0,30.43,0
20:38:39,499.2,0,2,2,181.73,164.66,150.36,66.61,42.08,0.0,0.0,30.39,0
20:38:39,499.2,0,2,2,181.68,164.61,150.32,66.6,42.07,0.0,0.0,30.35,0
20:38:39,499.3,0,2,2,181.63,164.57,150.27,66.58,42.06,0.0,0.0,30.31,0
20:38:39,499.3,0,2,2,181.57,164.52,150.23,66.57,42.06,0.0,0.0,30.27,0
20:38:39,499.4,0,2,2,181.52,164.47,150.19,66.56,42.05,0.0,0.0,30.23,0
20:38:39,499.4,0,2,2,181.47,164.42,150.15,66.54,42.05,0.0,0.0,30.19,0
20:38:39,499.5,0,2,2,181.41,164.37,150.1,66.53,42.04,0.0,0.0,30.15,0
20:38:39,499.5,0,2,2,181.36,164.33,150.06,66.51,42.04,0.0,0.0,30.12,0
20:38:39,499.6,0,2,2,181.31,164.28,150.02,66.5,42.03,0.0,0.0,30.08,0
20:38:40,499.7,0,2,2,181.23,164.22,149.96,66.48,42.02,0.0,0.0,30.04,0
20:38:40,499.7,0,2,2,181.17,164.16,149.91,66.47,42.02,0.0,0.0,30.0,0
20:38:40,499.8,0,2,2,181.12,164.12,149.87,66.45,42.01,0.0,0.0,29.96,0
20:38:40,499.8,0,2,2,181.07,164.07,149.83,66.44,42.01,0.0,0.0,29.92,0
20:38:40,499.9,0,2,2,181.02,164.02,149.79,66.42,42.0,0.0,0.0,29.88,0
20:38:40,500.0,0,2,2,180.96,163.98,149.75,66.41,41.99,0.0,0.0,29.84,0
20:38:40,500.0,0,2,2,180.9,163.92,149.69,66.39,41.99,0.0,0.0,29.8,0
20:38:40,500.1,0,2,2,180.85,163.87,149.65,66.38,41.98,0.0,0.0,29.76,0
20:38:40,500.1,0,2,2,180.79,163.83,149.61,66.37,41.98,0.0,0.0,29.72,0
20:38:40,500.2,0,2,2,180.74,163.78,149.57,66.35,41.97,0.0,0.0,29.68,0
20:38:40,500.2,0,2,2,180.68,163.72,149.52,66.34,41.96,0.0,0.0,29.64,0
20:38:40,500.3,0,2,2,180.62,163.67,149.48,66.32,41.96,0.0,0.0,29.61,0
20:38:40,500.3,0,2,2,180.57,163.63,149.43,66.31,41.95,0.0,0.0,29.57,0
20:38:40,500.4,0,2,2,180.51,163.58,149.39,66.29,41.95,0.0,0.0,29.53,0
20:38:40,500.5,0,2,2,180.46,163.53,149.35,66.28,41.94,0.0,0.0,29.49,0
20:38:40,500.5,0,2,2,180.41,163.48,149.31,66.27,41.94,0.0,0.0,29.45,0
20:38:40,500.6,0,2,2,180.36,163.44,149.26,66.25,41.93,0.0,0.0,29.41,0
20:38:41,500.6,0,2,2,180.3,163.38,149.22,66.24,41.92,0.0,0.0,29.37,0
20:38:41,500.7,0,2,2,180.24,163.34,149.17,66.22,41.92,0.0,0.0,29.33,0
20:38:41,500.7,0,2,2,180.19,163.29,149.13,66.21,41.91,0.0,0.0,29.29,0
20:38:41,500.8,0,2,2,180.14,163.24,149.09,66.2,41.91,0.0,0.0,29.25,0
20:38:41,500.8,0,2,2,180.08,163.19,149.04,66.18,41.9,0.0,0.0,29.22,0
20:38:41,500.9,0,2,2,180.03,163.14,149.0,66.17,41.89,0.0,0.0,29.18,0
20:38:41,501.0,0,2,2,179.97,163.1,148.96,66.15,41.89,0.0,0.0,29.14,0
20:38:41,501.0,0,2,2,179.91,163.04,148.91,66.14,41.88,0.0,0.0,29.1,0
20:38:41,501.1,0,2,2,179.86,163.0,148.87,66.12,41.88,0.0,0.0,29.06,0
20:38:41,501.1,0,2,2,179.8,162.95,148.82,66.11,41.87,0.0,0.0,29.02,0
20:38:41,501.2,0,2,2,179.75,162.9,148.78,66.09,41.87,0.0,0.0,28.98,0
20:38:41,501.2,0,2,2,179.7,162.85,148.74,66.08,41.86,0.0,0.0,28.94,0
20:38:41,501.3,0,2,2,179.65,162.81,148.7,66.07,41.85,0.0,0.0,28.9,0
20:38:41,501.3,0,2,2,179.59,162.75,148.65,66.05,41.85,0.0,0.0,28.86,0
20:38:41,501.4,0,2,2,179.54,162.71,148.61,66.04,41.84,0.0,0.0,28.83,0
20:38:41,501.5,0,2,2,179.48,162.66,148.56,66.02,41.84,0.0,0.0,28.79,0
20:38:41,501.5,0,2,2,179.42,162.61,148.52,66.01,41.83,0.0,0.0,28.75,0
20:38:41,501.6,0,2,2,179.37,162.56,148.48,66.0,41.82,0.0,0.0,28.71,0
20:38:42,501.6,0,2,2,179.32,162.51,148.44,65.98,41.82,0.0,0.0,28.67,0
20:38:42,501.7,0,2,2,179.27,162.47,148.4,65.97,41.81,0.0,0.0,28.63,0
20:38:42,501.7,0,2,2,179.21,162.42,148.35,65.95,41.81,0.0,0.0,28.59,0
20:38:42,501.8,0,2,2,179.16,162.38,148.31,65.94,41.8,0.0,0.0,28.55,0
20:38:42,501.8,0,2,2,179.11,162.33,148.27,65.93,41.8,0.0,0.0,28.52,0
20:38:42,501.9,0,2,2,179.06,162.28,148.23,65.91,41.79,0.0,0.0,28.48,0
20:38:42,502.0,0,2,2,179.0,162.24,148.19,65.9,41.79,0.0,0.0,28.44,0
20:38:42,502.0,0,2,2,178.95,162.18,148.14,65.88,41.78,0.0,0.0,28.4,0
20:38:42,502.1,0,2,2,178.9,162.14,148.1,65.87,41.77,0.0,0.0,28.36,0
20:38:42,502.1,0,2,2,178.84,162.09,148.06,65.86,41.77,0.0,0.0,28.32,0
20:38:42,502.2,0,2,2,178.79,162.04,148.02,65.84,41.76,0.0,0.0,28.28,0
20:38:42,502.2,0,2,2,178.73,161.99,147.97,65.83,41.76,0.0,0.0,28.24,0
20:38:42,502.3,0,2,2,178.68,161.94,147.93,65.81,41.75,0.0,0.0,28.21,0
20:38:42,502.4,0,2,2,178.62,161.89,147.88,65.8,41.74,0.0,0.0,28.17,0
20:38:42,502.4,0,2,2,178.55,161.83,147.83,65.78,41.74,0.0,0.0,28.13,0
20:38:42,502.5,0,2,2,178.5,161.79,147.79,65.77,41.73,0.0,0.0,28.09,0
20:38:42,502.5,0,2,2,178.45,161.74,147.74,65.75,41.73,0.0,0.0,28.05,0
20:38:42,502.6,0,2,2,178.39,161.69,147.7,65.74,41.72,0.0,0.0,28.01,0
20:38:43,502.6,0,2,2,178.34,161.64,147.66,65.73,41.71,0.0,0.0,27.97,0
20:38:43,502.7,0,2,2,178.29,161.6,147.62,65.71,41.71,0.0,0.0,27.94,0
20:38:43,502.7,0,2,2,178.23,161.55,147.57,65.7,41.7,0.0,0.0,27.9,0
20:38:43,502.8,0,2,2,178.18,161.5,147.53,65.68,41.7,0.0,0.0,27.86,0
20:38:43,502.9,0,2,2,178.12,161.45,147.49,65.67,41.69,0.0,0.0,27.82,0
20:38:43,502.9,0,2,2,178.07,161.4,147.44,65.66,41.69,0.0,0.0,27.78,0
20:38:43,503.0,0,2,2,178.02,161.36,147.4,65.64,41.68,0.0,0.0,27.74,0
20:38:43,503.0,0,2,2,177.96,161.31,147.36,65.63,41.67,0.0,0.0,27.71,0
20:38:43,503.1,0,2,2,177.91,161.26,147.31,65.61,41.67,0.0,0.0,27.67,0
20:38:43,503.2,0,2,2,177.83,161.19,147.25,65.59,41.66,0.0,0.0,27.63,0
20:38:43,503.2,0,2,2,177.78,161.14,147.21,65.58,41.65,0.0,0.0,27.59,0
20:38:43,503.3,0,2,2,177.72,161.1,147.17,65.56,41.65,0.0,0.0,27.55,0
20:38:43,503.3,0,2,2,177.67,161.05,147.12,65.55,41.64,0.0,0.0,27.51,0
20:38:43,503.4,0,2,2,177.61,161.0,147.08,65.54,41.64,0.0,0.0,27.47,0
20:38:43,503.4,0,2,2,177.55,160.95,147.03,65.52,41.63,0.0,0.0,27.44,0
20:38:43,503.5,0,2,2,177.5,160.9,146.99,65.51,41.62,0.0,0.0,27.4,0
20:38:43,503.6,0,2,2,177.44,160.84,146.94,65.49,41.62,0.0,0.0,27.36,0
20:38:43,503.6,0,2,2,177.39,160.8,146.9,65.48,41.61,0.0,0.0,27.32,0
20:38:44,503.7,0,2,2,177.34,160.75,146.86,65.46,41.61,0.0,0.0,27.28,0
20:38:44,503.7,0,2,2,177.28,160.7,146.81,65.45,41.6,0.0,0.0,27.24,0
20:38:44,503.8,0,2,2,177.23,160.65,146.77,65.43,41.6,0.0,0.0,27.21,0
20:38:44,503.8,0,2,2,177.17,160.6,146.73,65.42,41.59,0.0,0.0,27.17,0
20:38:44,503.9,0,2,2,177.12,160.56,146.68,65.41,41.58,0.0,0.0,27.13,0
20:38:44,504.0,0,2,2,177.06,160.51,146.64,65.39,41.58,0.0,0.0,27.09,0
20:38:44,504.0,0,2,2,177.01,160.46,146.6,65.38,41.57,0.0,0.0,27.05,0
20:38:44,504.1,0,2,2,176.95,160.41,146.55,65.36,41.57,0.0,0.0,27.02,0
20:38:44,504.1,0,2,2,176.9,160.36,146.51,65.35,41.56,0.0,0.0,26.98,0
20:38:44,504.2,0,2,2,176.85,160.32,146.47,65.34,41.55,0.0,0.0,26.94,0
20:38:44,504.2,0,2,2,176.8,160.27,146.43,65.32,41.55,0.0,0.0,26.9,0
20:38:44,504.3,0,2,2,176.74,160.22,146.39,65.31,41.54,0.0,0.0,26.86,0
20:38:44,504.3,0,2,2,176.69,160.18,146.35,65.3,41.54,0.0,0.0,26.82,0
20:38:44,504.4,0,2,2,176.64,160.14,146.31,65.28,41.53,0.0,0.0,26.79,0
20:38:44,504.5,0,2,2,176.59,160.09,146.26,65.27,41.53,0.0,0.0,26.75,0
20:38:44,504.5,0,2,2,176.53,160.04,146.22,65.25,41.52,0.0,0.0,26.71,0
20:38:44,504.6,0,2,2,176.48,159.99,146.18,65.24,41.52,0.0,0.0,26.67,0
20:38:44,504.6,0,2,2,176.43,159.95,146.14,65.23,41.51,0.0,0.0,26.63,0
20:38:45,504.7,0,2,2,176.38,159.9,146.09,65.21,41.5,0.0,0.0,26.6,0
20:38:45,504.7,0,2,2,176.32,159.85,146.05,65.2,41.5,0.0,0.0,26.56,0
20:38:45,504.8,0,2,2,176.27,159.81,146.01,65.19,41.49,0.0,0.0,26.52,0
20:38:45,504.8,0,2,2,176.22,159.76,145.97,65.17,41.49,0.0,0.0,26.48,0
20:38:45,504.9,0,2,2,176.16,159.71,145.93,65.16,41.48,0.0,0.0,26.44,0
20:38:45,504.9,0,2,2,176.11,159.67,145.89,65.14,41.48,0.0,0.0,26.41,0
20:38:45,505.0,0,2,2,176.06,159.62,145.85,65.13,41.47,0.0,0.0,26.37,0
20:38:45,505.1,0,2,2,176.01,159.57,145.8,65.12,41.46,0.0,0.0,26.33,0
20:38:45,505.1,0,2,2,175.96,159.53,145.76,65.1,41.46,0.0,0.0,26.29,0
20:38:45,505.2,0,2,2,175.91,159.48,145.72,65.09,41.45,0.0,0.0,26.25,0
20:38:45,505.2,0,2,2,175.84,159.43,145.67,65.07,41.45,0.0,0.0,26.22,0
20:38:45,505.3,0,2,2,175.79,159.38,145.63,65.06,41.44,0.0,0.0,26.18,0
20:38:45,505.3,0,2,2,175.74,159.33,145.59,65.05,41.44,0.0,0.0,26.14,0
20:38:45,505.4,0,2,2,175.69,159.28,145.54,65.03,41.43,0.0,0.0,26.1,0
20:38:45,505.4,0,2,2,175.63,159.24,145.5,65.02,41.43,0.0,0.0,26.06,0
20:38:45,505.5,0,2,2,175.58,159.19,145.46,65.0,41.42,0.0,0.0,26.03,0
20:38:45,505.6,0,2,2,175.53,159.15,145.42,64.99,41.41,0.0,0.0,25.99,0
20:38:45,505.6,0,2,2,175.48,159.1,145.38,64.98,41.41,0.0,0.0,25.95,0
20:38:46,505.7,0,2,2,175.42,159.05,145.33,64.96,41.4,0.0,0.0,25.91,0
20:38:46,505.7,0,2,2,175.37,159.01,145.29,64.95,41.4,0.0,0.0,25.87,0
20:38:46,505.8,0,2,2,175.31,158.95,145.25,64.93,41.39,0.0,0.0,25.84,0
20:38:46,505.8,0,2,2,175.26,158.91,145.21,64.92,41.39,0.0,0.0,25.8,0
20:38:46,505.9,0,2,2,175.21,158.87,145.17,64.91,41.38,0.0,0.0,25.76,0
20:38:46,506.0,0,2,2,175.16,158.82,145.13,64.9,41.37,0.0,0.0,25.72,0
20:38:46,506.0,0,2,2,175.1,158.77,145.08,64.88,41.37,0.0,0.0,25.69,0
20:38:46,506.1,0,2,2,175.05,158.72,145.04,64.87,41.36,0.0,0.0,25.65,0
20:38:46,506.1,0,2,2,175.0,158.68,145.0,64.85,41.36,0.0,0.0,25.61,0
20:38:46,506.2,0,2,2,174.95,158.63,144.96,64.84,41.35,0.0,0.0,25.57,0
20:38:46,506.2,0,2,2,174.89,158.58,144.91,64.82,41.35,0.0,0.0,25.54,0
20:38:46,506.3,0,2,2,174.84,158.54,144.88,64.81,41.34,0.0,0.0,25.5,0
20:38:46,506.3,0,2,2,174.79,158.49,144.83,64.8,41.33,0.0,0.0,25.46,0
20:38:46,506.4,0,2,2,174.74,158.44,144.79,64.78,41.33,0.0,0.0,25.42,0
20:38:46,506.5,0,2,2,174.68,158.39,144.75,64.77,41.32,0.0,0.0,25.38,0
20:38:46,506.5,0,2,2,174.63,158.35,144.71,64.76,41.32,0.0,0.0,25.35,0
20:38:46,506.6,0,2,2,174.57,158.3,144.66,64.74,41.31,0.0,0.0,25.31,0
20:38:46,506.6,0,2,2,174.52,158.25,144.62,64.73,41.31,0.0,0.0,25.27,0
20:38:47,506.7,0,2,2,174.47,158.21,144.58,64.71,41.3,0.0,0.0,25.23,0
20:38:47,506.7,0,2,2,174.42,158.16,144.54,64.7,41.3,0.0,0.0,25.2,0
20:38:47,506.8,0,2,2,174.37,158.12,144.5,64.69,41.29,0.0,0.0,25.16,0
20:38:47,506.8,0,2,2,174.32,158.07,144.46,64.67,41.28,0.0,0.0,25.12,0
20:38:47,506.9,0,2,2,174.27,158.03,144.42,64.66,41.28,0.0,0.0,25.08,0
20:38:47,507.0,0,2,2,174.22,157.98,144.37,64.65,41.27,0.0,0.0,25.05,0
20:38:47,507.0,0,2,2,174.16,157.93,144.33,64.63,41.27,0.0,0.0,25.01,0
20:38:47,507.1,0,2,2,174.11,157.89,144.29,64.62,41.26,0.0,0.0,24.97,0
20:38:47,507.1,0,2,2,174.05,157.83,144.24,64.6,41.26,0.0,0.0,24.93,0
20:38:47,507.2,0,2,2,173.99,157.78,144.2,64.59,41.25,0.0,0.0,24.9,0
20:38:47,507.2,0,2,2,173.94,157.73,144.15,64.57,41.24,0.0,0.0,24.86,0
20:38:47,507.3,0,2,2,173.89,157.69,144.11,64.56,41.24,0.0,0.0,24.82,0
20:38:47,507.4,0,2,2,173.83,157.63,144.07,64.55,41.23,0.0,0.0,24.78,0
20:38:47,507.4,0,2,2,173.78,157.59,144.02,64.53,41.23,0.0,0.0,24.75,0
20:38:47,507.5,0,2,2,173.73,157.54,143.98,64.52,41.22,0.0,0.0,24.71,0
20:38:47,507.5,0,2,2,173.66,157.49,143.93,64.5,41.21,0.0,0.0,24.67,0
20:38:47,507.6,0,2,2,173.61,157.44,143.89,64.49,41.21,0.0,0.0,24.63,0
20:38:48,507.6,0,2,2,173.56,157.4,143.85,64.48,41.2,0.0,0.0,24.6,0
20:38:48,507.7,0,2,2,173.51,157.35,143.81,64.46,41.2,0.0,0.0,24.56,0
20:38:48,507.8,0,2,2,173.45,157.3,143.77,64.45,41.19,0.0,0.0,24.52,0
20:38:48,507.8,0,2,2,173.4,157.25,143.72,64.43,41.19,0.0,0.0,24.49,0
20:38:48,507.9,0,2,2,173.35,157.21,143.68,64.42,41.18,0.0,0.0,24.45,0
20:38:48,507.9,0,2,2,173.29,157.16,143.64,64.4,41.17,0.0,0.0,24.41,0
20:38:48,508.0,0,2,2,173.24,157.11,143.59,64.39,41.17,0.0,0.0,24.37,0
20:38:48,508.0,0,2,2,173.19,157.06,143.55,64.38,41.16,0.0,0.0,24.34,0
20:38:48,508.1,0,2,2,173.14,157.02,143.51,64.36,41.16,0.0,0.0,24.3,0
20:38:48,508.2,0,2,2,173.07,156.96,143.46,64.35,41.15,0.0,0.0,24.26,0
20:38:48,508.2,0,2,2,173.02,156.91,143.42,64.33,41.15,0.0,0.0,24.22,0
20:38:48,508.3,0,2,2,172.97,156.87,143.38,64.32,41.14,0.0,0.0,24.19,0
20:38:48,508.3,0,2,2,172.91,156.82,143.33,64.31,41.13,0.0,0.0,24.15,0
20:38:48,508.4,0,2,2,172.86,156.77,143.29,64.29,41.13,0.0,0.0,24.11,0
20:38:48,508.4,0,2,2,172.81,156.73,143.26,64.28,41.12,0.0,0.0,24.08,0
20:38:48,508.5,0,2,2,172.76,156.69,143.22,64.27,41.12,0.0,0.0,24.04,0
20:38:48,508.6,0,2,2,172.71,156.64,143.18,64.25,41.11,0.0,0.0,24.0,0
20:38:48,508.6,0,2,2,172.66,156.6,143.13,64.24,41.11,0.0,0.0,23.96,0
20:38:49,508.7,0,2,2,172.61,156.55,143.1,64.23,41.1,0.0,0.0,23.93,0
20:38:49,508.7,0,2,2,172.56,156.51,143.05,64.21,41.1,0.0,0.0,23.89,0
20:38:49,508.8,0,2,2,172.51,156.46,143.01,64.2,41.09,0.0,0.0,23.85,0
20:38:49,508.8,0,2,2,172.46,156.42,142.98,64.19,41.09,0.0,0.0,23.82,0
20:38:49,508.9,0,2,2,172.4,156.37,142.93,64.17,41.08,0.0,0.0,23.78,0
20:38:49,508.9,0,2,2,172.35,156.32,142.89,64.16,41.07,0.0,0.0,23.74,0
20:38:49,509.0,0,2,2,172.3,156.28,142.85,64.15,41.07,0.0,0.0,23.7,0
20:38:49,509.0,0,2,2,172.25,156.23,142.81,64.13,41.06,0.0,0.0,23.67,0
20:38:49,509.1,0,2,2,172.19,156.18,142.76,64.12,41.06,0.0,0.0,23.63,0
20:38:49,509.2,0,2,2,172.14,156.13,142.72,64.1,41.05,0.0,0.0,23.59,0
20:38:49,509.2,0,2,2,172.09,156.09,142.68,64.09,41.05,0.0,0.0,23.56,0
20:38:49,509.3,0,2,2,172.04,156.04,142.64,64.08,41.04,0.0,0.0,23.52,0
20:38:49,509.3,0,2,2,171.99,156.0,142.6,64.06,41.03,0.0,0.0,23.48,0
20:38:49,509.4,0,2,2,171.94,155.96,142.56,64.05,41.03,0.0,0.0,23.45,0
20:38:49,509.5,0,2,2,171.89,155.91,142.52,64.04,41.02,0.0,0.0,23.41,0
20:38:49,509.5,0,2,2,171.83,155.85,142.47,64.02,41.02,0.0,0.0,23.37,0
20:38:49,509.6,0,2,2,171.78,155.81,142.43,64.01,41.01,0.0,0.0,23.33,0
20:38:50,509.6,0,2,2,171.73,155.77,142.39,64.0,41.01,0.0,0.0,23.3,0
20:38:50,509.7,0,2,2,171.67,155.71,142.34,63.98,41.0,0.0,0.0,23.26,0
20:38:50,509.7,0,2,2,171.61,155.66,142.3,63.97,40.99,0.0,0.0,23.22,0
20:38:50,509.8,0,2,2,171.56,155.62,142.26,63.95,40.99,0.0,0.0,23.19,0
20:38:50,509.9,0,2,2,171.5,155.57,142.21,63.94,40.98,0.0,0.0,23.15,0
20:38:50,509.9,0,2,2,171.45,155.52,142.17,63.92,40.98,0.0,0.0,23.11,0
20:38:50,510.0,0,2,2,171.4,155.47,142.13,63.91,40.97,0.0,0.0,23.08,0
20:38:50,510.0,0,2,2,171.34,155.42,142.08,63.89,40.97,0.0,0.0,23.04,0
20:38:50,510.1,0,2,2,171.29,155.38,142.04,63.88,40.96,0.0,0.0,23.0,0
20:38:50,510.2,0,2,2,171.24,155.33,142.0,63.87,40.95,0.0,0.0,22.97,0
20:38:50,510.2,0,2,2,171.18,155.28,141.95,63.85,40.95,0.0,0.0,22.93,0
20:38:50,510.3,0,2,2,171.13,155.23,141.91,63.84,40.94,0.0,0.0,22.89,0
20:38:50,510.3,0,2,2,171.08,155.19,141.88,63.83,40.94,0.0,0.0,22.86,0
20:38:50,510.4,0,2,2,171.03,155.15,141.84,63.81,40.93,0.0,0.0,22.82,0
20:38:50,510.4,0,2,2,170.96,155.09,141.78,63.8,40.92,0.0,0.0,22.78,0
20:38:50,510.5,0,2,2,170.91,155.04,141.74,63.78,40.92,0.0,0.0,22.75,0
20:38:50,510.6,0,2,2,170.86,155.0,141.7,63.77,40.91,0.0,0.0,22.71,0
20:38:50,510.6,0,2,2,170.81,154.95,141.66,63.75,40.91,0.0,0.0,22.67,0
20:38:51,510.7,0,2,2,170.76,154.9,141.62,63.74,40.9,0.0,0.0,22.64,0
20:38:51,510.7,0,2,2,170.71,154.86,141.58,63.73,40.9,0.0,0.0,22.6,0
20:38:51,510.8,0,2,2,170.66,154.81,141.54,63.71,40.89,0.0,0.0,22.56,0
20:38:51,510.8,0,2,2,170.61,154.77,141.5,63.7,40.89,0.0,0.0,22.53,0
20:38:51,510.9,0,2,2,170.56,154.72,141.46,63.69,40.88,0.0,0.0,22.49,0
20:38:51,510.9,0,2,2,170.51,154.68,141.42,63.68,40.88,0.0,0.0,22.45,0
20:38:51,511.0,0,2,2,170.45,154.63,141.38,63.66,40.87,0.0,0.0,22.42,0
20:38:51,511.0,0,2,2,170.41,154.59,141.34,63.65,40.86,0.0,0.0,22.38,0
20:38:51,511.1,0,2,2,170.36,154.55,141.3,63.64,40.86,0.0,0.0,22.34,0
20:38:51,511.2,0,2,2,170.3,154.5,141.26,63.62,40.85,0.0,0.0,22.31,0
20:38:51,511.2,0,2,2,170.26,154.46,141.22,63.61,40.85,0.0,0.0,22.27,0
20:38:51,511.3,0,2,2,170.21,154.41,141.18,63.6,40.84,0.0,0.0,22.23,0
20:38:51,511.3,0,2,2,170.14,154.36,141.13,63.58,40.84,0.0,0.0,22.2,0
20:38:51,511.4,0,2,2,170.1,154.31,141.09,63.57,40.83,0.0,0.0,22.16,0
20:38:51,511.4,0,2,2,170.05,154.27,141.05,63.55,40.83,0.0,0.0,22.12,0
20:38:51,511.5,0,2,2,170.0,154.23,141.01,63.54,40.82,0.0,0.0,22.09,0
20:38:51,511.6,0,2,2,169.94,154.18,140.97,63.53,40.82,0.0,0.0,22.05,0
20:38:51,511.6,0,2,2,169.89,154.13,140.93,63.51,40.81,0.0,0.0,22.01,0
20:38:52,511.7,0,2,2,169.84,154.09,140.89,63.5,40.8,0.0,0.0,21.98,0
20:38:52,511.7,0,2,2,169.79,154.04,140.85,63.49,40.8,0.0,0.0,21.94,0
20:38:52,511.8,0,2,2,169.74,154.0,140.81,63.47,40.79,0.0,0.0,21.91,0
20:38:52,511.8,0,2,2,169.69,153.95,140.77,63.46,40.79,0.0,0.0,21.87,0
20:38:52,511.9,0,2,2,169.64,153.91,140.73,63.45,40.78,0.0,0.0,21.83,0
20:38:52,511.9,0,2,2,169.58,153.86,140.68,63.43,40.78,0.0,0.0,21.8,0
20:38:52,512.0,0,2,2,169.53,153.81,140.64,63.42,40.77,0.0,0.0,21.76,0
20:38:52,512.1,0,2,2,169.48,153.77,140.6,63.41,40.77,0.0,0.0,21.72,0
20:38:52,512.1,0,2,2,169.42,153.71,140.55,63.39,40.76,0.0,0.0,21.69,0
20:38:52,512.2,0,2,2,169.37,153.67,140.51,63.38,40.75,0.0,0.0,21.65,0
20:38:52,512.2,0,2,2,169.32,153.62,140.47,63.36,40.75,0.0,0.0,21.61,0
20:38:52,512.3,0,2,2,169.27,153.58,140.43,63.35,40.74,0.0,0.0,21.58,0
20:38:52,512.4,0,2,2,169.21,153.53,140.38,63.33,40.74,0.0,0.0,21.54,0
20:38:52,512.4,0,2,2,169.16,153.48,140.34,63.32,40.73,0.0,0.0,21.51,0
20:38:52,512.5,0,2,2,169.11,153.44,140.3,63.31,40.73,0.0,0.0,21.47,0
20:38:52,512.6,0,2,2,169.04,153.38,140.25,63.29,40.72,0.0,0.0,21.43,0
20:38:52,512.6,0,2,2,168.98,153.32,140.2,63.27,40.71,0.0,0.0,21.4,0
20:38:53,512.7,0,2,2,168.93,153.28,140.16,63.26,40.71,0.0,0.0,21.36,0
20:38:53,512.7,0,2,2,168.87,153.22,140.11,63.25,40.7,0.0,0.0,21.32,0
20:38:53,512.8,0,2,2,168.82,153.18,140.07,63.23,40.69,0.0,0.0,21.29,0
20:38:53,512.8,0,2,2,168.77,153.13,140.03,63.22,40.69,0.0,0.0,21.25,0
20:38:53,512.9,0,2,2,168.72,153.09,139.99,63.21,40.68,0.0,0.0,21.22,0
20:38:53,513.0,0,2,2,168.66,153.04,139.95,63.19,40.68,0.0,0.0,21.18,0
20:38:53,513.0,0,2,2,168.61,152.99,139.91,63.18,40.67,0.0,0.0,21.14,0
20:38:53,513.1,0,2,2,168.56,152.95,139.87,63.17,40.67,0.0,0.0,21.11,0
20:38:53,513.1,0,2,2,168.51,152.9,139.82,63.15,40.66,0.0,0.0,21.07,0
20:38:53,513.2,0,2,2,168.46,152.86,139.79,63.14,40.66,0.0,0.0,21.04,0
20:38:53,513.2,0,2,2,168.41,152.81,139.75,63.13,40.65,0.0,0.0,21.0,0
20:38:53,513.3,0,2,2,168.36,152.77,139.71,63.11,40.65,0.0,0.0,20.96,0
20:38:53,513.3,0,2,2,168.31,152.73,139.67,63.1,40.64,0.0,0.0,20.93,0
20:38:53,513.4,0,2,2,168.27,152.69,139.63,63.09,40.64,0.0,0.0,20.89,0
20:38:53,513.4,0,2,2,168.22,152.64,139.59,63.07,40.63,0.0,0.0,20.86,0
20:38:53,513.5,0,2,2,168.17,152.6,139.56,63.06,40.62,0.0,0.0,20.82,0
20:38:53,513.6,0,2,2,168.12,152.55,139.51,63.05,40.62,0.0,0.0,20.78,0
20:38:53,513.6,0,2,2,168.06,152.51,139.47,63.03,40.61,0.0,0.0,20.75,0
20:38:54,513.7,0,2,2,168.01,152.46,139.43,63.02,40.61,0.0,0.0,20.71,0
20:38:54,513.7,0,2,2,167.96,152.41,139.39,63.01,40.6,0.0,0.0,20.68,0
20:38:54,513.8,0,2,2,167.91,152.37,139.34,62.99,40.6,0.0,0.0,20.64,0
20:38:54,513.8,0,2,2,167.86,152.32,139.31,62.98,40.59,0.0,0.0,20.6,0
20:38:54,513.9,0,2,2,167.81,152.28,139.27,62.97,40.59,0.0,0.0,20.57,0
20:38:54,514.0,0,2,2,167.75,152.23,139.22,62.95,40.58,0.0,0.0,20.53,0
20:38:54,514.0,0,2,2,167.7,152.18,139.18,62.94,40.57,0.0,0.0,20.5,0
20:38:54,514.1,0,2,2,167.65,152.14,139.14,62.93,40.57,0.0,0.0,20.46,0
20:38:54,514.1,0,2,2,167.6,152.1,139.1,62.91,40.56,0.0,0.0,20.42,0
20:38:54,514.2,0,2,2,167.55,152.05,139.06,62.9,40.56,0.0,0.0,20.39,0
20:38:54,514.2,0,2,2,167.5,152.01,139.02,62.89,40.55,0.0,0.0,20.35,0
20:38:54,514.3,0,2,2,167.46,151.97,138.99,62.87,40.55,0.0,0.0,20.32,0
20:38:54,514.4,0,2,2,167.4,151.92,138.94,62.86,40.54,0.0,0.0,20.28,0
20:38:54,514.4,0,2,2,167.35,151.87,138.9,62.85,40.54,0.0,0.0,20.24,0
20:38:54,514.5,0,2,2,167.31,151.83,138.87,62.84,40.53,0.0,0.0,20.21,0
20:38:54,514.5,0,2,2,167.25,151.78,138.82,62.82,40.53,0.0,0.0,20.17,0
20:38:54,514.6,0,2,2,167.2,151.74,138.78,62.81,40.52,0.0,0.0,20.14,0
20:38:55,514.6,0,2,2,167.15,151.7,138.74,62.79,40.52,0.0,0.0,20.1,0
20:38:55,514.7,0,2,2,167.1,151.65,138.7,62.78,40.51,0.0,0.0,20.07,0
20:38:55,514.8,0,2,2,167.04,151.59,138.65,62.76,40.5,0.0,0.0,20.03,0
20:38:55,514.8,0,2,2,166.99,151.55,138.61,62.75,40.5,0.0,0.0,19.99,0
20:38:55,514.9,0,2,2,166.94,151.51,138.57,62.74,40.49,0.0,0.0,19.96,0
20:38:55,514.9,0,2,2,166.88,151.46,138.53,62.72,40.49,0.0,0.0,19.92,0
20:38:55,515.0,0,2,2,166.84,151.41,138.49,62.71,40.48,0.0,0.0,19.89,0
20:38:55,515.0,0,2,2,166.79,151.37,138.45,62.7,40.48,0.0,0.0,19.85,0
20:38:55,515.1,0,2,2,166.74,151.33,138.41,62.69,40.47,0.0,0.0,19.82,0
20:38:55,515.2,0,2,2,166.68,151.28,138.37,62.67,40.47,0.0,0.0,19.78,0
20:38:55,515.2,0,2,2,166.63,151.24,138.33,62.66,40.46,0.0,0.0,19.74,0
20:38:55,515.3,0,2,2,166.59,151.19,138.29,62.65,40.45,0.0,0.0,19.71,0
20:38:55,515.3,0,2,2,166.53,151.14,138.25,62.63,40.45,0.0,0.0,19.67,0
20:38:55,515.4,0,2,2,166.48,151.1,138.21,62.62,40.44,0.0,0.0,19.64,0
20:38:55,515.4,0,2,2,166.43,151.05,138.17,62.61,40.44,0.0,0.0,19.6,0
20:38:55,515.5,0,2,2,166.38,151.01,138.13,62.59,40.43,0.0,0.0,19.57,0
20:38:55,515.6,0,2,2,166.32,150.96,138.08,62.58,40.43,0.0,0.0,19.53,0
20:38:55,515.6,0,2,2,166.28,150.92,138.04,62.56,40.42,0.0,0.0,19.5,0
20:38:56,515.7,0,2,2,166.23,150.87,138.01,62.55,40.42,0.0,0.0,19.46,0
20:38:56,515.7,0,2,2,166.17,150.82,137.96,62.54,40.41,0.0,0.0,19.42,0
20:38:56,515.8,0,2,2,166.12,150.78,137.92,62.52,40.4,0.0,0.0,19.39,0
20:38:56,515.9,0,2,2,166.06,150.73,137.87,62.51,40.4,0.0,0.0,19.35,0
20:38:56,515.9,0,2,2,166.01,150.68,137.83,62.49,40.39,0.0,0.0,19.32,0
20:38:56,516.0,0,2,2,165.95,150.63,137.79,62.48,40.39,0.0,0.0,19.28,0
20:38:56,516.0,0,2,2,165.91,150.59,137.75,62.47,40.38,0.0,0.0,19.25,0
20:38:56,516.1,0,2,2,165.86,150.55,137.71,62.46,40.38,0.0,0.0,19.21,0
20:38:56,516.1,0,2,2,165.8,150.5,137.67,62.44,40.37,0.0,0.0,19.18,0
20:38:56,516.2,0,2,2,165.76,150.45,137.63,62.43,40.37,0.0,0.0,19.14,0
20:38:56,516.2,0,2,2,165.71,150.41,137.59,62.42,40.36,0.0,0.0,19.11,0
20:38:56,516.3,0,2,2,165.66,150.37,137.56,62.4,40.36,0.0,0.0,19.07,0
20:38:56,516.4,0,2,2,165.6,150.32,137.51,62.39,40.35,0.0,0.0,19.03,0
20:38:56,516.4,0,2,2,165.55,150.27,137.47,62.37,40.34,0.0,0.0,19.0,0
20:38:56,516.5,0,2,2,165.51,150.23,137.43,62.36,40.34,0.0,0.0,18.96,0
20:38:56,516.6,0,2,2,165.45,150.18,137.38,62.35,40.33,0.0,0.0,18.93,0
20:38:56,516.6,0,2,2,165.39,150.13,137.34,62.33,40.33,0.0,0.0,18.89,0
20:38:57,516.7,0,2,2,165.34,150.09,137.3,62.32,40.32,0.0,0.0,18.86,0
20:38:57,516.7,0,2,2,165.28,150.03,137.25,62.3,40.31,0.0,0.0,18.82,0
20:38:57,516.8,0,2,2,165.22,149.98,137.21,62.29,40.31,0.0,0.0,18.79,0
20:38:57,516.9,0,2,2,165.18,149.94,137.17,62.28,40.3,0.0,0.0,18.75,0
20:38:57,516.9,0,2,2,165.12,149.89,137.12,62.26,40.3,0.0,0.0,18.72,0
20:38:57,517.0,0,2,2,165.07,149.85,137.09,62.25,40.29,0.0,0.0,18.68,0
20:38:57,517.0,0,2,2,165.03,149.8,137.05,62.24,40.29,0.0,0.0,18.65,0
20:38:57,517.1,0,2,2,164.97,149.76,137.01,62.22,40.28,0.0,0.0,18.61,0
20:38:57,517.1,0,2,2,164.92,149.71,136.97,62.21,40.28,0.0,0.0,18.58,0
20:38:57,517.2,0,2,2,164.88,149.67,136.93,62.2,40.27,0.0,0.0,18.54,0
20:38:57,517.3,0,2,2,164.83,149.63,136.89,62.18,40.27,0.0,0.0,18.51,0
20:38:57,517.3,0,2,2,164.77,149.57,136.84,62.17,40.26,0.0,0.0,18.47,0
20:38:57,517.4,0,2,2,164.72,149.53,136.8,62.15,40.25,0.0,0.0,18.44,0
20:38:57,517.4,0,2,2,164.67,149.49,136.76,62.14,40.25,0.0,0.0,18.4,0
20:38:57,517.5,0,2,2,164.62,149.44,136.72,62.13,40.24,0.0,0.0,18.37,0
20:38:57,517.5,0,2,2,164.57,149.4,136.68,62.12,40.24,0.0,0.0,18.33,0
20:38:57,517.6,0,2,2,164.52,149.36,136.65,62.1,40.23,0.0,0.0,18.3,0
20:38:58,517.6,0,2,2,164.47,149.31,136.61,62.09,40.23,0.0,0.0,18.26,0
20:38:58,517.7,0,2,2,164.43,149.27,136.57,62.08,40.22,0.0,0.0,18.22,0
20:38:58,517.8,0,2,2,164.38,149.23,136.53,62.07,40.22,0.0,0.0,18.19,0
20:38:58,517.8,0,2,2,164.33,149.19,136.49,62.05,40.21,0.0,0.0,18.15,0
20:38:58,517.9,0,2,2,164.27,149.13,136.44,62.04,40.21,0.0,0.0,18.12,0
20:38:58,517.9,0,2,2,164.22,149.09,136.41,62.02,40.2,0.0,0.0,18.08,0
20:38:58,518.0,0,2,2,164.17,149.05,136.37,62.01,40.2,0.0,0.0,18.05,0
20:38:58,518.1,0,2,2,164.11,148.99,136.32,62.0,40.19,0.0,0.0,18.01,0
20:38:58,518.1,0,2,2,164.07,148.95,136.28,61.98,40.18,0.0,0.0,17.98,0
20:38:58,518.2,0,2,2,164.02,148.91,136.25,61.97,40.18,0.0,0.0,17.94,0
20:38:58,518.2,0,2,2,163.97,148.86,136.2,61.96,40.17,0.0,0.0,17.91,0
20:38:58,518.3,0,2,2,163.92,148.82,136.17,61.95,40.17,0.0,0.0,17.87,0
20:38:58,518.3,0,2,2,163.87,148.78,136.13,61.93,40.16,0.0,0.0,17.84,0
20:38:58,518.4,0,2,2,163.83,148.74,136.09,61.92,40.16,0.0,0.0,17.81,0
20:38:58,518.4,0,2,2,163.78,148.69,136.05,61.91,40.15,0.0,0.0,17.77,0
20:38:58,518.5,0,2,2,163.73,148.65,136.01,61.89,40.15,0.0,0.0,17.74,0
20:38:58,518.6,0,2,2,163.68,148.61,135.98,61.88,40.14,0.0,0.0,17.7,0
20:38:59,518.6,0,2,2,163.64,148.57,135.94,61.87,40.14,0.0,0.0,17.67,0
20:38:59,518.7,0,2,2,163.57,148.51,135.89,61.85,40.13,0.0,0.0,17.63,0
20:38:59,518.7,0,2,2,163.52,148.47,135.85,61.84,40.13,0.0,0.0,17.6,0
20:38:59,518.8,0,2,2,163.48,148.43,135.81,61.83,40.12,0.0,0.0,17.56,0
20:38:59,518.8,0,2,2,163.43,148.39,135.78,61.82,40.12,0.0,0.0,17.53,0
20:38:59,518.9,0,2,2,163.39,148.34,135.74,61.8,40.11,0.0,0.0,17.49,0
20:38:59,518.9,0,2,2,163.34,148.3,135.7,61.79,40.11,0.0,0.0,17.46,0
20:38:59,519.0,0,2,2,163.29,148.26,135.67,61.78,40.1,0.0,0.0,17.42,0
20:38:59,519.1,0,2,2,163.23,148.21,135.62,61.76,40.09,0.0,0.0,17.39,0
20:38:59,519.1,0,2,2,163.19,148.17,135.58,61.75,40.09,0.0,0.0,17.35,0
20:38:59,519.2,0,2,2,163.14,148.13,135.54,61.74,40.08,0.0,0.0,17.32,0
20:38:59,519.2,0,2,2,163.09,148.08,135.51,61.73,40.08,0.0,0.0,17.28,0
20:38:59,519.3,0,2,2,163.05,148.04,135.47,61.72,40.07,0.0,0.0,17.25,0
20:38:59,519.3,0,2,2,163.0,148.0,135.43,61.7,40.07,0.0,0.0,17.21,0
20:38:59,519.4,0,2,2,162.95,147.96,135.4,61.69,40.06,0.0,0.0,17.18,0
20:38:59,519.4,0,2,2,162.9,147.91,135.35,61.68,40.06,0.0,0.0,17.14,0
20:38:59,519.5,0,2,2,162.85,147.87,135.31,61.66,40.05,0.0,0.0,17.11,0
20:38:59,519.6,0,2,2,162.81,147.83,135.28,61.65,40.05,0.0,0.0,17.07,0
20:39:00,519.6,0,2,2,162.76,147.78,135.24,61.64,40.04,0.0,0.0,17.04,0
20:39:00,519.7,0,2,2,162.7,147.74,135.19,61.62,40.04,0.0,0.0,17.01,0
20:39:00,519.7,0,2,2,162.66,147.7,135.16,61.61,40.03,0.0,0.0,16.97,0
20:39:00,519.8,0,2,2,162.61,147.66,135.12,61.6,40.03,0.0,0.0,16.94,0
20:39:00,519.8,0,2,2,162.56,147.61,135.08,61.59,40.02,0.0,0.0,16.9,0
20:39:00,519.9,0,2,2,162.51,147.57,135.04,61.58,40.02,0.0,0.0,16.87,0
20:39:00,519.9,0,2,2,162.47,147.53,135.01,61.56,40.01,0.0,0.0,16.83,0
20:39:00,520.0,0,2,2,162.42,147.49,134.97,61.55,40.01,0.0,0.0,16.8,0
20:39:00,520.1,0,2,2,162.37,147.44,134.93,61.54,40.0,0.0,0.0,16.76,0
20:39:00,520.1,0,2,2,162.32,147.4,134.89,61.52,40.0,0.0,0.0,16.73,0
20:39:00,520.2,0,2,2,162.28,147.36,134.85,61.51,39.99,0.0,0.0,16.69,0
20:39:00,520.2,0,2,2,162.22,147.31,134.81,61.5,39.98,0.0,0.0,16.66,0
20:39:00,520.3,0,2,2,162.18,147.27,134.78,61.49,39.98,0.0,0.0,16.62,0
20:39:00,520.3,0,2,2,162.13,147.23,134.74,61.47,39.98,0.0,0.0,16.59,0
20:39:00,520.4,0,2,2,162.09,147.19,134.7,61.46,39.97,0.0,0.0,16.56,0
20:39:00,520.4,0,2,2,162.04,147.14,134.66,61.45,39.96,0.0,0.0,16.52,0
20:39:00,520.5,0,2,2,161.99,147.1,134.63,61.44,39.96,0.0,0.0,16.49,0
20:39:00,520.6,0,2,2,161.94,147.06,134.59,61.42,39.95,0.0,0.0,16.45,0
20:39:00,520.6,0,2,2,161.89,147.02,134.55,61.41,39.95,0.0,0.0,16.42,0
20:39:01,520.7,0,2,2,161.85,146.98,134.51,61.4,39.94,0.0,0.0,16.38,0
20:39:01,520.7,0,2,2,161.8,146.93,134.47,61.39,39.94,0.0,0.0,16.35,0
20:39:01,520.8,0,2,2,161.75,146.89,134.44,61.37,39.93,0.0,0.0,16.31,0
20:39:01,520.8,0,2,2,161.7,146.85,134.4,61.36,39.93,0.0,0.0,16.28,0
20:39:01,520.9,0,2,2,161.65,146.8,134.36,61.35,39.92,0.0,0.0,16.25,0
20:39:01,521.0,0,2,2,161.61,146.76,134.32,61.34,39.92,0.0,0.0,16.21,0
20:39:01,521.0,0,2,2,161.55,146.71,134.27,61.32,39.91,0.0,0.0,16.18,0
20:39:01,521.1,0,2,2,161.5,146.67,134.24,61.31,39.91,0.0,0.0,16.14,0
20:39:01,521.1,0,2,2,161.46,146.63,134.2,61.3,39.9,0.0,0.0,16.11,0
20:39:01,521.2,0,2,2,161.41,146.59,134.16,61.28,39.9,0.0,0.0,16.07,0
20:39:01,521.2,0,2,2,161.35,146.53,134.12,61.27,39.89,0.0,0.0,16.04,0
20:39:01,521.3,0,2,2,161.31,146.49,134.08,61.26,39.89,0.0,0.0,16.01,0
20:39:01,521.4,0,2,2,161.26,146.45,134.04,61.25,39.88,0.0,0.0,15.97,0
20:39:01,521.4,0,2,2,161.21,146.41,134.0,61.23,39.88,0.0,0.0,15.94,0
20:39:01,521.5,0,2,2,161.16,146.37,133.97,61.22,39.87,0.0,0.0,15.9,0
20:39:01,521.5,0,2,2,161.12,146.33,133.93,61.21,39.87,0.0,0.0,15.87,0
20:39:01,521.6,0,2,2,161.07,146.29,133.89,61.2,39.86,0.0,0.0,15.83,0
20:39:02,521.6,0,2,2,161.02,146.24,133.85,61.18,39.86,0.0,0.0,15.8,0
20:39:02,521.7,0,2,2,160.97,146.2,133.81,61.17,39.85,0.0,0.0,15.77,0
20:39:02,521.7,0,2,2,160.93,146.16,133.78,61.16,39.85,0.0,0.0,15.73,0
20:39:02,521.8,0,2,2,160.88,146.12,133.74,61.15,39.84,0.0,0.0,15.7,0
20:39:02,521.8,0,2,2,160.84,146.07,133.7,61.13,39.84,0.0,0.0,15.66,0
20:39:02,521.9,0,2,2,160.79,146.03,133.67,61.12,39.83,0.0,0.0,15.63,0
20:39:02,522.0,0,2,2,160.74,145.99,133.63,61.11,39.83,0.0,0.0,15.6,0
20:39:02,522.0,0,2,2,160.69,145.94,133.59,61.09,39.82,0.0,0.0,15.56,0
20:39:02,522.1,0,2,2,160.64,145.9,133.55,61.08,39.81,0.0,0.0,15.53,0
20:39:02,522.1,0,2,2,160.6,145.86,133.51,61.07,39.81,0.0,0.0,15.49,0
20:39:02,522.2,0,2,2,160.55,145.82,133.47,61.06,39.8,0.0,0.0,15.46,0
20:39:02,522.2,0,2,2,160.5,145.78,133.44,61.04,39.8,0.0,0.0,15.42,0
20:39:02,522.3,0,2,2,160.45,145.74,133.4,61.03,39.79,0.0,0.0,15.39,0
20:39:02,522.3,0,2,2,160.41,145.69,133.36,61.02,39.79,0.0,0.0,15.36,0
20:39:02,522.4,0,2,2,160.36,145.65,133.33,61.01,39.78,0.0,0.0,15.32,0
20:39:02,522.4,0,2,2,160.32,145.61,133.29,61.0,39.78,0.0,0.0,15.29,0
20:39:02,522.5,0,2,2,160.27,145.57,133.25,60.98,39.77,0.0,0.0,15.25,0
20:39:02,522.6,0,2,2,160.21,145.52,133.21,60.97,39.77,0.0,0.0,15.22,0
20:39:03,522.6,0,2,2,160.17,145.48,133.17,60.96,39.76,0.0,0.0,15.19,0
20:39:03,522.7,0,2,2,160.12,145.44,133.13,60.95,39.76,0.0,0.0,15.15,0
20:39:03,522.7,0,2,2,160.07,145.39,133.09,60.93,39.75,0.0,0.0,15.12,0
20:39:03,522.8,0,2,2,160.02,145.35,133.06,60.92,39.75,0.0,0.0,15.08,0
20:39:03,522.8,0,2,2,159.98,145.31,133.02,60.91,39.74,0.0,0.0,15.05,0
20:39:03,522.9,0,2,2,159.93,145.27,132.98,60.9,39.74,0.0,0.0,15.02,0
20:39:03,523.0,0,2,2,159.88,145.23,132.94,60.88,39.73,0.0,0.0,14.98,0
20:39:03,523.0,0,2,2,159.84,145.19,132.91,60.87,39.73,0.0,0.0,14.95,0
20:39:03,523.1,0,2,2,159.79,145.14,132.87,60.86,39.72,0.0,0.0,14.91,0
20:39:03,523.1,0,2,2,159.74,145.1,132.83,60.84,39.72,0.0,0.0,14.88,0
20:39:03,523.2,0,2,2,159.69,145.06,132.79,60.83,39.71,0.0,0.0,14.85,0
20:39:03,523.2,0,2,2,159.64,145.01,132.75,60.82,39.71,0.0,0.0,14.81,0
20:39:03,523.3,0,2,2,159.6,144.97,132.72,60.81,39.7,0.0,0.0,14.78,0
20:39:03,523.4,0,2,2,159.55,144.93,132.68,60.79,39.7,0.0,0.0,14.75,0
20:39:03,523.4,0,2,2,159.5,144.89,132.64,60.78,39.69,0.0,0.0,14.71,0
20:39:03,523.5,0,2,2,159.46,144.85,132.6,60.77,39.69,0.0,0.0,14.68,0
20:39:03,523.5,0,2,2,159.4,144.8,132.56,60.76,39.68,0.0,0.0,14.64,0
20:39:03,523.6,0,2,2,159.35,144.76,132.52,60.74,39.68,0.0,0.0,14.61,0
20:39:04,523.6,0,2,2,159.31,144.72,132.49,60.73,39.67,0.0,0.0,14.58,0
20:39:04,523.7,0,2,2,159.26,144.68,132.45,60.72,39.67,0.0,0.0,14.54,0
20:39:04,523.8,0,2,2,159.21,144.63,132.41,60.71,39.66,0.0,0.0,14.51,0
20:39:04,523.8,0,2,2,159.16,144.59,132.37,60.69,39.65,0.0,0.0,14.47,0
20:39:04,523.9,0,2,2,159.12,144.55,132.33,60.68,39.65,0.0,0.0,14.44,0
20:39:04,523.9,0,2,2,159.07,144.5,132.3,60.67,39.64,0.0,0.0,14.41,0
20:39:04,524.0,0,2,2,159.02,144.46,132.25,60.65,39.64,0.0,0.0,14.37,0
20:39:04,524.0,0,2,2,158.97,144.42,132.22,60.64,39.63,0.0,0.0,14.34,0
20:39:04,524.1,0,2,2,158.93,144.38,132.18,60.63,39.63,0.0,0.0,14.31,0
20:39:04,524.1,0,2,2,158.88,144.33,132.14,60.62,39.62,0.0,0.0,14.27,0
20:39:04,524.2,0,2,2,158.83,144.29,132.1,60.6,39.62,0.0,0.0,14.24,0
20:39:04,524.3,0,2,2,158.79,144.25,132.07,60.59,39.61,0.0,0.0,14.21,0
20:39:04,524.3,0,2,2,158.74,144.21,132.03,60.58,39.61,0.0,0.0,14.17,0
20:39:04,524.4,0,2,2,158.68,144.16,131.99,60.57,39.6,0.0,0.0,14.14,0
20:39:04,524.4,0,2,2,158.64,144.12,131.95,60.55,39.6,0.0,0.0,14.1,0
20:39:04,524.5,0,2,2,158.59,144.08,131.92,60.54,39.59,0.0,0.0,14.07,0
20:39:04,524.5,0,2,2,158.54,144.03,131.87,60.53,39.59,0.0,0.0,14.04,0
20:39:04,524.6,0,2,2,158.5,143.99,131.84,60.52,39.58,0.0,0.0,14.0,0
20:39:05,524.7,0,2,2,158.45,143.95,131.8,60.51,39.58,0.0,0.0,13.97,0
20:39:05,524.7,0,2,2,158.39,143.9,131.76,60.49,39.57,0.0,0.0,13.94,0
20:39:05,524.8,0,2,2,158.35,143.86,131.72,60.48,39.57,0.0,0.0,13.9,0
20:39:05,524.8,0,2,2,158.3,143.82,131.68,60.47,39.56,0.0,0.0,13.87,0
20:39:05,524.9,0,2,2,158.26,143.78,131.65,60.45,39.56,0.0,0.0,13.84,0
20:39:05,525.0,0,2,2,158.2,143.73,131.6,60.44,39.55,0.0,0.0,13.8,0
20:39:05,525.0,0,2,2,158.15,143.69,131.56,60.43,39.55,0.0,0.0,13.77,0
20:39:05,525.1,0,2,2,158.11,143.65,131.53,60.42,39.54,0.0,0.0,13.74,0
20:39:05,525.1,0,2,2,158.06,143.6,131.49,60.4,39.54,0.0,0.0,13.7,0
20:39:05,525.2,0,2,2,158.02,143.56,131.45,60.39,39.53,0.0,0.0,13.67,0
20:39:05,525.2,0,2,2,157.97,143.53,131.42,60.38,39.53,0.0,0.0,13.63,0
20:39:05,525.3,0,2,2,157.93,143.49,131.38,60.37,39.52,0.0,0.0,13.6,0
20:39:05,525.3,0,2,2,157.87,143.44,131.34,60.35,39.52,0.0,0.0,13.57,0
20:39:05,525.4,0,2,2,157.82,143.39,131.3,60.34,39.51,0.0,0.0,13.53,0
20:39:05,525.5,0,2,2,157.78,143.36,131.27,60.33,39.51,0.0,0.0,13.5,0
20:39:05,525.5,0,2,2,157.73,143.31,131.22,60.31,39.5,0.0,0.0,13.47,0
20:39:05,525.6,0,2,2,157.68,143.27,131.19,60.3,39.49,0.0,0.0,13.43,0
20:39:06,525.6,0,2,2,157.64,143.23,131.15,60.29,39.49,0.0,0.0,13.4,0
20:39:06,525.7,0,2,2,157.59,143.18,131.11,60.28,39.48,0.0,0.0,13.37,0
20:39:06,525.7,0,2,2,157.54,143.14,131.07,60.26,39.48,0.0,0.0,13.33,0
20:39:06,525.8,0,2,2,157.5,143.1,131.04,60.25,39.47,0.0,0.0,13.3,0
20:39:06,525.8,0,2,2,157.45,143.06,131.0,60.24,39.47,0.0,0.0,13.27,0
20:39:06,525.9,0,2,2,157.4,143.02,130.96,60.23,39.46,0.0,0.0,13.23,0
20:39:06,526.0,0,2,2,157.36,142.98,130.93,60.22,39.46,0.0,0.0,13.2,0
20:39:06,526.0,0,2,2,157.31,142.94,130.89,60.2,39.46,0.0,0.0,13.17,0
20:39:06,526.1,0,2,2,157.27,142.9,130.86,60.19,39.45,0.0,0.0,13.13,0
20:39:06,526.1,0,2,2,157.22,142.85,130.82,60.18,39.44,0.0,0.0,13.1,0
20:39:06,526.2,0,2,2,157.17,142.81,130.78,60.17,39.44,0.0,0.0,13.07,0
20:39:06,526.2,0,2,2,157.13,142.77,130.74,60.16,39.44,0.0,0.0,13.03,0
20:39:06,526.3,0,2,2,157.08,142.73,130.71,60.14,39.43,0.0,0.0,13.0,0
20:39:06,526.3,0,2,2,157.04,142.69,130.67,60.13,39.43,0.0,0.0,12.97,0
20:39:06,526.4,0,2,2,156.99,142.65,130.64,60.12,39.42,0.0,0.0,12.93,0
20:39:06,526.5,0,2,2,156.95,142.61,130.6,60.11,39.42,0.0,0.0,12.9,0
20:39:06,526.5,0,2,2,156.89,142.57,130.56,60.09,39.41,0.0,0.0,12.87,0
20:39:06,526.6,0,2,2,156.85,142.53,130.52,60.08,39.41,0.0,0.0,12.84,0
20:39:07,526.6,0,2,2,156.81,142.49,130.49,60.07,39.4,0.0,0.0,12.8,0
20:39:07,526.7,0,2,2,156.76,142.45,130.45,60.06,39.4,0.0,0.0,12.77,0
20:39:07,526.7,0,2,2,156.71,142.4,130.41,60.05,39.39,0.0,0.0,12.74,0
20:39:07,526.8,0,2,2,156.67,142.36,130.38,60.03,39.39,0.0,0.0,12.7,0
20:39:07,526.8,0,2,2,156.62,142.32,130.34,60.02,39.38,0.0,0.0,12.67,0
20:39:07,526.9,0,2,2,156.57,142.28,130.3,60.01,39.38,0.0,0.0,12.64,0
20:39:07,527.0,0,2,2,156.53,142.24,130.26,60.0,39.37,0.0,0.0,12.6,0
20:39:07,527.0,0,2,2,156.48,142.2,130.23,59.99,39.37,0.0,0.0,12.57,0
20:39:07,527.1,0,2,2,156.44,142.16,130.19,59.97,39.36,0.0,0.0,12.54,0
20:39:07,527.1,0,2,2,156.39,142.12,130.16,59.96,39.36,0.0,0.0,12.5,0
20:39:07,527.2,0,2,2,156.35,142.08,130.12,59.95,39.35,0.0,0.0,12.47,0
20:39:07,527.2,0,2,2,156.3,142.04,130.08,59.94,39.35,0.0,0.0,12.44,0
20:39:07,527.3,0,2,2,156.24,141.99,130.04,59.92,39.34,0.0,0.0,12.41,0
20:39:07,527.4,0,2,2,156.2,141.95,130.0,59.91,39.33,0.0,0.0,12.37,0
20:39:07,527.4,0,2,2,156.16,141.91,129.97,59.9,39.33,0.0,0.0,12.34,0
20:39:07,527.5,0,2,2,156.1,141.86,129.93,59.89,39.32,0.0,0.0,12.31,0
20:39:07,527.5,0,2,2,156.06,141.82,129.89,59.87,39.32,0.0,0.0,12.27,0
20:39:07,527.6,0,2,2,156.01,141.78,129.86,59.86,39.31,0.0,0.0,12.24,0
20:39:08,527.6,0,2,2,155.97,141.74,129.82,59.85,39.31,0.0,0.0,12.21,0
20:39:08,527.7,0,2,2,155.91,141.69,129.78,59.84,39.3,0.0,0.0,12.17,0
20:39:08,527.7,0,2,2,155.87,141.66,129.74,59.82,39.3,0.0,0.0,12.14,0
20:39:08,527.8,0,2,2,155.83,141.62,129.71,59.81,39.29,0.0,0.0,12.11,0
20:39:08,527.9,0,2,2,155.78,141.57,129.67,59.8,39.29,0.0,0.0,12.08,0
20:39:08,527.9,0,2,2,155.73,141.53,129.63,59.79,39.28,0.0,0.0,12.04,0
20:39:08,528.0,0,2,2,155.69,141.5,129.6,59.78,39.28,0.0,0.0,12.01,0
20:39:08,528.0,0,2,2,155.65,141.46,129.56,59.77,39.28,0.0,0.0,11.98,0
20:39:08,528.1,0,2,2,155.6,141.41,129.52,59.75,39.27,0.0,0.0,11.94,0
20:39:08,528.1,0,2,2,155.56,141.38,129.49,59.74,39.27,0.0,0.0,11.91,0
20:39:08,528.2,0,2,2,155.51,141.34,129.46,59.73,39.26,0.0,0.0,11.88,0
20:39:08,528.2,0,2,2,155.47,141.3,129.42,59.72,39.26,0.0,0.0,11.85,0
20:39:08,528.3,0,2,2,155.42,141.26,129.38,59.71,39.25,0.0,0.0,11.81,0
20:39:08,528.4,0,2,2,155.38,141.22,129.35,59.69,39.25,0.0,0.0,11.78,0
20:39:08,528.4,0,2,2,155.33,141.17,129.31,59.68,39.24,0.0,0.0,11.75,0
20:39:08,528.5,0,2,2,155.29,141.13,129.27,59.67,39.24,0.0,0.0,11.71,0
20:39:08,528.5,0,2,2,155.24,141.1,129.24,59.66,39.23,0.0,0.0,11.68,0
20:39:08,528.6,0,2,2,155.2,141.06,129.2,59.65,39.23,0.0,0.0,11.65,0
20:39:08,528.6,0,2,2,155.16,141.02,129.17,59.64,39.22,0.0,0.0,11.62,0
20:39:09,528.7,0,2,2,155.11,140.98,129.14,59.62,39.22,0.0,0.0,11.58,0
20:39:09,528.7,0,2,2,155.07,140.94,129.1,59.61,39.21,0.0,0.0,11.55,0
20:39:09,528.8,0,2,2,155.02,140.9,129.06,59.6,39.21,0.0,0.0,11.52,0
20:39:09,528.8,0,2,2,154.98,140.86,129.03,59.59,39.2,0.0,0.0,11.49,0
20:39:09,528.9,0,2,2,154.93,140.82,128.99,59.58,39.2,0.0,0.0,11.45,0
20:39:09,529.0,0,2,2,154.88,140.77,128.95,59.56,39.19,0.0,0.0,11.42,0
20:39:09,529.0,0,2,2,154.84,140.73,128.91,59.55,39.19,0.0,0.0,11.39,0
20:39:09,529.1,0,2,2,154.79,140.7,128.88,59.54,39.18,0.0,0.0,11.35,0
20:39:09,529.1,0,2,2,154.75,140.66,128.85,59.53,39.18,0.0,0.0,11.32,0
20:39:09,529.2,0,2,2,154.7,140.61,128.81,59.52,39.17,0.0,0.0,11.29,0
20:39:09,529.2,0,2,2,154.66,140.58,128.77,59.5,39.17,0.0,0.0,11.26,0
20:39:09,529.3,0,2,2,154.61,140.54,128.74,59.49,39.16,0.0,0.0,11.22,0
20:39:09,529.3,0,2,2,154.56,140.49,128.7,59.48,39.16,0.0,0.0,11.19,0
20:39:09,529.4,0,2,2,154.52,140.45,128.66,59.47,39.15,0.0,0.0,11.16,0
20:39:09,529.5,0,2,2,154.47,140.41,128.62,59.46,39.15,0.0,0.0,11.13,0
20:39:09,529.5,0,2,2,154.43,140.37,128.59,59.44,39.14,0.0,0.0,11.09,0
20:39:09,529.6,0,2,2,154.38,140.33,128.55,59.43,39.14,0.0,0.0,11.06,0
20:39:09,529.6,0,2,2,154.34,140.29,128.51,59.42,39.13,0.0,0.0,11.03,0
20:39:10,529.7,0,2,2,154.29,140.25,128.48,59.41,39.13,0.0,0.0,11.0,0
20:39:10,529.7,0,2,2,154.25,140.21,128.45,59.4,39.12,0.0,0.0,10.96,0
20:39:10,529.8,0,2,2,154.21,140.17,128.41,59.38,39.12,0.0,0.0,10.93,0
20:39:10,529.8,0,2,2,154.16,140.13,128.38,59.37,39.11,0.0,0.0,10.9,0
20:39:10,529.9,0,2,2,154.12,140.1,128.34,59.36,39.11,0.0,0.0,10.87,0
20:39:10,530.0,0,2,2,154.07,140.05,128.3,59.35,39.1,0.0,0.0,10.83,0
20:39:10,530.0,0,2,2,154.02,140.01,128.27,59.34,39.1,0.0,0.0,10.8,0
20:39:10,530.1,0,2,2,153.98,139.97,128.23,59.33,39.09,0.0,0.0,10.77,0
20:39:10,530.1,0,2,2,153.93,139.93,128.19,59.31,39.09,0.0,0.0,10.74,0
20:39:10,530.2,0,2,2,153.89,139.89,128.16,59.3,39.08,0.0,0.0,10.7,0
20:39:10,530.2,0,2,2,153.84,139.85,128.12,59.29,39.08,0.0,0.0,10.67,0
20:39:10,530.3,0,2,2,153.8,139.81,128.09,59.28,39.08,0.0,0.0,10.64,0
20:39:10,530.3,0,2,2,153.75,139.77,128.05,59.26,39.07,0.0,0.0,10.61,0
20:39:10,530.4,0,2,2,153.71,139.73,128.01,59.25,39.07,0.0,0.0,10.57,0
20:39:10,530.5,0,2,2,153.66,139.69,127.98,59.24,39.06,0.0,0.0,10.54,0
20:39:10,530.5,0,2,2,153.62,139.65,127.94,59.23,39.06,0.0,0.0,10.51,0
20:39:10,530.6,0,2,2,153.57,139.61,127.91,59.22,39.05,0.0,0.0,10.48,0
20:39:10,530.6,0,2,2,153.53,139.57,127.87,59.21,39.05,0.0,0.0,10.44,0
20:39:11,530.7,0,2,2,153.49,139.53,127.84,59.2,39.04,0.0,0.0,10.41,0
20:39:11,530.7,0,2,2,153.43,139.48,127.79,59.18,39.04,0.0,0.0,10.38,0
20:39:11,530.8,0,2,2,153.39,139.44,127.76,59.17,39.03,0.0,0.0,10.35,0
20:39:11,530.9,0,2,2,153.34,139.41,127.72,59.16,39.03,0.0,0.0,10.32,0
20:39:11,530.9,0,2,2,153.29,139.35,127.68,59.14,39.02,0.0,0.0,10.28,0
20:39:11,531.0,0,2,2,153.24,139.32,127.64,59.13,39.02,0.0,0.0,10.25,0
20:39:11,531.0,0,2,2,153.2,139.28,127.61,59.12,39.01,0.0,0.0,10.22,0
20:39:11,531.1,0,2,2,153.15,139.24,127.57,59.11,39.01,0.0,0.0,10.19,0
20:39:11,531.1,0,2,2,153.11,139.2,127.54,59.1,39.0,0.0,0.0,10.15,0
20:39:11,531.2,0,2,2,153.07,139.16,127.5,59.08,39.0,0.0,0.0,10.12,0
20:39:11,531.2,0,2,2,153.03,139.12,127.47,59.07,38.99,0.0,0.0,10.09,0
20:39:11,531.3,0,2,2,152.98,139.08,127.43,59.06,38.99,0.0,0.0,10.06,0
20:39:11,531.4,0,2,2,152.93,139.04,127.39,59.05,38.98,0.0,0.0,10.03,0
20:39:11,531.4,0,2,2,152.88,139.0,127.36,59.04,38.98,0.0,0.0,9.99,0
20:39:11,531.5,0,2,2,152.84,138.96,127.32,59.02,38.97,0.0,0.0,9.96,0
20:39:11,531.5,0,2,2,152.8,138.92,127.29,59.01,38.97,0.0,0.0,9.93,0
20:39:11,531.6,0,2,2,152.75,138.88,127.25,59.0,38.96,0.0,0.0,9.9,0
20:39:12,531.6,0,2,2,152.71,138.84,127.22,58.99,38.96,0.0,0.0,9.86,0
20:39:12,531.7,0,2,2,152.67,138.8,127.18,58.98,38.95,0.0,0.0,9.83,0
20:39:12,531.7,0,2,2,152.62,138.76,127.15,58.97,38.95,0.0,0.0,9.8,0
20:39:12,531.8,0,2,2,152.57,138.72,127.11,58.95,38.94,0.0,0.0,9.77,0
20:39:12,531.9,0,2,2,152.53,138.68,127.07,58.94,38.94,0.0,0.0,9.74,0
20:39:12,531.9,0,2,2,152.49,138.64,127.04,58.93,38.93,0.0,0.0,9.7,0
20:39:12,532.0,0,2,2,152.44,138.6,127.0,58.92,38.93,0.0,0.0,9.67,0
20:39:12,532.0,0,2,2,152.39,138.56,126.96,58.91,38.92,0.0,0.0,9.64,0
20:39:12,532.1,0,2,2,152.35,138.52,126.93,58.89,38.92,0.0,0.0,9.61,0
20:39:12,532.1,0,2,2,152.31,138.48,126.9,58.88,38.91,0.0,0.0,9.58,0
20:39:12,532.2,0,2,2,152.27,138.45,126.86,58.87,38.91,0.0,0.0,9.54,0
20:39:12,532.2,0,2,2,152.22,138.4,126.82,58.86,38.9,0.0,0.0,9.51,0
20:39:12,532.3,0,2,2,152.17,138.36,126.79,58.85,38.9,0.0,0.0,9.48,0
20:39:12,532.4,0,2,2,152.13,138.32,126.75,58.84,38.89,0.0,0.0,9.45,0
20:39:12,532.4,0,2,2,152.08,138.28,126.72,58.82,38.89,0.0,0.0,9.42,0
20:39:12,532.5,0,2,2,152.04,138.24,126.68,58.81,38.88,0.0,0.0,9.38,0
20:39:12,532.5,0,2,2,152.0,138.21,126.65,58.8,38.88,0.0,0.0,9.35,0
20:39:12,532.6,0,2,2,151.96,138.17,126.61,58.79,38.88,0.0,0.0,9.32,0
20:39:13,532.6,0,2,2,151.91,138.13,126.57,58.78,38.87,0.0,0.0,9.29,0
20:39:13,532.7,0,2,2,151.86,138.09,126.54,58.77,38.87,0.0,0.0,9.26,0
20:39:13,532.7,0,2,2,151.82,138.05,126.51,58.76,38.86,0.0,0.0,9.22,0
20:39:13,532.8,0,2,2,151.78,138.01,126.47,58.74,38.86,0.0,0.0,9.19,0
20:39:13,532.8,0,2,2,151.73,137.97,126.44,58.73,38.85,0.0,0.0,9.16,0
20:39:13,532.9,0,2,2,151.69,137.93,126.4,58.72,38.85,0.0,0.0,9.13,0
20:39:13,533.0,0,2,2,151.65,137.9,126.37,58.71,38.84,0.0,0.0,9.1,0
20:39:13,533.0,0,2,2,151.6,137.85,126.33,58.7,38.84,0.0,0.0,9.06,0
20:39:13,533.1,0,2,2,151.55,137.81,126.29,58.68,38.83,0.0,0.0,9.03,0
20:39:13,533.1,0,2,2,151.51,137.77,126.26,58.67,38.83,0.0,0.0,9.0,0
20:39:13,533.2,0,2,2,151.47,137.73,126.22,58.66,38.82,0.0,0.0,8.97,0
20:39:13,533.2,0,2,2,151.42,137.69,126.19,58.65,38.82,0.0,0.0,8.94,0
20:39:13,533.3,0,2,2,151.38,137.66,126.15,58.64,38.81,0.0,0.0,8.91,0
20:39:13,533.4,0,2,2,151.34,137.62,126.12,58.63,38.81,0.0,0.0,8.87,0
20:39:13,533.4,0,2,2,151.29,137.58,126.08,58.62,38.8,0.0,0.0,8.84,0
20:39:13,533.5,0,2,2,151.25,137.54,126.05,58.6,38.8,0.0,0.0,8.81,0
20:39:13,533.5,0,2,2,151.21,137.5,126.02,58.59,38.79,0.0,0.0,8.78,0
20:39:13,533.6,0,2,2,151.16,137.46,125.98,58.58,38.79,0.0,0.0,8.75,0
20:39:14,533.6,0,2,2,151.12,137.42,125.94,58.57,38.78,0.0,0.0,8.71,0
20:39:14,533.7,0,2,2,151.07,137.39,125.91,58.56,38.78,0.0,0.0,8.68,0
20:39:14,533.7,0,2,2,151.03,137.34,125.87,58.55,38.78,0.0,0.0,8.65,0
20:39:14,533.8,0,2,2,150.98,137.3,125.84,58.53,38.77,0.0,0.0,8.62,0
20:39:14,533.8,0,2,2,150.94,137.27,125.8,58.52,38.77,0.0,0.0,8.59,0
20:39:14,533.9,0,2,2,150.9,137.23,125.77,58.51,38.76,0.0,0.0,8.56,0
20:39:14,534.0,0,2,2,150.86,137.19,125.74,58.5,38.76,0.0,0.0,8.52,0
20:39:14,534.0,0,2,2,150.81,137.15,125.7,58.49,38.75,0.0,0.0,8.49,0
20:39:14,534.1,0,2,2,150.77,137.11,125.66,58.48,38.75,0.0,0.0,8.46,0
20:39:14,534.1,0,2,2,150.72,137.07,125.63,58.47,38.74,0.0,0.0,8.43,0
20:39:14,534.2,0,2,2,150.68,137.04,125.6,58.45,38.74,0.0,0.0,8.4,0
20:39:14,534.3,0,2,2,150.63,136.99,125.55,58.44,38.73,0.0,0.0,8.37,0
20:39:14,534.3,0,2,2,150.58,136.94,125.51,58.43,38.73,0.0,0.0,8.33,0
20:39:14,534.4,0,2,2,150.54,136.91,125.48,58.42,38.72,0.0,0.0,8.3,0
20:39:14,534.4,0,2,2,150.49,136.86,125.44,58.4,38.72,0.0,0.0,8.27,0
20:39:14,534.5,0,2,2,150.45,136.82,125.41,58.39,38.71,0.0,0.0,8.24,0
20:39:14,534.5,0,2,2,150.4,136.79,125.37,58.38,38.71,0.0,0.0,8.21,0
20:39:14,534.6,0,2,2,150.36,136.75,125.34,58.37,38.7,0.0,0.0,8.18,0
20:39:15,534.7,0,2,2,150.31,136.7,125.3,58.36,38.7,0.0,0.0,8.15,0
20:39:15,534.7,0,2,2,150.26,136.66,125.26,58.34,38.69,0.0,0.0,8.11,0
20:39:15,534.8,0,2,2,150.21,136.62,125.22,58.33,38.69,0.0,0.0,8.08,0
20:39:15,534.8,0,2,2,150.17,136.58,125.18,58.32,38.68,0.0,0.0,8.05,0
20:39:15,534.9,0,2,2,150.12,136.54,125.15,58.31,38.68,0.0,0.0,8.02,0
20:39:15,534.9,0,2,2,150.08,136.5,125.11,58.3,38.67,0.0,0.0,7.99,0
20:39:15,535.0,0,2,2,150.03,136.45,125.07,58.28,38.67,0.0,0.0,7.96,0
20:39:15,535.1,0,2,2,149.99,136.42,125.04,58.27,38.66,0.0,0.0,7.93,0
20:39:15,535.1,0,2,2,149.94,136.38,125.01,58.26,38.66,0.0,0.0,7.89,0
20:39:15,535.2,0,2,2,149.9,136.34,124.97,58.25,38.65,0.0,0.0,7.86,0
20:39:15,535.2,0,2,2,149.86,136.3,124.94,58.24,38.65,0.0,0.0,7.83,0
20:39:15,535.3,0,2,2,149.82,136.26,124.9,58.23,38.64,0.0,0.0,7.8,0
20:39:15,535.3,0,2,2,149.77,136.23,124.87,58.21,38.64,0.0,0.0,7.77,0
20:39:15,535.4,0,2,2,149.73,136.19,124.84,58.2,38.63,0.0,0.0,7.74,0
20:39:15,535.4,0,2,2,149.68,136.15,124.8,58.19,38.63,0.0,0.0,7.71,0
20:39:15,535.5,0,2,2,149.64,136.11,124.76,58.18,38.62,0.0,0.0,7.67,0
20:39:15,535.6,0,2,2,149.6,136.07,124.73,58.17,38.62,0.0,0.0,7.64,0
20:39:15,535.6,0,2,2,149.55,136.02,124.69,58.15,38.61,0.0,0.0,7.61,0
20:39:16,535.7,0,2,2,149.5,135.99,124.65,58.14,38.61,0.0,0.0,7.58,0
20:39:16,535.7,0,2,2,149.46,135.95,124.62,58.13,38.61,0.0,0.0,7.55,0
20:39:16,535.8,0,2,2,149.42,135.91,124.59,58.12,38.6,0.0,0.0,7.52,0
20:39:16,535.8,0,2,2,149.38,135.87,124.55,58.11,38.6,0.0,0.0,7.49,0
20:39:16,535.9,0,2,2,149.33,135.84,124.52,58.1,38.59,0.0,0.0,7.45,0
20:39:16,535.9,0,2,2,149.29,135.8,124.49,58.09,38.59,0.0,0.0,7.42,0
20:39:16,536.0,0,2,2,149.25,135.76,124.45,58.07,38.58,0.0,0.0,7.39,0
20:39:16,536.1,0,2,2,149.2,135.72,124.42,58.06,38.58,0.0,0.0,7.36,0
20:39:16,536.1,0,2,2,149.16,135.68,124.38,58.05,38.57,0.0,0.0,7.33,0
20:39:16,536.2,0,2,2,149.12,135.64,124.35,58.04,38.57,0.0,0.0,7.3,0
20:39:16,536.2,0,2,2,149.07,135.6,124.31,58.03,38.56,0.0,0.0,7.27,0
20:39:16,536.3,0,2,2,149.03,135.56,124.28,58.02,38.56,0.0,0.0,7.24,0
20:39:16,536.3,0,2,2,148.99,135.53,124.24,58.01,38.55,0.0,0.0,7.2,0
20:39:16,536.4,0,2,2,148.94,135.49,124.21,58.0,38.55,0.0,0.0,7.17,0
20:39:16,536.5,0,2,2,148.9,135.45,124.17,57.98,38.54,0.0,0.0,7.14,0
20:39:16,536.5,0,2,2,148.85,135.4,124.13,57.97,38.54,0.0,0.0,7.11,0
20:39:16,536.6,0,2,2,148.81,135.37,124.1,57.96,38.53,0.0,0.0,7.08,0
20:39:17,536.6,0,2,2,148.76,135.32,124.06,57.95,38.53,0.0,0.0,7.05,0
20:39:17,536.7,0,2,2,148.72,135.29,124.03,57.93,38.52,0.0,0.0,7.02,0
20:39:17,536.7,0,2,2,148.68,135.25,123.99,57.92,38.52,0.0,0.0,6.99,0
20:39:17,536.8,0,2,2,148.63,135.21,123.96,57.91,38.52,0.0,0.0,6.96,0
20:39:17,536.8,0,2,2,148.59,135.17,123.92,57.9,38.51,0.0,0.0,6.92,0
20:39:17,536.9,0,2,2,148.54,135.13,123.89,57.89,38.51,0.0,0.0,6.89,0
20:39:17,537.0,0,2,2,148.49,135.08,123.85,57.87,38.5,0.0,0.0,6.86,0
20:39:17,537.0,0,2,2,148.45,135.05,123.81,57.86,38.5,0.0,0.0,6.83,0
20:39:17,537.1,0,2,2,148.41,135.01,123.78,57.85,38.49,0.0,0.0,6.8,0
20:39:17,537.1,0,2,2,148.37,134.97,123.75,57.84,38.49,0.0,0.0,6.77,0
20:39:17,537.2,0,2,2,148.32,134.93,123.71,57.83,38.48,0.0,0.0,6.74,0
20:39:17,537.2,0,2,2,148.28,134.9,123.68,57.82,38.48,0.0,0.0,6.71,0
20:39:17,537.3,0,2,2,148.24,134.86,123.65,57.81,38.47,0.0,0.0,6.68,0
20:39:17,537.4,0,2,2,148.18,134.81,123.6,57.79,38.47,0.0,0.0,6.64,0
20:39:17,537.4,0,2,2,148.14,134.77,123.57,57.78,38.46,0.0,0.0,6.61,0
20:39:17,537.5,0,2,2,148.1,134.74,123.53,57.77,38.46,0.0,0.0,6.58,0
20:39:17,537.5,0,2,2,148.06,134.7,123.5,57.76,38.45,0.0,0.0,6.55,0
20:39:17,537.6,0,2,2,148.01,134.66,123.46,57.75,38.45,0.0,0.0,6.52,0
20:39:18,537.6,0,2,2,147.97,134.62,123.43,57.74,38.44,0.0,0.0,6.49,0
20:39:18,537.7,0,2,2,147.93,134.58,123.4,57.73,38.44,0.0,0.0,6.46,0
20:39:18,537.7,0,2,2,147.89,134.55,123.36,57.72,38.43,0.0,0.0,6.43,0
20:39:18,537.8,0,2,2,147.84,134.5,123.32,57.7,38.43,0.0,0.0,6.4,0
20:39:18,537.9,0,2,2,147.8,134.46,123.29,57.69,38.43,0.0,0.0,6.37,0
20:39:18,537.9,0,2,2,147.75,134.43,123.26,57.68,38.42,0.0,0.0,6.34,0
20:39:18,538.0,0,2,2,147.71,134.38,123.22,57.67,38.42,0.0,0.0,6.3,0
20:39:18,538.0,0,2,2,147.66,134.34,123.18,57.66,38.41,0.0,0.0,6.27,0
20:39:18,538.1,0,2,2,147.62,134.31,123.15,57.64,38.41,0.0,0.0,6.24,0
20:39:18,538.2,0,2,2,147.56,134.26,123.1,57.63,38.4,0.0,0.0,6.21,0
20:39:18,538.2,0,2,2,147.52,134.22,123.07,57.62,38.39,0.0,0.0,6.18,0
20:39:18,538.3,0,2,2,147.48,134.18,123.03,57.61,38.39,0.0,0.0,6.15,0
20:39:18,538.3,0,2,2,147.42,134.13,122.99,57.59,38.38,0.0,0.0,6.12,0
20:39:18,538.4,0,2,2,147.38,134.1,122.96,57.58,38.38,0.0,0.0,6.09,0
20:39:18,538.4,0,2,2,147.34,134.06,122.93,57.57,38.38,0.0,0.0,6.06,0
20:39:18,538.5,0,2,2,147.3,134.02,122.89,57.56,38.37,0.0,0.0,6.03,0
20:39:18,538.6,0,2,2,147.25,133.98,122.85,57.55,38.37,0.0,0.0,6.0,0
20:39:18,538.6,0,2,2,147.21,133.94,122.82,57.54,38.36,0.0,0.0,5.97,0
20:39:19,538.7,0,2,2,147.17,133.91,122.79,57.53,38.36,0.0,0.0,5.93,0
20:39:19,538.7,0,2,2,147.12,133.86,122.75,57.51,38.35,0.0,0.0,5.9,0
20:39:19,538.8,0,2,2,147.07,133.82,122.71,57.5,38.35,0.0,0.0,5.87,0
20:39:19,538.9,0,2,2,147.03,133.79,122.68,57.49,38.34,0.0,0.0,5.84,0
20:39:19,538.9,0,2,2,146.99,133.74,122.64,57.48,38.34,0.0,0.0,5.81,0
20:39:19,539.0,0,2,2,146.94,133.71,122.61,57.47,38.33,0.0,0.0,5.78,0
20:39:19,539.0,0,2,2,146.9,133.67,122.58,57.46,38.33,0.0,0.0,5.75,0
20:39:19,539.1,0,2,2,146.86,133.64,122.55,57.44,38.32,0.0,0.0,5.72,0
20:39:19,539.1,0,2,2,146.82,133.59,122.51,57.43,38.32,0.0,0.0,5.69,0
20:39:19,539.2,0,2,2,146.77,133.56,122.47,57.42,38.31,0.0,0.0,5.66,0
20:39:19,539.2,0,2,2,146.73,133.52,122.44,57.41,38.31,0.0,0.0,5.63,0
20:39:19,539.3,0,2,2,146.69,133.48,122.41,57.4,38.31,0.0,0.0,5.6,0
20:39:19,539.4,0,2,2,146.64,133.44,122.37,57.39,38.3,0.0,0.0,5.57,0
20:39:19,539.4,0,2,2,146.6,133.4,122.33,57.37,38.3,0.0,0.0,5.54,0
20:39:19,539.5,0,2,2,146.56,133.36,122.3,57.36,38.29,0.0,0.0,5.51,0
20:39:19,539.5,0,2,2,146.51,133.32,122.27,57.35,38.29,0.0,0.0,5.48,0
20:39:19,539.6,0,2,2,146.47,133.29,122.23,57.34,38.28,0.0,0.0,5.44,0
20:39:20,539.6,0,2,2,146.43,133.25,122.2,57.33,38.28,0.0,0.0,5.41,0
20:39:20,539.7,0,2,2,146.39,133.21,122.17,57.32,38.27,0.0,0.0,5.38,0
20:39:20,539.8,0,2,2,146.34,133.17,122.13,57.31,38.27,0.0,0.0,5.35,0
20:39:20,539.8,0,2,2,146.3,133.13,122.1,57.3,38.26,0.0,0.0,5.32,0
20:39:20,539.9,0,2,2,146.26,133.1,122.06,57.29,38.26,0.0,0.0,5.29,0
20:39:20,539.9,0,2,2,146.22,133.06,122.03,57.27,38.25,0.0,0.0,5.26,0
20:39:20,540.0,0,2,2,146.17,133.02,121.99,57.26,38.25,0.0,0.0,5.23,0
20:39:20,540.0,0,2,2,146.13,132.98,121.96,57.25,38.24,0.0,0.0,5.2,0
20:39:20,540.1,0,2,2,146.09,132.94,121.93,57.24,38.24,0.0,0.0,5.17,0
20:39:20,540.2,0,2,2,146.04,132.9,121.89,57.23,38.23,0.0,0.0,5.14,0
20:39:20,540.2,0,2,2,146.0,132.86,121.85,57.21,38.23,0.0,0.0,5.11,0
20:39:20,540.3,0,2,2,145.96,132.83,121.82,57.2,38.23,0.0,0.0,5.08,0
20:39:20,540.3,0,2,2,145.92,132.79,121.79,57.19,38.22,0.0,0.0,5.05,0
20:39:20,540.4,0,2,2,145.87,132.75,121.75,57.18,38.22,0.0,0.0,5.02,0
20:39:20,540.4,0,2,2,145.83,132.71,121.72,57.17,38.21,0.0,0.0,4.99,0
20:39:20,540.5,0,2,2,145.79,132.68,121.69,57.16,38.21,0.0,0.0,4.96,0
20:39:20,540.6,0,2,2,145.73,132.63,121.64,57.15,38.2,0.0,0.0,4.93,0
20:39:20,540.6,0,2,2,145.69,132.59,121.61,57.13,38.2,0.0,0.0,4.9,0
20:39:21,540.7,0,2,2,145.65,132.55,121.57,57.12,38.19,0.0,0.0,4.87,0
20:39:21,540.7,0,2,2,145.6,132.51,121.54,57.11,38.19,0.0,0.0,4.84,0
20:39:21,540.8,0,2,2,145.56,132.48,121.51,57.1,38.18,0.0,0.0,4.8,0
20:39:21,540.8,0,2,2,145.52,132.44,121.47,57.09,38.18,0.0,0.0,4.77,0
20:39:21,540.9,0,2,2,145.48,132.4,121.44,57.08,38.17,0.0,0.0,4.74,0
20:39:21,541.0,0,2,2,145.43,132.36,121.4,57.07,38.17,0.0,0.0,4.71,0
20:39:21,541.0,0,2,2,145.38,132.32,121.36,57.05,38.16,0.0,0.0,4.68,0
20:39:21,541.1,0,2,2,145.34,132.28,121.33,57.04,38.16,0.0,0.0,4.65,0
20:39:21,541.1,0,2,2,145.29,132.24,121.29,57.03,38.15,0.0,0.0,4.62,0
20:39:21,541.2,0,2,2,145.25,132.2,121.25,57.02,38.15,0.0,0.0,4.59,0
20:39:21,541.2,0,2,2,145.21,132.16,121.22,57.01,38.14,0.0,0.0,4.56,0
20:39:21,541.3,0,2,2,145.17,132.12,121.19,57.0,38.14,0.0,0.0,4.53,0
20:39:21,541.3,0,2,2,145.13,132.09,121.16,56.98,38.14,0.0,0.0,4.5,0
20:39:21,541.4,0,2,2,145.09,132.05,121.12,56.97,38.13,0.0,0.0,4.47,0
20:39:21,541.5,0,2,2,145.04,132.01,121.09,56.96,38.13,0.0,0.0,4.44,0
20:39:21,541.5,0,2,2,145.0,131.98,121.06,56.95,38.12,0.0,0.0,4.41,0
20:39:21,541.6,0,2,2,144.96,131.94,121.02,56.94,38.12,0.0,0.0,4.38,0
20:39:22,541.6,0,2,2,144.92,131.9,120.99,56.93,38.11,0.0,0.0,4.35,0
20:39:22,541.7,0,2,2,144.87,131.86,120.95,56.92,38.11,0.0,0.0,4.32,0
20:39:22,541.7,0,2,2,144.83,131.83,120.92,56.91,38.1,0.0,0.0,4.29,0
20:39:22,541.8,0,2,2,144.79,131.79,120.89,56.9,38.1,0.0,0.0,4.26,0
20:39:22,541.8,0,2,2,144.75,131.76,120.86,56.89,38.1,0.0,0.0,4.23,0
20:39:22,541.9,0,2,2,144.71,131.72,120.82,56.87,38.09,0.0,0.0,4.2,0
20:39:22,542.0,0,2,2,144.67,131.68,120.79,56.86,38.09,0.0,0.0,4.17,0
20:39:22,542.0,0,2,2,144.63,131.65,120.76,56.85,38.08,0.0,0.0,4.14,0
20:39:22,542.1,0,2,2,144.58,131.6,120.72,56.84,38.08,0.0,0.0,4.11,0
20:39:22,542.1,0,2,2,144.54,131.56,120.69,56.83,38.07,0.0,0.0,4.08,0
20:39:22,542.2,0,2,2,144.5,131.53,120.65,56.82,38.07,0.0,0.0,4.05,0
20:39:22,542.2,0,2,2,144.45,131.49,120.62,56.81,38.06,0.0,0.0,4.02,0
20:39:22,542.3,0,2,2,144.41,131.45,120.58,56.8,38.06,0.0,0.0,3.99,0
20:39:22,542.4,0,2,2,144.37,131.41,120.55,56.78,38.05,0.0,0.0,3.96,0
20:39:22,542.4,0,2,2,144.32,131.37,120.51,56.77,38.05,0.0,0.0,3.93,0
20:39:22,542.5,0,2,2,144.28,131.33,120.48,56.76,38.04,0.0,0.0,3.9,0
20:39:22,542.5,0,2,2,144.24,131.29,120.45,56.75,38.04,0.0,0.0,3.87,0
20:39:22,542.6,0,2,2,144.19,131.26,120.41,56.74,38.03,0.0,0.0,3.84,0
20:39:23,542.6,0,2,2,144.15,131.22,120.38,56.73,38.03,0.0,0.0,3.81,0
20:39:23,542.7,0,2,2,144.11,131.19,120.35,56.72,38.03,0.0,0.0,3.78,0
20:39:23,542.8,0,2,2,144.07,131.15,120.32,56.71,38.02,0.0,0.0,3.75,0
20:39:23,542.8,0,2,2,144.02,131.1,120.27,56.69,38.02,0.0,0.0,3.72,0
20:39:23,542.9,0,2,2,143.98,131.07,120.24,56.68,38.01,0.0,0.0,3.69,0
20:39:23,542.9,0,2,2,143.94,131.03,120.21,56.67,38.01,0.0,0.0,3.66,0
20:39:23,543.0,0,2,2,143.9,130.99,120.18,56.66,38.0,0.0,0.0,3.63,0
20:39:23,543.0,0,2,2,143.86,130.96,120.14,56.65,38.0,0.0,0.0,3.6,0
20:39:23,543.1,0,2,2,143.82,130.92,120.11,56.64,37.99,0.0,0.0,3.57,0
20:39:23,543.1,0,2,2,143.78,130.89,120.08,56.63,37.99,0.0,0.0,3.54,0
20:39:23,543.2,0,2,2,143.73,130.85,120.04,56.62,37.98,0.0,0.0,3.51,0
20:39:23,543.3,0,2,2,143.7,130.81,120.01,56.61,37.98,0.0,0.0,3.48,0
20:39:23,543.3,0,2,2,143.66,130.78,119.98,56.6,37.98,0.0,0.0,3.45,0
20:39:23,543.4,0,2,2,143.61,130.74,119.95,56.58,37.97,0.0,0.0,3.42,0
20:39:23,543.4,0,2,2,143.57,130.7,119.91,56.57,37.97,0.0,0.0,3.39,0
20:39:23,543.5,0,2,2,143.53,130.67,119.88,56.56,37.96,0.0,0.0,3.36,0
20:39:23,543.5,0,2,2,143.49,130.63,119.85,56.55,37.96,0.0,0.0,3.33,0
20:39:23,543.6,0,2,2,143.45,130.59,119.81,56.54,37.95,0.0,0.0,3.3,0
20:39:24,543.6,0,2,2,143.41,130.55,119.78,56.53,37.95,0.0,0.0,3.27,0
20:39:24,543.7,0,2,2,143.37,130.52,119.75,56.52,37.94,0.0,0.0,3.24,0
20:39:24,543.8,0,2,2,143.32,130.48,119.71,56.51,37.94,0.0,0.0,3.21,0
20:39:24,543.8,0,2,2,143.28,130.44,119.68,56.5,37.94,0.0,0.0,3.18,0
20:39:24,543.9,0,2,2,143.24,130.41,119.65,56.49,37.93,0.0,0.0,3.15,0
20:39:24,543.9,0,2,2,143.2,130.37,119.62,56.48,37.93,0.0,0.0,3.12,0
20:39:24,544.0,0,2,2,143.16,130.34,119.58,56.46,37.92,0.0,0.0,3.09,0
20:39:24,544.0,0,2,2,143.12,130.3,119.55,56.45,37.92,0.0,0.0,3.06,0
20:39:24,544.1,0,2,2,143.08,130.26,119.52,56.44,37.91,0.0,0.0,3.03,0
20:39:24,544.1,0,2,2,143.04,130.23,119.49,56.43,37.91,0.0,0.0,3.0,0
20:39:24,544.2,0,2,2,143.0,130.19,119.45,56.42,37.9,0.0,0.0,2.97,0
20:39:24,544.2,0,2,2,142.96,130.15,119.42,56.41,37.9,0.0,0.0,2.94,0
20:39:24,544.3,0,2,2,142.92,130.12,119.39,56.4,37.9,0.0,0.0,2.91,0
20:39:24,544.4,0,2,2,142.87,130.08,119.35,56.39,37.89,0.0,0.0,2.89,0
20:39:24,544.4,0,2,2,142.83,130.04,119.32,56.38,37.89,0.0,0.0,2.86,0
20:39:24,544.5,0,2,2,142.79,130.01,119.29,56.37,37.88,0.0,0.0,2.83,0
20:39:24,544.5,0,2,2,142.75,129.97,119.26,56.36,37.88,0.0,0.0,2.8,0
20:39:24,544.6,0,2,2,142.71,129.93,119.22,56.34,37.87,0.0,0.0,2.77,0
20:39:25,544.6,0,2,2,142.67,129.9,119.19,56.33,37.87,0.0,0.0,2.74,0
20:39:25,544.7,0,2,2,142.63,129.86,119.16,56.32,37.86,0.0,0.0,2.71,0
20:39:25,544.8,0,2,2,142.58,129.82,119.12,56.31,37.86,0.0,0.0,2.68,0
20:39:25,544.8,0,2,2,142.54,129.78,119.09,56.3,37.85,0.0,0.0,2.65,0
20:39:25,544.9,0,2,2,142.5,129.75,119.06,56.29,37.85,0.0,0.0,2.62,0
20:39:25,544.9,0,2,2,142.46,129.71,119.02,56.28,37.85,0.0,0.0,2.59,0
20:39:25,545.0,0,2,2,142.42,129.67,118.99,56.27,37.84,0.0,0.0,2.56,0
20:39:25,545.0,0,2,2,142.38,129.64,118.96,56.26,37.84,0.0,0.0,2.53,0
20:39:25,545.1,0,2,2,142.34,129.6,118.93,56.25,37.83,0.0,0.0,2.5,0
20:39:25,545.2,0,2,2,142.29,129.56,118.89,56.23,37.83,0.0,0.0,2.47,0
20:39:25,545.2,0,2,2,142.25,129.52,118.85,56.22,37.82,0.0,0.0,2.44,0
20:39:25,545.3,0,2,2,142.21,129.49,118.82,56.21,37.82,0.0,0.0,2.41,0
20:39:25,545.3,0,2,2,142.16,129.45,118.79,56.2,37.81,0.0,0.0,2.38,0
20:39:25,545.4,0,2,2,142.12,129.41,118.75,56.19,37.81,0.0,0.0,2.35,0
20:39:25,545.4,0,2,2,142.08,129.37,118.72,56.18,37.8,0.0,0.0,2.32,0
20:39:25,545.5,0,2,2,142.04,129.34,118.69,56.17,37.8,0.0,0.0,2.29,0
20:39:25,545.5,0,2,2,142.0,129.3,118.65,56.16,37.8,0.0,0.0,2.26,0
20:39:25,545.6,0,2,2,141.96,129.26,118.62,56.15,37.79,0.0,0.0,2.24,0
20:39:26,545.6,0,2,2,141.92,129.23,118.59,56.14,37.79,0.0,0.0,2.21,0
20:39:26,545.7,0,2,2,141.88,129.2,118.56,56.13,37.78,0.0,0.0,2.18,0
20:39:26,545.8,0,2,2,141.84,129.16,118.53,56.11,37.78,0.0,0.0,2.15,0
20:39:26,545.8,0,2,2,141.8,129.12,118.5,56.1,37.77,0.0,0.0,2.12,0
20:39:26,545.9,0,2,2,141.75,129.08,118.46,56.09,37.77,0.0,0.0,2.09,0
20:39:26,545.9,0,2,2,141.71,129.05,118.43,56.08,37.76,0.0,0.0,2.06,0
20:39:26,546.0,0,2,2,141.67,129.01,118.4,56.07,37.76,0.0,0.0,2.03,0
20:39:26,546.0,0,2,2,141.63,128.98,118.36,56.06,37.76,0.0,0.0,2.0,0
20:39:26,546.1,0,2,2,141.59,128.94,118.33,56.05,37.75,0.0,0.0,1.97,0
20:39:26,546.1,0,2,2,141.55,128.91,118.3,56.04,37.75,0.0,0.0,1.94,0
20:39:26,546.2,0,2,2,141.51,128.87,118.27,56.03,37.74,0.0,0.0,1.91,0
20:39:26,546.3,0,2,2,141.47,128.83,118.24,56.02,37.74,0.0,0.0,1.88,0
20:39:26,546.3,0,2,2,141.43,128.8,118.2,56.01,37.73,0.0,0.0,1.85,0
20:39:26,546.4,0,2,2,141.39,128.76,118.17,56.0,37.73,0.0,0.0,1.82,0
20:39:26,546.4,0,2,2,141.35,128.73,118.14,55.99,37.73,0.0,0.0,1.79,0
20:39:26,546.5,0,2,2,141.31,128.69,118.11,55.98,37.72,0.0,0.0,1.77,0
20:39:26,546.5,0,2,2,141.28,128.66,118.08,55.97,37.72,0.0,0.0,1.74,0
20:39:26,546.6,0,2,2,141.24,128.62,118.05,55.96,37.71,0.0,0.0,1.71,0
20:39:27,546.6,0,2,2,141.2,128.59,118.02,55.94,37.71,0.0,0.0,1.68,0
20:39:27,546.7,0,2,2,141.16,128.55,117.99,55.93,37.7,0.0,0.0,1.65,0
20:39:27,546.7,0,2,2,141.12,128.52,117.96,55.92,37.7,0.0,0.0,1.62,0
20:39:27,546.8,0,2,2,141.08,128.49,117.93,55.91,37.7,0.0,0.0,1.59,0
20:39:27,546.8,0,2,2,141.04,128.45,117.89,55.9,37.69,0.0,0.0,1.56,0
20:39:27,546.9,0,2,2,141.0,128.42,117.86,55.89,37.69,0.0,0.0,1.53,0
20:39:27,547.0,0,2,2,140.96,128.38,117.83,55.88,37.68,0.0,0.0,1.5,0
20:39:27,547.0,0,2,2,140.93,128.35,117.8,55.87,37.68,0.0,0.0,1.47,0
20:39:27,547.1,0,2,2,140.89,128.31,117.77,55.86,37.68,0.0,0.0,1.44,0
20:39:27,547.1,0,2,2,140.85,128.28,117.74,55.85,37.67,0.0,0.0,1.42,0
20:39:27,547.2,0,2,2,140.81,128.24,117.71,55.84,37.67,0.0,0.0,1.39,0
20:39:27,547.2,0,2,2,140.77,128.21,117.67,55.83,37.66,0.0,0.0,1.36,0
20:39:27,547.3,0,2,2,140.73,128.17,117.64,55.82,37.66,0.0,0.0,1.33,0
20:39:27,547.3,0,2,2,140.69,128.14,117.61,55.81,37.65,0.0,0.0,1.3,0
20:39:27,547.4,0,2,2,140.65,128.1,117.58,55.8,37.65,0.0,0.0,1.27,0
20:39:27,547.5,0,2,2,140.61,128.07,117.55,55.79,37.65,0.0,0.0,1.24,0
20:39:27,547.5,0,2,2,140.56,128.02,117.51,55.78,37.64,0.0,0.0,1.21,0
20:39:27,547.6,0,2,2,140.52,127.99,117.48,55.77,37.64,0.0,0.0,1.18,0
20:39:27,547.6,0,2,2,140.48,127.95,117.44,55.75,37.63,0.0,0.0,1.15,0
20:39:28,547.7,0,2,2,140.44,127.91,117.41,55.74,37.63,0.0,0.0,1.12,0
20:39:28,547.7,0,2,2,140.4,127.88,117.38,55.73,37.62,0.0,0.0,1.1,0
20:39:28,547.8,0,2,2,140.36,127.84,117.35,55.72,37.62,0.0,0.0,1.07,0
20:39:28,547.8,0,2,2,140.31,127.8,117.31,55.71,37.61,0.0,0.0,1.04,0
20:39:28,547.9,0,2,2,140.27,127.77,117.28,55.7,37.61,0.0,0.0,1.01,0
20:39:28,548.0,0,2,2,140.22,127.72,117.24,55.69,37.6,0.0,0.0,0.98,0
20:39:28,548.0,0,2,2,140.19,127.69,117.21,55.68,37.6,0.0,0.0,0.95,0
20:39:28,548.1,0,2,2,140.13,127.64,117.17,55.66,37.59,0.0,0.0,0.92,0
20:39:28,548.1,0,2,2,140.1,127.61,117.14,55.65,37.59,0.0,0.0,0.89,0
20:39:28,548.2,0,2,2,140.06,127.57,117.1,55.64,37.58,0.0,0.0,0.86,0
20:39:28,548.3,0,2,2,140.01,127.53,117.07,55.63,37.58,0.0,0.0,0.83,0
20:39:28,548.3,0,2,2,139.97,127.49,117.03,55.62,37.58,0.0,0.0,0.81,0
20:39:28,548.4,0,2,2,139.93,127.46,117.0,55.61,37.57,0.0,0.0,0.78,0
20:39:28,548.4,0,2,2,139.89,127.42,116.97,55.6,37.57,0.0,0.0,0.75,0
20:39:28,548.5,0,2,2,139.84,127.38,116.93,55.59,37.56,0.0,0.0,0.72,0
20:39:28,548.6,0,2,2,139.8,127.34,116.9,55.57,37.56,0.0,0.0,0.69,0
20:39:29,548.6,0,2,2,139.76,127.3,116.86,55.56,37.55,0.0,0.0,0.66,0
20:39:29,548.7,0,2,2,139.71,127.26,116.83,55.55,37.55,0.0,0.0,0.63,0
20:39:29,548.7,0,2,2,139.67,127.22,116.79,55.54,37.54,0.0,0.0,0.6,0
20:39:29,548.8,0,2,2,139.63,127.19,116.76,55.53,37.54,0.0,0.0,0.57,0
20:39:29,548.9,0,2,2,139.59,127.15,116.73,55.52,37.53,0.0,0.0,0.55,0
20:39:29,548.9,0,2,2,139.54,127.11,116.69,55.51,37.53,0.0,0.0,0.52,0
20:39:29,549.0,0,2,2,139.5,127.08,116.66,55.5,37.52,0.0,0.0,0.49,0
20:39:29,549.0,0,2,2,139.46,127.04,116.62,55.48,37.52,0.0,0.0,0.46,0
20:39:29,549.1,0,2,2,139.41,127.0,116.59,55.47,37.51,0.0,0.0,0.43,0
20:39:29,549.1,0,2,2,139.37,126.96,116.56,55.46,37.51,0.0,0.0,0.4,0
20:39:29,549.2,0,2,2,139.34,126.93,116.53,55.45,37.51,0.0,0.0,0.37,0
20:39:29,549.3,0,2,2,139.29,126.88,116.49,55.44,37.5,0.0,0.0,0.34,0
20:39:29,549.3,0,2,2,139.25,126.85,116.46,55.43,37.5,0.0,0.0,0.31,0
20:39:29,549.4,0,2,2,139.21,126.81,116.43,55.42,37.49,0.0,0.0,0.29,0
20:39:29,549.4,0,2,2,139.17,126.78,116.39,55.41,37.49,0.0,0.0,0.26,0
20:39:29,549.5,0,2,2,139.12,126.74,116.36,55.4,37.48,0.0,0.0,0.23,0
20:39:29,549.6,0,2,2,139.09,126.71,116.33,55.38,37.48,0.0,0.0,0.2,0
20:39:30,549.6,0,2,2,139.02,126.65,116.28,55.37,37.47,0.0,0.0,0.17,0
20:39:30,549.7,0,2,2,138.99,126.62,116.25,55.36,37.47,0.0,0.0,0.14,0
20:39:30,549.7,0,2,2,138.94,126.58,116.21,55.35,37.46,0.0,0.0,0.11,0
20:39:30,549.8,0,2,2,138.91,126.55,116.18,55.34,37.46,0.0,0.0,0.09,0
20:39:30,549.9,0,2,2,138.84,126.49,116.13,55.32,37.45,0.0,0.0,0.06,0
20:39:30,549.9,0,2,2,138.8,126.46,116.1,55.31,37.45,0.0,0.0,0.03,0
20:39:30,550.0,0,2,2,138.76,126.42,116.07,55.3,37.44,0.0,0.0,0.0,0
20:39:30,550.1,0,2,2,138.72,126.38,116.03,55.29,37.44,0.0,0.0,0.0,0
20:39:30,550.1,0,2,2,138.67,126.34,116.0,55.28,37.43,0.0,0.0,0.0,0
20:39:30,550.2,0,2,2,138.64,126.31,115.97,55.27,37.43,0.0,0.0,0.0,0
20:39:30,550.2,0,2,2,138.59,126.26,115.93,55.25,37.43,0.0,0.0,0.0,0
20:39:30,550.3,0,2,2,138.55,126.23,115.9,55.24,37.42,0.0,0.0,0.0,0
20:39:30,550.4,0,2,2,138.51,126.19,115.86,55.23,37.42,0.0,0.0,0.0,0
20:39:30,550.4,0,2,2,138.46,126.15,115.83,55.22,37.41,0.0,0.0,0.0,0
20:39:30,550.5,0,2,2,138.42,126.11,115.8,55.21,37.41,0.0,0.0,0.0,0
20:39:30,550.5,0,2,2,138.38,126.08,115.77,55.2,37.4,0.0,0.0,0.0,0
20:39:30,550.6,0,2,2,138.34,126.05,115.74,55.19,37.4,0.0,0.0,0.0,0
20:39:31,550.6,0,2,2,138.3,126.01,115.7,55.18,37.39,0.0,0.0,0.0,0
20:39:31,550.7,0,2,2,138.26,125.97,115.67,55.17,37.39,0.0,0.0,0.0,0
20:39:31,550.8,0,2,2,138.22,125.94,115.64,55.16,37.39,0.0,0.0,0.0,0
20:39:31,550.8,0,2,2,138.18,125.9,115.6,55.14,37.38,0.0,0.0,0.0,0
20:39:31,550.9,0,2,2,138.14,125.86,115.57,55.13,37.38,0.0,0.0,0.0,0
20:39:31,550.9,0,2,2,138.1,125.82,115.54,55.12,37.37,0.0,0.0,0.0,0
20:39:31,551.0,0,2,2,138.06,125.79,115.51,55.11,37.37,0.0,0.0,0.0,0
20:39:31,551.1,0,2,2,138.01,125.75,115.47,55.1,37.36,0.0,0.0,0.0,0
20:39:31,551.1,0,2,2,137.97,125.71,115.43,55.09,37.36,0.0,0.0,0.0,0
20:39:31,551.2,0,2,2,137.93,125.67,115.4,55.08,37.35,0.0,0.0,0.0,0
20:39:31,551.2,0,2,2,137.88,125.63,115.36,55.06,37.35,0.0,0.0,0.0,0
20:39:31,551.3,0,2,2,137.83,125.59,115.33,55.05,37.34,0.0,0.0,0.0,0
20:39:31,551.4,0,2,2,137.79,125.56,115.3,55.04,37.34,0.0,0.0,0.0,0
20:39:31,551.4,0,2,2,137.75,125.51,115.26,55.03,37.33,0.0,0.0,0.0,0
20:39:31,551.5,0,2,2,137.71,125.48,115.23,55.02,37.33,0.0,0.0,0.0,0
20:39:31,551.5,0,2,2,137.67,125.44,115.19,55.01,37.33,0.0,0.0,0.0,0
20:39:31,551.6,0,2,2,137.63,125.41,115.16,55.0,37.32,0.0,0.0,0.0,0
20:39:32,551.7,0,2,2,137.57,125.36,115.12,54.98,37.31,0.0,0.0,0.0,0
20:39:32,551.7,0,2,2,137.53,125.32,115.09,54.97,37.31,0.0,0.0,0.0,0
20:39:32,551.8,0,2,2,137.49,125.29,115.05,54.96,37.31,0.0,0.0,0.0,0
20:39:32,551.9,0,2,2,137.44,125.24,115.01,54.95,37.3,0.0,0.0,0.0,0
20:39:32,551.9,0,2,2,137.4,125.2,114.98,54.94,37.3,0.0,0.0,0.0,0
20:39:32,552.0,0,2,2,137.36,125.17,114.95,54.93,37.29,0.0,0.0,0.0,0
20:39:32,552.0,0,2,2,137.32,125.13,114.92,54.92,37.29,0.0,0.0,0.0,0
20:39:32,552.1,0,2,2,137.28,125.1,114.88,54.91,37.28,0.0,0.0,0.0,0
20:39:32,552.1,0,2,2,137.24,125.06,114.85,54.89,37.28,0.0,0.0,0.0,0
20:39:32,552.2,0,2,2,137.2,125.03,114.82,54.88,37.27,0.0,0.0,0.0,0
20:39:32,552.3,0,2,2,137.15,124.98,114.78,54.87,37.27,0.0,0.0,0.0,0
20:39:32,552.3,0,2,2,137.11,124.95,114.75,54.86,37.26,0.0,0.0,0.0,0
20:39:32,552.4,0,2,2,137.08,124.92,114.72,54.85,37.26,0.0,0.0,0.0,0
20:39:32,552.4,0,2,2,137.03,124.87,114.68,54.84,37.26,0.0,0.0,0.0,0
20:39:32,552.5,0,2,2,136.98,124.83,114.65,54.83,37.25,0.0,0.0,0.0,0
20:39:32,552.6,0,2,2,136.95,124.8,114.62,54.82,37.25,0.0,0.0,0.0,0
20:39:32,552.6,0,2,2,136.91,124.77,114.59,54.81,37.24,0.0,0.0,0.0,0
20:39:33,552.7,0,2,2,136.86,124.72,114.55,54.8,37.24,0.0,0.0,0.0,0
20:39:33,552.7,0,2,2,136.82,124.69,114.51,54.78,37.23,0.0,0.0,0.0,0
20:39:33,552.8,0,2,2,136.78,124.65,114.48,54.77,37.23,0.0,0.0,0.0,0
20:39:33,552.9,0,2,2,136.73,124.61,114.44,54.76,37.22,0.0,0.0,0.0,0
20:39:33,552.9,0,2,2,136.69,124.57,114.41,54.75,37.22,0.0,0.0,0.0,0
20:39:33,553.0,0,2,2,136.65,124.54,114.38,54.74,37.21,0.0,0.0,0.0,0
20:39:33,553.0,0,2,2,136.6,124.5,114.34,54.73,37.21,0.0,0.0,0.0,0
20:39:33,553.1,0,2,2,136.56,124.46,114.31,54.72,37.21,0.0,0.0,0.0,0
20:39:33,553.2,0,2,2,136.53,124.43,114.28,54.71,37.2,0.0,0.0,0.0,0
20:39:33,553.2,0,2,2,136.48,124.38,114.24,54.69,37.2,0.0,0.0,0.0,0
20:39:33,553.3,0,2,2,136.44,124.35,114.21,54.68,37.19,0.0,0.0,0.0,0
20:39:33,553.3,0,2,2,136.4,124.31,114.18,54.67,37.19,0.0,0.0,0.0,0
20:39:33,553.4,0,2,2,136.36,124.28,114.15,54.66,37.18,0.0,0.0,0.0,0
20:39:33,553.5,0,2,2,136.31,124.23,114.11,54.65,37.18,0.0,0.0,0.0,0
20:39:33,553.5,0,2,2,136.27,124.2,114.08,54.64,37.17,0.0,0.0,0.0,0
20:39:33,553.6,0,2,2,136.23,124.16,114.04,54.63,37.17,0.0,0.0,0.0,0
20:39:34,553.7,0,2,2,136.19,124.13,114.01,54.62,37.16,0.0,0.0,0.0,0
20:39:34,553.7,0,2,2,136.14,124.08,113.97,54.6,37.16,0.0,0.0,0.0,0
20:39:34,553.8,0,2,2,136.1,124.05,113.94,54.59,37.15,0.0,0.0,0.0,0
20:39:34,553.8,0,2,2,136.05,124.0,113.9,54.58,37.15,0.0,0.0,0.0,0
20:39:34,553.9,0,2,2,136.01,123.97,113.87,54.57,37.15,0.0,0.0,0.0,0
20:39:34,553.9,0,2,2,135.97,123.93,113.84,54.56,37.14,0.0,0.0,0.0,0
20:39:34,554.0,0,2,2,135.94,123.9,113.81,54.55,37.14,0.0,0.0,0.0,0
20:39:34,554.1,0,2,2,135.89,123.86,113.77,54.54,37.13,0.0,0.0,0.0,0
20:39:34,554.1,0,2,2,135.85,123.82,113.74,54.53,37.13,0.0,0.0,0.0,0
20:39:34,554.2,0,2,2,135.81,123.79,113.71,54.52,37.12,0.0,0.0,0.0,0
20:39:34,554.2,0,2,2,135.77,123.76,113.68,54.51,37.12,0.0,0.0,0.0,0
20:39:34,554.3,0,2,2,135.73,123.72,113.65,54.5,37.11,0.0,0.0,0.0,0
20:39:34,554.3,0,2,2,135.7,123.69,113.62,54.49,37.11,0.0,0.0,0.0,0
20:39:34,554.4,0,2,2,135.66,123.65,113.59,54.48,37.11,0.0,0.0,0.0,0
20:39:34,554.5,0,2,2,135.62,123.62,113.56,54.47,37.1,0.0,0.0,0.0,0
20:39:34,554.5,0,2,2,135.58,123.58,113.52,54.45,37.1,0.0,0.0,0.0,0
20:39:34,554.6,0,2,2,135.54,123.55,113.49,54.45,37.09,0.0,0.0,0.0,0
20:39:34,554.6,0,2,2,135.5,123.51,113.46,54.43,37.09,0.0,0.0,0.0,0
20:39:35,554.7,0,2,2,135.46,123.48,113.43,54.42,37.09,0.0,0.0,0.0,0
20:39:35,554.7,0,2,2,135.43,123.45,113.4,54.41,37.08,0.0,0.0,0.0,0
20:39:35,554.8,0,2,2,135.39,123.41,113.37,54.4,37.08,0.0,0.0,0.0,0
20:39:35,554.8,0,2,2,135.35,123.38,113.34,54.39,37.07,0.0,0.0,0.0,0
20:39:35,554.9,0,2,2,135.31,123.35,113.31,54.38,37.07,0.0,0.0,0.0,0
20:39:35,554.9,0,2,2,135.27,123.31,113.28,54.37,37.06,0.0,0.0,0.0,0
20:39:35,555.0,0,2,2,135.24,123.28,113.25,54.36,37.06,0.0,0.0,0.0,0
20:39:35,555.1,0,2,2,135.2,123.24,113.22,54.35,37.06,0.0,0.0,0.0,0
20:39:35,555.1,0,2,2,135.16,123.21,113.19,54.34,37.05,0.0,0.0,0.0,0
20:39:35,555.2,0,2,2,135.12,123.17,113.16,54.33,37.05,0.0,0.0,0.0,0
20:39:35,555.2,0,2,2,135.09,123.14,113.13,54.32,37.04,0.0,0.0,0.0,0
20:39:35,555.3,0,2,2,135.05,123.11,113.1,54.31,37.04,0.0,0.0,0.0,0
20:39:35,555.3,0,2,2,135.01,123.07,113.07,54.3,37.04,0.0,0.0,0.0,0
20:39:35,555.4,0,2,2,134.97,123.04,113.04,54.29,37.03,0.0,0.0,0.0,0
20:39:35,555.4,0,2,2,134.94,123.01,113.01,54.28,37.03,0.0,0.0,0.0,0
20:39:35,555.5,0,2,2,134.9,122.97,112.98,54.27,37.02,0.0,0.0,0.0,0
20:39:35,555.5,0,2,2,134.86,122.94,112.95,54.26,37.02,0.0,0.0,0.0,0
20:39:35,555.6,0,2,2,134.82,122.91,112.92,54.25,37.02,0.0,0.0,0.0,0
20:39:36,555.7,0,2,2,134.79,122.88,112.89,54.25,37.01,0.0,0.0,0.0,0
20:39:36,555.7,0,2,2,134.75,122.84,112.86,54.23,37.01,0.0,0.0,0.0,0
20:39:36,555.8,0,2,2,134.71,122.81,112.83,54.23,37.0,0.0,0.0,0.0,0
20:39:36,555.8,0,2,2,134.67,122.78,112.8,54.22,37.0,0.0,0.0,0.0,0
20:39:36,555.9,0,2,2,134.64,122.74,112.77,54.21,37.0,0.0,0.0,0.0,0
20:39:36,555.9,0,2,2,134.6,122.71,112.74,54.2,36.99,0.0,0.0,0.0,0
20:39:36,556.0,0,2,2,134.56,122.68,112.71,54.19,36.99,0.0,0.0,0.0,0
20:39:36,556.0,0,2,2,134.52,122.64,112.68,54.18,36.98,0.0,0.0,0.0,0
20:39:36,556.1,0,2,2,134.49,122.61,112.65,54.17,36.98,0.0,0.0,0.0,0
20:39:36,556.1,0,2,2,134.45,122.57,112.62,54.16,36.97,0.0,0.0,0.0,0
20:39:36,556.2,0,2,2,134.41,122.54,112.59,54.15,36.97,0.0,0.0,0.0,0
20:39:36,556.2,0,2,2,134.37,122.51,112.56,54.14,36.97,0.0,0.0,0.0,0
20:39:36,556.3,0,2,2,134.34,122.48,112.53,54.13,36.96,0.0,0.0,0.0,0
20:39:36,556.4,0,2,2,134.3,122.44,112.5,54.12,36.96,0.0,0.0,0.0,0
20:39:36,556.4,0,2,2,134.26,122.41,112.47,54.11,36.95,0.0,0.0,0.0,0
20:39:36,556.5,0,2,2,134.23,122.38,112.44,54.1,36.95,0.0,0.0,0.0,0
20:39:36,556.5,0,2,2,134.19,122.34,112.41,54.09,36.95,0.0,0.0,0.0,0
20:39:36,556.6,0,2,2,134.15,122.31,112.38,54.08,36.94,0.0,0.0,0.0,0
20:39:37,556.6,0,2,2,134.12,122.28,112.36,54.07,36.94,0.0,0.0,0.0,0
20:39:37,556.7,0,2,2,134.08,122.24,112.32,54.06,36.93,0.0,0.0,0.0,0
20:39:37,556.7,0,2,2,134.04,122.21,112.29,54.05,36.93,0.0,0.0,0.0,0
20:39:37,556.8,0,2,2,134.0,122.18,112.26,54.04,36.93,0.0,0.0,0.0,0
20:39:37,556.8,0,2,2,133.97,122.14,112.23,54.03,36.92,0.0,0.0,0.0,0
20:39:37,556.9,0,2,2,133.93,122.11,112.2,54.02,36.92,0.0,0.0,0.0,0
20:39:37,557.0,0,2,2,133.89,122.08,112.18,54.01,36.91,0.0,0.0,0.0,0
20:39:37,557.0,0,2,2,133.85,122.04,112.14,54.0,36.91,0.0,0.0,0.0,0
20:39:37,557.1,0,2,2,133.81,122.01,112.11,53.99,36.91,0.0,0.0,0.0,0
20:39:37,557.1,0,2,2,133.78,121.98,112.08,53.98,36.9,0.0,0.0,0.0,0
20:39:37,557.2,0,2,2,133.74,121.95,112.06,53.97,36.9,0.0,0.0,0.0,0
20:39:37,557.2,0,2,2,133.7,121.91,112.02,53.96,36.89,0.0,0.0,0.0,0
20:39:37,557.3,0,2,2,133.67,121.88,111.99,53.95,36.89,0.0,0.0,0.0,0
20:39:37,557.3,0,2,2,133.63,121.85,111.97,53.94,36.89,0.0,0.0,0.0,0
20:39:37,557.4,0,2,2,133.59,121.81,111.94,53.93,36.88,0.0,0.0,0.0,0
20:39:37,557.4,0,2,2,133.56,121.78,111.91,53.92,36.88,0.0,0.0,0.0,0
20:39:37,557.5,0,2,2,133.52,121.75,111.88,53.91,36.87,0.0,0.0,0.0,0
20:39:37,557.5,0,2,2,133.48,121.72,111.85,53.9,36.87,0.0,0.0,0.0,0
20:39:37,557.6,0,2,2,133.45,121.68,111.82,53.89,36.87,0.0,0.0,0.0,0
20:39:38,557.7,0,2,2,133.41,121.65,111.79,53.88,36.86,0.0,0.0,0.0,0
20:39:38,557.7,0,2,2,133.37,121.62,111.76,53.87,36.86,0.0,0.0,0.0,0
20:39:38,557.8,0,2,2,133.34,121.59,111.73,53.86,36.85,0.0,0.0,0.0,0
20:39:38,557.8,0,2,2,133.3,121.55,111.7,53.85,36.85,0.0,0.0,0.0,0
20:39:38,557.9,0,2,2,133.26,121.52,111.67,53.84,36.85,0.0,0.0,0.0,0
20:39:38,557.9,0,2,2,133.22,121.48,111.64,53.83,36.84,0.0,0.0,0.0,0
20:39:38,558.0,0,2,2,133.18,121.45,111.61,53.82,36.84,0.0,0.0,0.0,0
20:39:38,558.0,0,2,2,133.15,121.42,111.58,53.81,36.83,0.0,0.0,0.0,0
20:39:38,558.1,0,2,2,133.11,121.38,111.55,53.8,36.83,0.0,0.0,0.0,0
20:39:38,558.1,0,2,2,133.08,121.35,111.52,53.79,36.83,0.0,0.0,0.0,0
20:39:38,558.2,0,2,2,133.04,121.32,111.49,53.78,36.82,0.0,0.0,0.0,0
20:39:38,558.3,0,2,2,133.0,121.29,111.46,53.77,36.82,0.0,0.0,0.0,0
20:39:38,558.3,0,2,2,132.97,121.25,111.43,53.76,36.81,0.0,0.0,0.0,0
20:39:38,558.4,0,2,2,132.93,121.22,111.41,53.75,36.81,0.0,0.0,0.0,0
20:39:38,558.4,0,2,2,132.89,121.19,111.37,53.74,36.81,0.0,0.0,0.0,0
20:39:38,558.5,0,2,2,132.85,121.15,111.34,53.73,36.8,0.0,0.0,0.0,0
20:39:38,558.5,0,2,2,132.81,121.12,111.31,53.72,36.8,0.0,0.0,0.0,0
20:39:38,558.6,0,2,2,132.78,121.09,111.28,53.71,36.79,0.0,0.0,0.0,0
20:39:39,558.6,0,2,2,132.74,121.05,111.25,53.7,36.79,0.0,0.0,0.0,0
20:39:39,558.7,0,2,2,132.7,121.02,111.22,53.69,36.78,0.0,0.0,0.0,0
20:39:39,558.7,0,2,2,132.67,120.99,111.2,53.68,36.78,0.0,0.0,0.0,0
20:39:39,558.8,0,2,2,132.63,120.96,111.17,53.67,36.78,0.0,0.0,0.0,0
20:39:39,558.9,0,2,2,132.59,120.92,111.13,53.66,36.77,0.0,0.0,0.0,0
20:39:39,558.9,0,2,2,132.56,120.89,111.11,53.65,36.77,0.0,0.0,0.0,0
20:39:39,559.0,0,2,2,132.52,120.85,111.07,53.64,36.76,0.0,0.0,0.0,0
20:39:39,559.0,0,2,2,132.48,120.82,111.04,53.63,36.76,0.0,0.0,0.0,0
20:39:39,559.1,0,2,2,132.44,120.78,111.01,53.62,36.76,0.0,0.0,0.0,0
20:39:39,559.1,0,2,2,132.4,120.75,110.98,53.61,36.75,0.0,0.0,0.0,0
20:39:39,559.2,0,2,2,132.36,120.72,110.95,53.6,36.75,0.0,0.0,0.0,0
20:39:39,559.2,0,2,2,132.33,120.69,110.92,53.59,36.74,0.0,0.0,0.0,0
20:39:39,559.3,0,2,2,132.29,120.65,110.89,53.58,36.74,0.0,0.0,0.0,0
20:39:39,559.4,0,2,2,132.26,120.62,110.87,53.57,36.74,0.0,0.0,0.0,0
20:39:39,559.4,0,2,2,132.21,120.58,110.83,53.56,36.73,0.0,0.0,0.0,0
20:39:39,559.5,0,2,2,132.18,120.55,110.8,53.55,36.73,0.0,0.0,0.0,0
20:39:39,559.5,0,2,2,132.14,120.52,110.77,53.54,36.72,0.0,0.0,0.0,0
20:39:39,559.6,0,2,2,132.1,120.49,110.74,53.53,36.72,0.0,0.0,0.0,0
20:39:40,559.6,0,2,2,132.06,120.45,110.71,53.52,36.72,0.0,0.0,0.0,0
20:39:40,559.7,0,2,2,132.03,120.42,110.68,53.51,36.71,0.0,0.0,0.0,0
20:39:40,559.7,0,2,2,131.99,120.38,110.65,53.5,36.71,0.0,0.0,0.0,0
20:39:40,559.8,0,2,2,131.95,120.35,110.62,53.49,36.7,0.0,0.0,0.0,0
20:39:40,559.9,0,2,2,131.91,120.32,110.59,53.48,36.7,0.0,0.0,0.0,0
20:39:40,559.9,0,2,2,131.88,120.29,110.57,53.47,36.7,0.0,0.0,0.0,0
20:39:40,560.0,0,2,2,131.84,120.25,110.53,53.46,36.69,0.0,0.0,0.0,0
20:39:40,560.0,0,2,2,131.81,120.22,110.51,53.45,36.69,0.0,0.0,0.0,0
20:39:40,560.1,0,2,2,131.77,120.19,110.48,53.44,36.68,0.0,0.0,0.0,0
20:39:40,560.1,0,2,2,131.74,120.16,110.45,53.44,36.68,0.0,0.0,0.0,0
20:39:40,560.2,0,2,2,131.7,120.12,110.42,53.43,36.68,0.0,0.0,0.0,0
20:39:40,560.2,0,2,2,131.66,120.09,110.39,53.42,36.67,0.0,0.0,0.0,0
20:39:40,560.3,0,2,2,131.63,120.06,110.36,53.41,36.67,0.0,0.0,0.0,0
20:39:40,560.3,0,2,2,131.59,120.03,110.34,53.4,36.66,0.0,0.0,0.0,0
20:39:40,560.4,0,2,2,131.56,120.0,110.31,53.39,36.66,0.0,0.0,0.0,0
20:39:40,560.5,0,2,2,131.52,119.96,110.28,53.38,36.66,0.0,0.0,0.0,0
20:39:40,560.5,0,2,2,131.48,119.93,110.25,53.37,36.65,0.0,0.0,0.0,0
20:39:40,560.6,0,2,2,131.44,119.9,110.22,53.36,36.65,0.0,0.0,0.0,0
20:39:40,560.6,0,2,2,131.41,119.86,110.19,53.35,36.64,0.0,0.0,0.0,0
20:39:41,560.7,0,2,2,131.37,119.83,110.16,53.34,36.64,0.0,0.0,0.0,0
20:39:41,560.7,0,2,2,131.32,119.79,110.12,53.33,36.63,0.0,0.0,0.0,0
20:39:41,560.8,0,2,2,131.29,119.76,110.09,53.32,36.63,0.0,0.0,0.0,0
20:39:41,560.8,0,2,2,131.25,119.73,110.06,53.31,36.63,0.0,0.0,0.0,0
20:39:41,560.9,0,2,2,131.22,119.69,110.03,53.3,36.62,0.0,0.0,0.0,0
20:39:41,561.0,0,2,2,131.17,119.66,110.0,53.29,36.62,0.0,0.0,0.0,0
20:39:41,561.0,0,2,2,131.14,119.62,109.97,53.28,36.61,0.0,0.0,0.0,0
20:39:41,561.1,0,2,2,131.1,119.59,109.94,53.27,36.61,0.0,0.0,0.0,0
20:39:41,561.1,0,2,2,131.07,119.56,109.91,53.26,36.61,0.0,0.0,0.0,0
20:39:41,561.2,0,2,2,131.03,119.53,109.89,53.25,36.6,0.0,0.0,0.0,0
20:39:41,561.2,0,2,2,130.99,119.5,109.86,53.24,36.6,0.0,0.0,0.0,0
20:39:41,561.3,0,2,2,130.96,119.47,109.83,53.23,36.59,0.0,0.0,0.0,0
20:39:41,561.3,0,2,2,130.92,119.43,109.8,53.22,36.59,0.0,0.0,0.0,0
20:39:41,561.4,0,2,2,130.89,119.4,109.77,53.21,36.59,0.0,0.0,0.0,0
20:39:41,561.5,0,2,2,130.85,119.37,109.74,53.2,36.58,0.0,0.0,0.0,0
20:39:41,561.5,0,2,2,130.81,119.34,109.71,53.19,36.58,0.0,0.0,0.0,0
20:39:41,561.6,0,2,2,130.78,119.3,109.68,53.18,36.58,0.0,0.0,0.0,0
20:39:41,561.6,0,2,2,130.74,119.27,109.66,53.17,36.57,0.0,0.0,0.0,0
20:39:42,561.7,0,2,2,130.71,119.24,109.63,53.16,36.57,0.0,0.0,0.0,0
20:39:42,561.7,0,2,2,130.67,119.21,109.6,53.15,36.56,0.0,0.0,0.0,0
20:39:42,561.8,0,2,2,130.64,119.18,109.57,53.14,36.56,0.0,0.0,0.0,0
20:39:42,561.8,0,2,2,130.6,119.15,109.54,53.13,36.56,0.0,0.0,0.0,0
20:39:42,561.9,0,2,2,130.56,119.11,109.51,53.12,36.55,0.0,0.0,0.0,0
20:39:42,561.9,0,2,2,130.53,119.08,109.48,53.11,36.55,0.0,0.0,0.0,0
20:39:42,562.0,0,2,2,130.49,119.05,109.45,53.1,36.54,0.0,0.0,0.0,0
20:39:42,562.1,0,2,2,130.46,119.02,109.43,53.1,36.54,0.0,0.0,0.0,0
20:39:42,562.1,0,2,2,130.42,118.98,109.39,53.08,36.54,0.0,0.0,0.0,0
20:39:42,562.2,0,2,2,130.38,118.95,109.37,53.08,36.53,0.0,0.0,0.0,0
20:39:42,562.2,0,2,2,130.35,118.92,109.34,53.07,36.53,0.0,0.0,0.0,0
20:39:42,562.3,0,2,2,130.31,118.89,109.31,53.06,36.52,0.0,0.0,0.0,0
20:39:42,562.3,0,2,2,130.27,118.85,109.28,53.05,36.52,0.0,0.0,0.0,0
20:39:42,562.4,0,2,2,130.24,118.82,109.25,53.04,36.52,0.0,0.0,0.0,0
20:39:42,562.4,0,2,2,130.2,118.79,109.22,53.03,36.51,0.0,0.0,0.0,0
20:39:42,562.5,0,2,2,130.16,118.76,109.19,53.02,36.51,0.0,0.0,0.0,0
20:39:42,562.5,0,2,2,130.13,118.73,109.17,53.01,36.5,0.0,0.0,0.0,0
20:39:42,562.6,0,2,2,130.09,118.7,109.14,53.0,36.5,0.0,0.0,0.0,0
20:39:43,562.6,0,2,2,130.06,118.66,109.11,52.99,36.5,0.0,0.0,0.0,0
20:39:43,562.7,0,2,2,130.02,118.63,109.08,52.98,36.49,0.0,0.0,0.0,0
20:39:43,562.7,0,2,2,129.99,118.6,109.05,52.97,36.49,0.0,0.0,0.0,0
20:39:43,562.8,0,2,2,129.95,118.57,109.02,52.96,36.49,0.0,0.0,0.0,0
20:39:43,562.9,0,2,2,129.92,118.54,108.99,52.95,36.48,0.0,0.0,0.0,0
20:39:43,562.9,0,2,2,129.88,118.51,108.97,52.94,36.48,0.0,0.0,0.0,0
20:39:43,563.0,0,2,2,129.85,118.47,108.94,52.93,36.47,0.0,0.0,0.0,0
20:39:43,563.0,0,2,2,129.81,118.44,108.91,52.92,36.47,0.0,0.0,0.0,0
20:39:43,563.1,0,2,2,129.78,118.41,108.88,52.91,36.47,0.0,0.0,0.0,0
20:39:43,563.1,0,2,2,129.74,118.38,108.85,52.91,36.46,0.0,0.0,0.0,0
20:39:43,563.2,0,2,2,129.7,118.35,108.83,52.9,36.46,0.0,0.0,0.0,0
20:39:43,563.2,0,2,2,129.67,118.31,108.79,52.89,36.45,0.0,0.0,0.0,0
20:39:43,563.3,0,2,2,129.63,118.28,108.77,52.88,36.45,0.0,0.0,0.0,0
20:39:43,563.3,0,2,2,129.6,118.25,108.74,52.87,36.45,0.0,0.0,0.0,0
20:39:43,563.4,0,2,2,129.56,118.22,108.71,52.86,36.44,0.0,0.0,0.0,0
20:39:43,563.5,0,2,2,129.52,118.19,108.68,52.85,36.44,0.0,0.0,0.0,0
20:39:43,563.5,0,2,2,129.49,118.16,108.65,52.84,36.43,0.0,0.0,0.0,0
20:39:43,563.6,0,2,2,129.45,118.12,108.62,52.83,36.43,0.0,0.0,0.0,0
20:39:43,563.6,0,2,2,129.42,118.09,108.6,52.82,36.43,0.0,0.0,0.0,0
20:39:44,563.7,0,2,2,129.38,118.06,108.57,52.81,36.42,0.0,0.0,0.0,0
20:39:44,563.7,0,2,2,129.35,118.03,108.54,52.8,36.42,0.0,0.0,0.0,0
20:39:44,563.8,0,2,2,129.31,117.99,108.51,52.79,36.42,0.0,0.0,0.0,0
20:39:44,563.8,0,2,2,129.27,117.96,108.48,52.78,36.41,0.0,0.0,0.0,0
20:39:44,563.9,0,2,2,129.24,117.93,108.45,52.77,36.41,0.0,0.0,0.0,0
20:39:44,564.0,0,2,2,129.2,117.89,108.42,52.76,36.4,0.0,0.0,0.0,0
20:39:44,564.0,0,2,2,129.16,117.86,108.39,52.75,36.4,0.0,0.0,0.0,0
20:39:44,564.1,0,2,2,129.13,117.83,108.36,52.74,36.4,0.0,0.0,0.0,0
20:39:44,564.1,0,2,2,129.09,117.8,108.33,52.73,36.39,0.0,0.0,0.0,0
20:39:44,564.2,0,2,2,129.05,117.77,108.3,52.72,36.39,0.0,0.0,0.0,0
20:39:44,564.2,0,2,2,129.02,117.74,108.28,52.71,36.38,0.0,0.0,0.0,0
20:39:44,564.3,0,2,2,128.98,117.71,108.25,52.71,36.38,0.0,0.0,0.0,0
20:39:44,564.3,0,2,2,128.95,117.67,108.22,52.7,36.38,0.0,0.0,0.0,0
20:39:44,564.4,0,2,2,128.91,117.64,108.19,52.69,36.37,0.0,0.0,0.0,0
20:39:44,564.4,0,2,2,128.88,117.61,108.17,52.68,36.37,0.0,0.0,0.0,0
20:39:44,564.5,0,2,2,128.84,117.58,108.14,52.67,36.36,0.0,0.0,0.0,0
20:39:44,564.5,0,2,2,128.81,117.55,108.11,52.66,36.36,0.0,0.0,0.0,0
20:39:44,564.6,0,2,2,128.77,117.52,108.08,52.65,36.36,0.0,0.0,0.0,0
